{
  "route": {
    "ct_course": [
      {
        "table_name": "ct_course",
        "sort_order": 0,
        "label": "ct_course",
        "type": "default",
        "active": true
      }
    ],
    "ct_student": [
      {
        "table_name": "ct_student",
        "sort_order": 0,
        "label": "ct_student",
        "type": "default",
        "active": true
      },
      {
        "table_name": "ct_student_batch",
        "sort_order": 1,
        "label": "ct_student_batch",
        "type": "default",
        "active": true
      }
    ],
    "user": [
      {
        "table_name": "user",
        "sort_order": 0,
        "label": "user",
        "type": "default",
        "active": true
      }
    ]
  },
  "sub_form": [
    {
      "ct_course": "ct_batch"
    },
    {
      "ct_course": "ct_couse_use"
    },
    {
      "ct_course": "ct_topic"
    },
    {
      "ct_student": "ct_payment"
    }
  ],
  "page": [
    {
      "file_name": "ct_batch",
      "route_controller": "ct_batch",
      "table_type": [
        "link_master"
      ],
      "table_name": "ct_batch",
      "sub_form": "ct_course",
      "group_root": "",
      "component": [
        {
          "component_name": "",
          "acl": {
            "acl_op": "default",
            "active": true
          },
          "active": false
        },
        {
          "component_name": "form_def",
          "acl": {
            "acl_op": "default",
            "active": true
          },
          "active": true
        },
        {
          "component_name": "filter_def",
          "acl": {
            "acl_op": "default",
            "active": true
          },
          "active": true
        },
        {
          "component_name": "pagination_def",
          "acl": {
            "acl_op": "default",
            "active": true
          },
          "active": true
        },
        {
          "component_name": "table_def",
          "acl": {
            "acl_op": "default",
            "active": true
          },
          "active": true
        }
      ]
    },
    {
      "file_name": "ct_course",
      "route_controller": "ct_course",
      "table_type": [],
      "table_name": "ct_course",
      "group_root": "",
      "component": [
        {
          "component_name": "",
          "acl": {
            "acl_op": "default",
            "active": true
          },
          "active": false
        },
        {
          "component_name": "form_def",
          "acl": {
            "acl_op": "default",
            "active": true
          },
          "active": true
        },
        {
          "component_name": "filter_def",
          "acl": {
            "acl_op": "default",
            "active": true
          },
          "active": true
        },
        {
          "component_name": "pagination_def",
          "acl": {
            "acl_op": "default",
            "active": true
          },
          "active": true
        },
        {
          "component_name": "table_def",
          "acl": {
            "acl_op": "default",
            "active": true
          },
          "active": true
        }
      ]
    },
    {
      "file_name": "ct_couse_use",
      "route_controller": "ct_couse_use",
      "table_type": [],
      "table_name": "ct_couse_use",
      "sub_form": "ct_course",
      "group_root": "",
      "component": [
        {
          "component_name": "",
          "acl": {
            "acl_op": "default",
            "active": true
          },
          "active": false
        },
        {
          "component_name": "form_def",
          "acl": {
            "acl_op": "default",
            "active": true
          },
          "active": true
        },
        {
          "component_name": "filter_def",
          "acl": {
            "acl_op": "default",
            "active": true
          },
          "active": true
        },
        {
          "component_name": "pagination_def",
          "acl": {
            "acl_op": "default",
            "active": true
          },
          "active": true
        },
        {
          "component_name": "table_def",
          "acl": {
            "acl_op": "default",
            "active": true
          },
          "active": true
        }
      ]
    },
    {
      "file_name": "ct_payment",
      "route_controller": "ct_payment",
      "table_type": [],
      "table_name": "ct_payment",
      "sub_form": "ct_student",
      "group_root": "",
      "component": [
        {
          "component_name": "",
          "acl": {
            "acl_op": "default",
            "active": true
          },
          "active": false
        },
        {
          "component_name": "form_def",
          "acl": {
            "acl_op": "default",
            "active": true
          },
          "active": true
        },
        {
          "component_name": "filter_def",
          "acl": {
            "acl_op": "default",
            "active": true
          },
          "active": true
        },
        {
          "component_name": "pagination_def",
          "acl": {
            "acl_op": "default",
            "active": true
          },
          "active": true
        },
        {
          "component_name": "table_def",
          "acl": {
            "acl_op": "default",
            "active": true
          },
          "active": true
        }
      ]
    },
    {
      "file_name": "ct_student",
      "route_controller": "ct_student",
      "table_type": [],
      "table_name": "ct_student",
      "group_root": "",
      "component": [
        {
          "component_name": "",
          "acl": {
            "acl_op": "default",
            "active": true
          },
          "active": false
        },
        {
          "component_name": "form_def",
          "acl": {
            "acl_op": "default",
            "active": true
          },
          "active": true
        },
        {
          "component_name": "filter_def",
          "acl": {
            "acl_op": "default",
            "active": true
          },
          "active": true
        },
        {
          "component_name": "pagination_def",
          "acl": {
            "acl_op": "default",
            "active": true
          },
          "active": true
        },
        {
          "component_name": "table_def",
          "acl": {
            "acl_op": "default",
            "active": true
          },
          "active": true
        }
      ]
    },
    {
      "file_name": "ct_student_batch",
      "route_controller": "ct_student_batch",
      "table_type": [
        "link_table"
      ],
      "table_name": "ct_student_batch",
      "group_root": "",
      "component": [
        {
          "component_name": "",
          "acl": {
            "acl_op": "default",
            "active": true
          },
          "active": false
        },
        {
          "component_name": "form_def",
          "acl": {
            "acl_op": "default",
            "active": true
          },
          "active": true
        },
        {
          "component_name": "filter_def",
          "acl": {
            "acl_op": "default",
            "active": true
          },
          "active": true
        },
        {
          "component_name": "pagination_def",
          "acl": {
            "acl_op": "default",
            "active": true
          },
          "active": true
        },
        {
          "component_name": "table_def",
          "acl": {
            "acl_op": "default",
            "active": true
          },
          "active": true
        }
      ]
    },
    {
      "file_name": "ct_topic",
      "route_controller": "ct_topic",
      "table_type": [],
      "table_name": "ct_topic",
      "sub_form": "ct_course",
      "group_root": "",
      "component": [
        {
          "component_name": "",
          "acl": {
            "acl_op": "default",
            "active": true
          },
          "active": false
        },
        {
          "component_name": "form_def",
          "acl": {
            "acl_op": "default",
            "active": true
          },
          "active": true
        },
        {
          "component_name": "filter_def",
          "acl": {
            "acl_op": "default",
            "active": true
          },
          "active": true
        },
        {
          "component_name": "pagination_def",
          "acl": {
            "acl_op": "default",
            "active": true
          },
          "active": true
        },
        {
          "component_name": "table_def",
          "acl": {
            "acl_op": "default",
            "active": true
          },
          "active": true
        }
      ]
    },
    {
      "file_name": "user",
      "route_controller": "user",
      "table_type": [
        "acl_table"
      ],
      "table_name": "user",
      "group_root": "",
      "component": [
        {
          "component_name": "",
          "acl": {
            "acl_op": "default",
            "active": true
          },
          "active": false
        },
        {
          "component_name": "form_def",
          "acl": {
            "acl_op": "default",
            "active": true
          },
          "active": true
        },
        {
          "component_name": "filter_def",
          "acl": {
            "acl_op": "default",
            "active": true
          },
          "active": true
        },
        {
          "component_name": "pagination_def",
          "acl": {
            "acl_op": "default",
            "active": true
          },
          "active": true
        },
        {
          "component_name": "table_def",
          "acl": {
            "acl_op": "default",
            "active": true
          },
          "active": true
        }
      ]
    }
  ]
}