{"entity_type":"sql_table","folder_name":"app_one/scaffold","file_name":"health4all_follow_up","extension":".json","table_type":"link_table","app_name":"app_one","db":"health4all","table_name":"follow_up","ops":[{"op_name":"","params":{}}],"table_columns":[{"column_type":"int","column_size":"11","column_key":"PRI","column_name":"follow_up_id","table_name":"follow_up","column_label":"Follow Up Id","db":"health4all","column_comment":""},{"column_type":"int","column_size":"11","column_key":"","column_name":"visit_id","table_name":"follow_up","column_label":"Visit Id","db":"health4all","column_comment":""},{"column_type":"int","column_size":"11","column_key":"","column_name":"follow_up_status_id","table_name":"follow_up","column_label":"Follow Up Status Id","db":"health4all","column_comment":""},{"column_type":"text","column_key":"","column_name":"follow_up_note","table_name":"follow_up","column_label":"Follow Up Note","db":"health4all","column_comment":""},{"column_type":"int","column_size":"11","column_key":"","column_name":"staff_id","table_name":"follow_up","column_label":"Staff Id","db":"health4all","column_comment":""},{"column_type":"datetime","column_key":"","column_name":"date_time","table_name":"follow_up","column_label":"Date Time","db":"health4all","column_comment":""}],"labels":[],"relation":[{"column_type":"int","column_size":"7","column_key":"PRI","column_name":"visit_id","table_name":"mlc","column_label":"Visit Id","db":"health4all","column_comment":"","relation_type":"masters","active":true},{"column_type":"int","column_size":"7","column_key":"PRI","column_name":"visit_id","table_name":"patient_visit","column_label":"Visit Id","db":"health4all","column_comment":"","relation_type":"masters","active":true},{"column_type":"int","column_size":"11","column_key":"PRI","column_name":"follow_up_status_id","table_name":"follow_up_status","column_label":"Follow Up Status Id","db":"health4all","column_comment":"","relation_type":"masters","active":true},{"column_type":"int","column_size":"4","column_key":"PRI","column_name":"staff_id","table_name":"staff","column_label":"Staff Id","db":"health4all","column_comment":"","relation_type":"masters","active":true},{"column_type":"int","column_size":"3","column_key":"PRI","column_name":"hospital_id","table_name":"hospital","column_label":"Hospital Id","db":"health4all","column_comment":"","relation_type":"branching_masters","active":true,"branch_on":"patient_visit"},{"column_type":"int","column_size":"11","column_key":"PRI","column_name":"hospital_id","table_name":"staff_previous_hospital","column_label":"Hospital Id","db":"health4all","column_comment":"","relation_type":"branching_masters","active":true,"branch_on":"patient_visit"},{"column_type":"int","column_size":"11","column_key":"PRI","column_name":"visit_name_id","table_name":"visit_name","column_label":"Visit Name Id","db":"health4all","column_comment":"","relation_type":"branching_masters","active":true,"branch_on":"patient_visit"},{"column_type":"int","column_size":"11","column_key":"PRI","column_name":"patient_id","table_name":"bb_external_patient","column_label":"Patient Id","db":"health4all","column_comment":"","relation_type":"branching_masters","active":true,"branch_on":"patient_visit"},{"column_type":"int","column_size":"7","column_key":"PRI","column_name":"patient_id","table_name":"patient","column_label":"Patient Id","db":"health4all","column_comment":"","relation_type":"branching_masters","active":true,"branch_on":"patient_visit"},{"column_type":"int","column_size":"3","column_key":"PRI","column_name":"department_id","table_name":"department","column_label":"Department Id","db":"health4all","column_comment":"","relation_type":"branching_masters","active":true,"branch_on":"patient_visit"},{"column_type":"int","column_size":"11","column_key":"PRI","column_name":"insurance_id","table_name":"insurance","column_label":"Insurance Id","db":"health4all","column_comment":"","relation_type":"branching_masters","active":true,"branch_on":"patient_visit"},{"column_type":"int","column_size":"3","column_key":"PRI","column_name":"hospital_id","table_name":"hospital","column_label":"Hospital Id","db":"health4all","column_comment":"","relation_type":"branching_masters","active":true,"branch_on":"staff"},{"column_type":"int","column_size":"11","column_key":"PRI","column_name":"hospital_id","table_name":"staff_previous_hospital","column_label":"Hospital Id","db":"health4all","column_comment":"","relation_type":"branching_masters","active":true,"branch_on":"staff"},{"column_type":"int","column_size":"3","column_key":"PRI","column_name":"department_id","table_name":"department","column_label":"Department Id","db":"health4all","column_comment":"","relation_type":"branching_masters","active":true,"branch_on":"staff"},{"column_type":"int","column_size":"4","column_key":"PRI","column_name":"unit_id","table_name":"unit","column_label":"Unit Id","db":"health4all","column_comment":"","relation_type":"branching_masters","active":true,"branch_on":"staff"},{"column_type":"int","column_size":"4","column_key":"PRI","column_name":"area_id","table_name":"area","column_label":"Area Id","db":"health4all","column_comment":"","relation_type":"branching_masters","active":true,"branch_on":"staff"},{"column_type":"int","column_size":"11","column_key":"PRI","column_name":"staff_category_id","table_name":"staff_category","column_label":"Staff Category Id","db":"health4all","column_comment":"","relation_type":"branching_masters","active":true,"branch_on":"staff"},{"column_type":"int","column_size":"6","column_key":"PRI","column_name":"staff_role_id","table_name":"staff_role","column_label":"Staff Role Id","db":"health4all","column_comment":"","relation_type":"branching_masters","active":true,"branch_on":"staff"},{"column_type":"int","column_size":"6","column_key":"PRI","column_name":"qualification_id","table_name":"qualification","column_label":"Qualification Id","db":"health4all","column_comment":"","relation_type":"branching_masters","active":true,"branch_on":"staff"},{"column_type":"int","column_size":"11","column_key":"PRI","column_name":"qualification_id","table_name":"staff_applicant_qualification_master","column_label":"Qualification Id","db":"health4all","column_comment":"","relation_type":"branching_masters","active":true,"branch_on":"staff"}]}