{"entity_type":"sql_table","folder_name":"app_one/scaffold","file_name":"health4all_sessions","extension":".json","table_type":"","app_name":"app_one","db":"health4all","table_name":"sessions","ops":[{"op_name":"","params":{}}],"table_columns":[{"column_type":"varchar","column_size":"128","column_key":"PRI","column_name":"session_id","table_name":"sessions","column_label":"Session Id","db":"health4all","column_comment":""},{"column_type":"int","column_size":"11","column_key":"","column_name":"expires","table_name":"sessions","column_label":"Expires","db":"health4all","column_comment":""},{"column_type":"text","column_key":"","column_name":"data","table_name":"sessions","column_label":"Data","db":"health4all","column_comment":""}],"labels":[{"column_type":"varchar","column_size":"128","column_key":"PRI","column_name":"session_id","table_name":"sessions","column_label":"Session Id","db":"health4all","column_comment":""}],"relation":[{"column_type":"varchar","column_size":"40","column_key":"PRI","column_name":"session_id","table_name":"ci_sessions","column_label":"Session Id","db":"health4all","column_comment":"","relation_type":"derived","active":true}]}