{"entity_type":"sql_table","folder_name":"app_one/scaffold","file_name":"health4all_area_activity","extension":".json","table_type":"","app_name":"app_one","db":"health4all","table_name":"area_activity","ops":[{"op_name":"","params":{}}],"table_columns":[{"column_type":"int","column_size":"4","column_key":"PRI","column_name":"area_activity_id","table_name":"area_activity","column_label":"Area Activity Id","db":"health4all","column_comment":""},{"column_type":"varchar","column_size":"100","column_key":"","column_name":"activity_name","table_name":"area_activity","column_label":"Activity Name","db":"health4all","column_comment":""},{"column_type":"int","column_size":"2","column_key":"","column_name":"frequency","table_name":"area_activity","column_label":"Frequency","db":"health4all","column_comment":"frequency of the activity in a day"},{"column_type":"int","column_size":"3","column_key":"","column_name":"weightage","table_name":"area_activity","column_label":"Weightage","db":"health4all","column_comment":"weighted score of the activity"},{"column_type":"int","column_size":"3","column_key":"","column_name":"area_type_id","table_name":"area_activity","column_label":"Area Type Id","db":"health4all","column_comment":""},{"column_type":"varchar","column_size":"10","column_key":"","column_name":"frequency_type","table_name":"area_activity","column_label":"Frequency Type","db":"health4all","column_comment":"daily, weekly, fortnightly, monthly"}],"labels":[{"column_type":"varchar","column_size":"100","column_key":"","column_name":"activity_name","table_name":"area_activity","column_label":"Activity Name","db":"health4all","column_comment":""},{"column_type":"varchar","column_size":"10","column_key":"","column_name":"frequency_type","table_name":"area_activity","column_label":"Frequency Type","db":"health4all","column_comment":"daily, weekly, fortnightly, monthly"}],"relation":[{"column_type":"int","column_size":"2","column_key":"PRI","column_name":"area_type_id","table_name":"area_types","column_label":"Area Type Id","db":"health4all","column_comment":"","relation_type":"masters","active":true},{"column_type":"int","column_size":"3","column_key":"","column_name":"area_activity_id","table_name":"facility_activity","column_label":"Area Activity Id","db":"health4all","column_comment":"","relation_type":"derived","active":true},{"column_type":"int","column_size":"4","column_key":"PRI","column_name":"facility_area_id","table_name":"facility_area","column_label":"Facility Area Id","db":"health4all","column_comment":"","relation_type":"branching_masters","active":true,"branch_on":"facility_activity"}]}