{"entity_type":"sql_table","folder_name":"app_one/scaffold","file_name":"health4all_helpline_receiver_link","extension":".json","table_type":"link_table","app_name":"app_one","db":"health4all","table_name":"helpline_receiver_link","ops":[{"op_name":"","params":{}}],"table_columns":[{"column_type":"int","column_size":"11","column_key":"PRI","column_name":"id","table_name":"helpline_receiver_link","column_label":"Id","db":"health4all","column_comment":""},{"column_type":"int","column_size":"11","column_key":"","column_name":"receiver_id","table_name":"helpline_receiver_link","column_label":"Receiver Id","db":"health4all","column_comment":""},{"column_type":"int","column_size":"11","column_key":"","column_name":"helpline_id","table_name":"helpline_receiver_link","column_label":"Helpline Id","db":"health4all","column_comment":""}],"labels":[],"relation":[{"column_type":"int","column_size":"11","column_key":"PRI","column_name":"receiver_id","table_name":"helpline_receiver","column_label":"Receiver Id","db":"health4all","column_comment":"","relation_type":"masters","active":true},{"column_type":"int","column_size":"11","column_key":"PRI","column_name":"helpline_id","table_name":"helpline","column_label":"Helpline Id","db":"health4all","column_comment":"","relation_type":"masters","active":true},{"column_type":"int","column_size":"6","column_key":"PRI","column_name":"id","table_name":"form_layout","column_label":"Id","db":"health4all","column_comment":"","relation_type":"derived","active":true},{"column_type":"int","column_size":"11","column_key":"PRI","column_name":"id","table_name":"staff_applicant_qualification","column_label":"Id","db":"health4all","column_comment":"","relation_type":"derived","active":true},{"column_type":"int","column_size":"11","column_key":"PRI","column_name":"form_id","table_name":"form","column_label":"Form Id","db":"health4all","column_comment":"","relation_type":"branching_masters","active":true,"branch_on":"form_layout"},{"column_type":"int","column_size":"11","column_key":"PRI","column_name":"applicant_id","table_name":"staff_applicant","column_label":"Applicant Id","db":"health4all","column_comment":"","relation_type":"branching_masters","active":true,"branch_on":"staff_applicant_qualification"},{"column_type":"int","column_size":"6","column_key":"PRI","column_name":"qualification_id","table_name":"qualification","column_label":"Qualification Id","db":"health4all","column_comment":"","relation_type":"branching_masters","active":true,"branch_on":"staff_applicant_qualification"},{"column_type":"int","column_size":"11","column_key":"PRI","column_name":"qualification_id","table_name":"staff_applicant_qualification_master","column_label":"Qualification Id","db":"health4all","column_comment":"","relation_type":"branching_masters","active":true,"branch_on":"staff_applicant_qualification"},{"column_type":"int","column_size":"11","column_key":"PRI","column_name":"college_id","table_name":"staff_applicant_college","column_label":"College Id","db":"health4all","column_comment":"","relation_type":"branching_masters","active":true,"branch_on":"staff_applicant_qualification"},{"column_type":"int","column_size":"4","column_key":"PRI","column_name":"staff_id","table_name":"staff","column_label":"Staff Id","db":"health4all","column_comment":"","relation_type":"branching_masters","active":true,"branch_on":"staff_applicant_qualification"}]}