{"entity_type":"sql_table","folder_name":"app_one/scaffold","file_name":"health4all_physical_function_link","extension":".json","table_type":"","app_name":"app_one","db":"health4all","table_name":"physical_function_link","ops":[{"op_name":"","params":{}}],"table_columns":[{"column_type":"int","column_size":"11","column_key":"PRI","column_name":"link_id","table_name":"physical_function_link","column_label":"Link Id","db":"health4all","column_comment":""},{"column_type":"int","column_size":"11","column_key":"","column_name":"function_id","table_name":"physical_function_link","column_label":"Function Id","db":"health4all","column_comment":""},{"column_type":"varchar","column_size":"20","column_key":"","column_name":"physical_address","table_name":"physical_function_link","column_label":"Physical Address","db":"health4all","column_comment":""}],"labels":[{"column_type":"varchar","column_size":"20","column_key":"","column_name":"physical_address","table_name":"physical_function_link","column_label":"Physical Address","db":"health4all","column_comment":""}],"relation":[{"column_type":"int","column_size":"7","column_key":"PRI","column_name":"link_id","table_name":"bb_app_slot_link","column_label":"Link Id","db":"health4all","column_comment":"","relation_type":"derived","active":true},{"column_type":"int","column_size":"6","column_key":"PRI","column_name":"link_id","table_name":"test_group_link","column_label":"Link Id","db":"health4all","column_comment":"","relation_type":"derived","active":true},{"column_type":"int","column_size":"11","column_key":"PRI","column_name":"link_id","table_name":"user_department_link","column_label":"Link Id","db":"health4all","column_comment":"","relation_type":"derived","active":true},{"column_type":"int","column_size":"11","column_key":"PRI","column_name":"link_id","table_name":"user_function_link","column_label":"Link Id","db":"health4all","column_comment":"","relation_type":"derived","active":true},{"column_type":"int","column_size":"11","column_key":"PRI","column_name":"link_id","table_name":"user_hospital_link","column_label":"Link Id","db":"health4all","column_comment":"","relation_type":"derived","active":true},{"column_type":"int","column_size":"7","column_key":"PRI","column_name":"appointment_id","table_name":"bb_appointment","column_label":"Appointment Id","db":"health4all","column_comment":"","relation_type":"branching_masters","active":true,"branch_on":"bb_app_slot_link"},{"column_type":"int","column_size":"7","column_key":"PRI","column_name":"slot_id","table_name":"bb_slot","column_label":"Slot Id","db":"health4all","column_comment":"","relation_type":"branching_masters","active":true,"branch_on":"bb_app_slot_link"},{"column_type":"int","column_size":"3","column_key":"PRI","column_name":"hospital_id","table_name":"hospital","column_label":"Hospital Id","db":"health4all","column_comment":"","relation_type":"branching_masters","active":true,"branch_on":"bb_app_slot_link"},{"column_type":"int","column_size":"11","column_key":"PRI","column_name":"hospital_id","table_name":"staff_previous_hospital","column_label":"Hospital Id","db":"health4all","column_comment":"","relation_type":"branching_masters","active":true,"branch_on":"bb_app_slot_link"},{"column_type":"int","column_size":"6","column_key":"PRI","column_name":"group_id","table_name":"test_group","column_label":"Group Id","db":"health4all","column_comment":"","relation_type":"branching_masters","active":true,"branch_on":"test_group_link"},{"column_type":"int","column_size":"6","column_key":"PRI","column_name":"test_master_id","table_name":"test_master","column_label":"Test Master Id","db":"health4all","column_comment":"","relation_type":"branching_masters","active":true,"branch_on":"test_group_link"},{"column_type":"int","column_size":"7","column_key":"PRI","column_name":"user_id","table_name":"bb_user","column_label":"User Id","db":"health4all","column_comment":"","relation_type":"branching_masters","active":true,"branch_on":"user_department_link"},{"column_type":"int","column_size":"4","column_key":"PRI","column_name":"user_id","table_name":"user","column_label":"User Id","db":"health4all","column_comment":"","relation_type":"branching_masters","active":true,"branch_on":"user_department_link"},{"column_type":"int","column_size":"3","column_key":"PRI","column_name":"department_id","table_name":"department","column_label":"Department Id","db":"health4all","column_comment":"","relation_type":"branching_masters","active":true,"branch_on":"user_department_link"},{"column_type":"int","column_size":"7","column_key":"PRI","column_name":"user_id","table_name":"bb_user","column_label":"User Id","db":"health4all","column_comment":"","relation_type":"branching_masters","active":true,"branch_on":"user_function_link"},{"column_type":"int","column_size":"4","column_key":"PRI","column_name":"user_id","table_name":"user","column_label":"User Id","db":"health4all","column_comment":"","relation_type":"branching_masters","active":true,"branch_on":"user_function_link"},{"column_type":"int","column_size":"7","column_key":"PRI","column_name":"user_id","table_name":"bb_user","column_label":"User Id","db":"health4all","column_comment":"","relation_type":"branching_masters","active":true,"branch_on":"user_hospital_link"},{"column_type":"int","column_size":"4","column_key":"PRI","column_name":"user_id","table_name":"user","column_label":"User Id","db":"health4all","column_comment":"","relation_type":"branching_masters","active":true,"branch_on":"user_hospital_link"},{"column_type":"int","column_size":"3","column_key":"PRI","column_name":"hospital_id","table_name":"hospital","column_label":"Hospital Id","db":"health4all","column_comment":"","relation_type":"branching_masters","active":true,"branch_on":"user_hospital_link"},{"column_type":"int","column_size":"11","column_key":"PRI","column_name":"hospital_id","table_name":"staff_previous_hospital","column_label":"Hospital Id","db":"health4all","column_comment":"","relation_type":"branching_masters","active":true,"branch_on":"user_hospital_link"}]}