{"entity_type":"sql_table","folder_name":"app_one/scaffold","file_name":"health4all_helpline_numbers","extension":".json","table_type":"","app_name":"app_one","db":"health4all","table_name":"helpline_numbers","ops":[{"op_name":"","params":{}}],"table_columns":[{"column_type":"int","column_size":"11","column_key":"PRI","column_name":"helpline_number_id","table_name":"helpline_numbers","column_label":"Helpline Number Id","db":"health4all","column_comment":""},{"column_type":"varchar","column_size":"20","column_key":"","column_name":"number","table_name":"helpline_numbers","column_label":"Number","db":"health4all","column_comment":""},{"column_type":"int","column_size":"11","column_key":"","column_name":"hospital_id","table_name":"helpline_numbers","column_label":"Hospital Id","db":"health4all","column_comment":""},{"column_type":"int","column_size":"11","column_key":"","column_name":"helpline_category_id","table_name":"helpline_numbers","column_label":"Helpline Category Id","db":"health4all","column_comment":""},{"column_type":"int","column_size":"11","column_key":"","column_name":"caller_type_id","table_name":"helpline_numbers","column_label":"Caller Type Id","db":"health4all","column_comment":""},{"column_type":"varchar","column_size":"2","column_key":"","column_name":"visit_type","table_name":"helpline_numbers","column_label":"Visit Type","db":"health4all","column_comment":""},{"column_type":"int","column_size":"11","column_key":"","column_name":"resolution_status_id","table_name":"helpline_numbers","column_label":"Resolution Status Id","db":"health4all","column_comment":""}],"labels":[{"column_type":"varchar","column_size":"20","column_key":"","column_name":"number","table_name":"helpline_numbers","column_label":"Number","db":"health4all","column_comment":""},{"column_type":"varchar","column_size":"2","column_key":"","column_name":"visit_type","table_name":"helpline_numbers","column_label":"Visit Type","db":"health4all","column_comment":""}],"relation":[{"column_type":"int","column_size":"3","column_key":"PRI","column_name":"hospital_id","table_name":"hospital","column_label":"Hospital Id","db":"health4all","column_comment":"","relation_type":"masters","active":true},{"column_type":"int","column_size":"11","column_key":"PRI","column_name":"hospital_id","table_name":"staff_previous_hospital","column_label":"Hospital Id","db":"health4all","column_comment":"","relation_type":"masters","active":true},{"column_type":"int","column_size":"11","column_key":"PRI","column_name":"caller_type_id","table_name":"helpline_caller_type","column_label":"Caller Type Id","db":"health4all","column_comment":"","relation_type":"masters","active":true},{"column_type":"int","column_size":"11","column_key":"PRI","column_name":"resolution_status_id","table_name":"helpline_resolution_status","column_label":"Resolution Status Id","db":"health4all","column_comment":"","relation_type":"masters","active":true},{"column_type":"int","column_size":"6","column_key":"PRI","column_name":"village_town_id","table_name":"village_town","column_label":"Village Town Id","db":"health4all","column_comment":"","relation_type":"branching_masters","active":true,"branch_on":"hospital"},{"column_type":"int","column_size":"3","column_key":"PRI","column_name":"district_id","table_name":"district","column_label":"District Id","db":"health4all","column_comment":"","relation_type":"branching_masters","active":true,"branch_on":"staff_previous_hospital"}]}