{"entity_type":"sql_table","folder_name":"app_one/scaffold","file_name":"health4all_blood_inventory","extension":".json","table_type":"","app_name":"app_one","db":"health4all","table_name":"blood_inventory","ops":[{"op_name":"","params":{}}],"table_columns":[{"column_type":"int","column_size":"7","column_key":"PRI","column_name":"inventory_id","table_name":"blood_inventory","column_label":"Inventory Id","db":"health4all","column_comment":""},{"column_type":"varchar","column_size":"20","column_key":"","column_name":"component_type","table_name":"blood_inventory","column_label":"Component Type","db":"health4all","column_comment":""},{"column_type":"varchar","column_size":"20","column_key":"","column_name":"inv_status","table_name":"blood_inventory","column_label":"Inv Status","db":"health4all","column_comment":"Unscreened,Screened,Expired,Dispatched,Issued"},{"column_type":"int","column_size":"11","column_key":"","column_name":"status_id","table_name":"blood_inventory","column_label":"Status Id","db":"health4all","column_comment":""},{"column_type":"int","column_size":"7","column_key":"MUL","column_name":"donation_id","table_name":"blood_inventory","column_label":"Donation Id","db":"health4all","column_comment":""},{"column_type":"int","column_size":"4","column_key":"","column_name":"volume","table_name":"blood_inventory","column_label":"Volume","db":"health4all","column_comment":""},{"column_type":"int","column_size":"7","column_key":"","column_name":"created_by","table_name":"blood_inventory","column_label":"Created By","db":"health4all","column_comment":"user_id"},{"column_type":"date","column_key":"","column_name":"expiry_date","table_name":"blood_inventory","column_label":"Expiry Date","db":"health4all","column_comment":""},{"column_type":"text","column_key":"","column_name":"notes","table_name":"blood_inventory","column_label":"Notes","db":"health4all","column_comment":""},{"column_type":"datetime","column_key":"","column_name":"datetime","table_name":"blood_inventory","column_label":"Datetime","db":"health4all","column_comment":""},{"column_type":"time","column_key":"","column_name":"component_perparation_time","table_name":"blood_inventory","column_label":"Component Perparation Time","db":"health4all","column_comment":""},{"column_type":"int","column_size":"3","column_key":"","column_name":"discarded_by","table_name":"blood_inventory","column_label":"Discarded By","db":"health4all","column_comment":""},{"column_type":"int","column_size":"11","column_key":"","column_name":"hospital_id","table_name":"blood_inventory","column_label":"Hospital Id","db":"health4all","column_comment":""}],"labels":[{"column_type":"varchar","column_size":"20","column_key":"","column_name":"component_type","table_name":"blood_inventory","column_label":"Component Type","db":"health4all","column_comment":""},{"column_type":"varchar","column_size":"20","column_key":"","column_name":"inv_status","table_name":"blood_inventory","column_label":"Inv Status","db":"health4all","column_comment":"Unscreened,Screened,Expired,Dispatched,Issued"}],"relation":[{"column_type":"int","column_size":"11","column_key":"PRI","column_name":"status_id","table_name":"bb_status","column_label":"Status Id","db":"health4all","column_comment":"","relation_type":"masters","active":true},{"column_type":"int","column_size":"7","column_key":"PRI","column_name":"donation_id","table_name":"bb_donation","column_label":"Donation Id","db":"health4all","column_comment":"","relation_type":"masters","active":true},{"column_type":"int","column_size":"3","column_key":"PRI","column_name":"hospital_id","table_name":"hospital","column_label":"Hospital Id","db":"health4all","column_comment":"","relation_type":"masters","active":true},{"column_type":"int","column_size":"11","column_key":"PRI","column_name":"hospital_id","table_name":"staff_previous_hospital","column_label":"Hospital Id","db":"health4all","column_comment":"","relation_type":"masters","active":true},{"column_type":"int","column_size":"7","column_key":"","column_name":"inventory_id","table_name":"bb_issued_inventory","column_label":"Inventory Id","db":"health4all","column_comment":"","relation_type":"derived","active":true},{"column_type":"int","column_size":"7","column_key":"PRI","column_name":"issue_id","table_name":"blood_issue","column_label":"Issue Id","db":"health4all","column_comment":"","relation_type":"branching_masters","active":true,"branch_on":"bb_issued_inventory"},{"column_type":"int","column_size":"7","column_key":"PRI","column_name":"donor_id","table_name":"blood_donor","column_label":"Donor Id","db":"health4all","column_comment":"","relation_type":"branching_masters","active":true,"branch_on":"bb_donation"},{"column_type":"int","column_size":"7","column_key":"PRI","column_name":"replacement_patient_id","table_name":"bb_replacement_patient","column_label":"Replacement Patient Id","db":"health4all","column_comment":"","relation_type":"branching_masters","active":true,"branch_on":"bb_donation"},{"column_type":"int","column_size":"11","column_key":"PRI","column_name":"status_id","table_name":"bb_status","column_label":"Status Id","db":"health4all","column_comment":"","relation_type":"branching_masters","active":true,"branch_on":"bb_donation"},{"column_type":"int","column_size":"11","column_key":"PRI","column_name":"camp_id","table_name":"blood_donation_camp","column_label":"Camp Id","db":"health4all","column_comment":"","relation_type":"branching_masters","active":true,"branch_on":"bb_donation"},{"column_type":"int","column_size":"11","column_key":"PRI","column_name":"camp_id","table_name":"blood_donation_camp_date","column_label":"Camp Id","db":"health4all","column_comment":"","relation_type":"branching_masters","active":true,"branch_on":"bb_donation"},{"column_type":"int","column_size":"3","column_key":"PRI","column_name":"hospital_id","table_name":"hospital","column_label":"Hospital Id","db":"health4all","column_comment":"","relation_type":"branching_masters","active":true,"branch_on":"bb_donation"},{"column_type":"int","column_size":"11","column_key":"PRI","column_name":"hospital_id","table_name":"staff_previous_hospital","column_label":"Hospital Id","db":"health4all","column_comment":"","relation_type":"branching_masters","active":true,"branch_on":"bb_donation"},{"column_type":"int","column_size":"6","column_key":"PRI","column_name":"village_town_id","table_name":"village_town","column_label":"Village Town Id","db":"health4all","column_comment":"","relation_type":"branching_masters","active":true,"branch_on":"hospital"},{"column_type":"int","column_size":"3","column_key":"PRI","column_name":"district_id","table_name":"district","column_label":"District Id","db":"health4all","column_comment":"","relation_type":"branching_masters","active":true,"branch_on":"staff_previous_hospital"}]}