{"entity_type":"sql_table","folder_name":"app_one/scaffold","file_name":"health4all_micro_organism","extension":".json","table_type":"","app_name":"app_one","db":"health4all","table_name":"micro_organism","ops":[{"op_name":"","params":{}}],"table_columns":[{"column_type":"int","column_size":"6","column_key":"PRI","column_name":"micro_organism_id","table_name":"micro_organism","column_label":"Micro Organism Id","db":"health4all","column_comment":""},{"column_type":"varchar","column_size":"100","column_key":"","column_name":"micro_organism","table_name":"micro_organism","column_label":"Micro Organism","db":"health4all","column_comment":""},{"column_type":"varchar","column_size":"20","column_key":"","column_name":"micro_organism_type","table_name":"micro_organism","column_label":"Micro Organism Type","db":"health4all","column_comment":"Eg. Fungal, Bacterial, Viral, etc."},{"column_type":"int","column_size":"11","column_key":"","column_name":"hospital_id","table_name":"micro_organism","column_label":"Hospital Id","db":"health4all","column_comment":""},{"column_type":"int","column_size":"11","column_key":"","column_name":"temp_micro_organism_id","table_name":"micro_organism","column_label":"Temp Micro Organism Id","db":"health4all","column_comment":""}],"labels":[{"column_type":"varchar","column_size":"100","column_key":"","column_name":"micro_organism","table_name":"micro_organism","column_label":"Micro Organism","db":"health4all","column_comment":""},{"column_type":"varchar","column_size":"20","column_key":"","column_name":"micro_organism_type","table_name":"micro_organism","column_label":"Micro Organism Type","db":"health4all","column_comment":"Eg. Fungal, Bacterial, Viral, etc."}],"relation":[{"column_type":"int","column_size":"3","column_key":"PRI","column_name":"hospital_id","table_name":"hospital","column_label":"Hospital Id","db":"health4all","column_comment":"","relation_type":"masters","active":true},{"column_type":"int","column_size":"11","column_key":"PRI","column_name":"hospital_id","table_name":"staff_previous_hospital","column_label":"Hospital Id","db":"health4all","column_comment":"","relation_type":"masters","active":true},{"column_type":"int","column_size":"6","column_key":"MUL","column_name":"micro_organism_id","table_name":"micro_organism_test","column_label":"Micro Organism Id","db":"health4all","column_comment":"","relation_type":"derived","active":true},{"column_type":"int","column_size":"6","column_key":"PRI","column_name":"test_id","table_name":"test","column_label":"Test Id","db":"health4all","column_comment":"","relation_type":"branching_masters","active":true,"branch_on":"micro_organism_test"},{"column_type":"int","column_size":"3","column_key":"PRI","column_name":"district_id","table_name":"district","column_label":"District Id","db":"health4all","column_comment":"","relation_type":"branching_masters","active":true,"branch_on":"staff_previous_hospital"}]}