{"entity_type":"sql_table","folder_name":"app_one/scaffold","file_name":"health4all_patient","extension":".json","table_type":"","app_name":"app_one","db":"health4all","table_name":"patient","ops":[{"op_name":"","params":{}}],"table_columns":[{"column_type":"int","column_size":"7","column_key":"PRI","column_name":"patient_id","table_name":"patient","column_label":"Patient Id","db":"health4all","column_comment":""},{"column_type":"varchar","column_size":"30","column_key":"","column_name":"patient_id_manual","table_name":"patient","column_label":"Patient Id Manual","db":"health4all","column_comment":""},{"column_type":"varchar","column_size":"200","column_key":"","column_name":"identification_marks","table_name":"patient","column_label":"Identification Marks","db":"health4all","column_comment":""},{"column_type":"varchar","column_size":"50","column_key":"","column_name":"first_name","table_name":"patient","column_label":"First Name","db":"health4all","column_comment":""},{"column_type":"varchar","column_size":"50","column_key":"","column_name":"middle_name","table_name":"patient","column_label":"Middle Name","db":"health4all","column_comment":""},{"column_type":"varchar","column_size":"50","column_key":"","column_name":"last_name","table_name":"patient","column_label":"Last Name","db":"health4all","column_comment":""},{"column_type":"date","column_key":"","column_name":"dob","table_name":"patient","column_label":"Dob","db":"health4all","column_comment":""},{"column_type":"int","column_size":"2","column_key":"","column_name":"age_years","table_name":"patient","column_label":"Age Years","db":"health4all","column_comment":""},{"column_type":"int","column_size":"2","column_key":"","column_name":"age_months","table_name":"patient","column_label":"Age Months","db":"health4all","column_comment":""},{"column_type":"int","column_size":"2","column_key":"","column_name":"age_days","table_name":"patient","column_label":"Age Days","db":"health4all","column_comment":""},{"column_type":"varchar","column_size":"1","column_key":"","column_name":"gender","table_name":"patient","column_label":"Gender","db":"health4all","column_comment":""},{"column_type":"varchar","column_size":"100","column_key":"","column_name":"address","table_name":"patient","column_label":"Address","db":"health4all","column_comment":""},{"column_type":"varchar","column_size":"100","column_key":"","column_name":"place","table_name":"patient","column_label":"Place","db":"health4all","column_comment":""},{"column_type":"varchar","column_size":"5","column_key":"","column_name":"country_code","table_name":"patient","column_label":"Country Code","db":"health4all","column_comment":""},{"column_type":"varchar","column_size":"5","column_key":"","column_name":"state_code","table_name":"patient","column_label":"State Code","db":"health4all","column_comment":""},{"column_type":"varchar","column_size":"5","column_key":"","column_name":"district_id","table_name":"patient","column_label":"District Id","db":"health4all","column_comment":""},{"column_type":"varchar","column_size":"20","column_key":"","column_name":"phone","table_name":"patient","column_label":"Phone","db":"health4all","column_comment":""},{"column_type":"varchar","column_size":"20","column_key":"","column_name":"alt_phone","table_name":"patient","column_label":"Alt Phone","db":"health4all","column_comment":""},{"column_type":"varchar","column_size":"50","column_key":"","column_name":"father_name","table_name":"patient","column_label":"Father Name","db":"health4all","column_comment":""},{"column_type":"varchar","column_size":"50","column_key":"","column_name":"mother_name","table_name":"patient","column_label":"Mother Name","db":"health4all","column_comment":""},{"column_type":"varchar","column_size":"50","column_key":"","column_name":"spouse_name","table_name":"patient","column_label":"Spouse Name","db":"health4all","column_comment":""},{"column_type":"int","column_size":"4","column_key":"","column_name":"id_proof_type_id","table_name":"patient","column_label":"Id Proof Type Id","db":"health4all","column_comment":""},{"column_type":"varchar","column_size":"20","column_key":"","column_name":"id_proof_number","table_name":"patient","column_label":"Id Proof Number","db":"health4all","column_comment":""},{"column_type":"int","column_size":"11","column_key":"","column_name":"occupation_id","table_name":"patient","column_label":"Occupation Id","db":"health4all","column_comment":""},{"column_type":"varchar","column_size":"50","column_key":"","column_name":"education_level","table_name":"patient","column_label":"Education Level","db":"health4all","column_comment":""},{"column_type":"varchar","column_size":"50","column_key":"","column_name":"education_qualification","table_name":"patient","column_label":"Education Qualification","db":"health4all","column_comment":""},{"column_type":"varchar","column_size":"3","column_key":"","column_name":"blood_group","table_name":"patient","column_label":"Blood Group","db":"health4all","column_comment":""},{"column_type":"varchar","column_size":"6","column_key":"","column_name":"mr_no","table_name":"patient","column_label":"Mr No","db":"health4all","column_comment":""},{"column_type":"varchar","column_size":"6","column_key":"","column_name":"bc_no","table_name":"patient","column_label":"Bc No","db":"health4all","column_comment":""},{"column_type":"int","column_size":"2","column_key":"","column_name":"gestation","table_name":"patient","column_label":"Gestation","db":"health4all","column_comment":""},{"column_type":"varchar","column_size":"10","column_key":"","column_name":"gestation_type","table_name":"patient","column_label":"Gestation Type","db":"health4all","column_comment":""},{"column_type":"varchar","column_size":"25","column_key":"","column_name":"delivery_mode","table_name":"patient","column_label":"Delivery Mode","db":"health4all","column_comment":""},{"column_type":"varchar","column_size":"100","column_key":"","column_name":"delivery_place","table_name":"patient","column_label":"Delivery Place","db":"health4all","column_comment":""},{"column_type":"varchar","column_size":"50","column_key":"","column_name":"delivery_location","table_name":"patient","column_label":"Delivery Location","db":"health4all","column_comment":""},{"column_type":"varchar","column_size":"20","column_key":"","column_name":"hospital_type","table_name":"patient","column_label":"Hospital Type","db":"health4all","column_comment":""},{"column_type":"varchar","column_size":"8","column_key":"","column_name":"delivery_location_type","table_name":"patient","column_label":"Delivery Location Type","db":"health4all","column_comment":"In-born or Out-born"},{"column_type":"varchar","column_size":"10","column_key":"","column_name":"delivery_plan","table_name":"patient","column_label":"Delivery Plan","db":"health4all","column_comment":""},{"column_type":"int","column_size":"4","column_key":"","column_name":"birth_weight","table_name":"patient","column_label":"Birth Weight","db":"health4all","column_comment":""},{"column_type":"varchar","column_size":"500","column_key":"","column_name":"congenital_anomalies","table_name":"patient","column_label":"Congenital Anomalies","db":"health4all","column_comment":""},{"column_type":"int","column_size":"11","column_key":"","column_name":"insert_by_user_id","table_name":"patient","column_label":"Insert By User Id","db":"health4all","column_comment":""},{"column_type":"int","column_size":"11","column_key":"","column_name":"update_by_user_id","table_name":"patient","column_label":"Update By User Id","db":"health4all","column_comment":""},{"column_type":"datetime","column_key":"","column_name":"insert_datetime","table_name":"patient","column_label":"Insert Datetime","db":"health4all","column_comment":""},{"column_type":"datetime","column_key":"","column_name":"update_datetime","table_name":"patient","column_label":"Update Datetime","db":"health4all","column_comment":""},{"column_type":"int","column_size":"11","column_key":"","column_name":"temp_patient_id","table_name":"patient","column_label":"Temp Patient Id","db":"health4all","column_comment":""},{"column_type":"int","column_size":"11","column_key":"","column_name":"hospital_id","table_name":"patient","column_label":"Hospital Id","db":"health4all","column_comment":""}],"labels":[{"column_type":"varchar","column_size":"30","column_key":"","column_name":"patient_id_manual","table_name":"patient","column_label":"Patient Id Manual","db":"health4all","column_comment":""},{"column_type":"varchar","column_size":"200","column_key":"","column_name":"identification_marks","table_name":"patient","column_label":"Identification Marks","db":"health4all","column_comment":""},{"column_type":"varchar","column_size":"50","column_key":"","column_name":"first_name","table_name":"patient","column_label":"First Name","db":"health4all","column_comment":""},{"column_type":"varchar","column_size":"50","column_key":"","column_name":"middle_name","table_name":"patient","column_label":"Middle Name","db":"health4all","column_comment":""},{"column_type":"varchar","column_size":"50","column_key":"","column_name":"last_name","table_name":"patient","column_label":"Last Name","db":"health4all","column_comment":""},{"column_type":"varchar","column_size":"1","column_key":"","column_name":"gender","table_name":"patient","column_label":"Gender","db":"health4all","column_comment":""},{"column_type":"varchar","column_size":"100","column_key":"","column_name":"address","table_name":"patient","column_label":"Address","db":"health4all","column_comment":""},{"column_type":"varchar","column_size":"100","column_key":"","column_name":"place","table_name":"patient","column_label":"Place","db":"health4all","column_comment":""},{"column_type":"varchar","column_size":"5","column_key":"","column_name":"country_code","table_name":"patient","column_label":"Country Code","db":"health4all","column_comment":""},{"column_type":"varchar","column_size":"5","column_key":"","column_name":"state_code","table_name":"patient","column_label":"State Code","db":"health4all","column_comment":""},{"column_type":"varchar","column_size":"5","column_key":"","column_name":"district_id","table_name":"patient","column_label":"District Id","db":"health4all","column_comment":""},{"column_type":"varchar","column_size":"20","column_key":"","column_name":"phone","table_name":"patient","column_label":"Phone","db":"health4all","column_comment":""},{"column_type":"varchar","column_size":"20","column_key":"","column_name":"alt_phone","table_name":"patient","column_label":"Alt Phone","db":"health4all","column_comment":""},{"column_type":"varchar","column_size":"50","column_key":"","column_name":"father_name","table_name":"patient","column_label":"Father Name","db":"health4all","column_comment":""},{"column_type":"varchar","column_size":"50","column_key":"","column_name":"mother_name","table_name":"patient","column_label":"Mother Name","db":"health4all","column_comment":""},{"column_type":"varchar","column_size":"50","column_key":"","column_name":"spouse_name","table_name":"patient","column_label":"Spouse Name","db":"health4all","column_comment":""},{"column_type":"varchar","column_size":"20","column_key":"","column_name":"id_proof_number","table_name":"patient","column_label":"Id Proof Number","db":"health4all","column_comment":""},{"column_type":"varchar","column_size":"50","column_key":"","column_name":"education_level","table_name":"patient","column_label":"Education Level","db":"health4all","column_comment":""},{"column_type":"varchar","column_size":"50","column_key":"","column_name":"education_qualification","table_name":"patient","column_label":"Education Qualification","db":"health4all","column_comment":""},{"column_type":"varchar","column_size":"3","column_key":"","column_name":"blood_group","table_name":"patient","column_label":"Blood Group","db":"health4all","column_comment":""},{"column_type":"varchar","column_size":"6","column_key":"","column_name":"mr_no","table_name":"patient","column_label":"Mr No","db":"health4all","column_comment":""},{"column_type":"varchar","column_size":"6","column_key":"","column_name":"bc_no","table_name":"patient","column_label":"Bc No","db":"health4all","column_comment":""},{"column_type":"varchar","column_size":"10","column_key":"","column_name":"gestation_type","table_name":"patient","column_label":"Gestation Type","db":"health4all","column_comment":""},{"column_type":"varchar","column_size":"25","column_key":"","column_name":"delivery_mode","table_name":"patient","column_label":"Delivery Mode","db":"health4all","column_comment":""},{"column_type":"varchar","column_size":"100","column_key":"","column_name":"delivery_place","table_name":"patient","column_label":"Delivery Place","db":"health4all","column_comment":""},{"column_type":"varchar","column_size":"50","column_key":"","column_name":"delivery_location","table_name":"patient","column_label":"Delivery Location","db":"health4all","column_comment":""},{"column_type":"varchar","column_size":"20","column_key":"","column_name":"hospital_type","table_name":"patient","column_label":"Hospital Type","db":"health4all","column_comment":""},{"column_type":"varchar","column_size":"8","column_key":"","column_name":"delivery_location_type","table_name":"patient","column_label":"Delivery Location Type","db":"health4all","column_comment":"In-born or Out-born"},{"column_type":"varchar","column_size":"10","column_key":"","column_name":"delivery_plan","table_name":"patient","column_label":"Delivery Plan","db":"health4all","column_comment":""},{"column_type":"varchar","column_size":"500","column_key":"","column_name":"congenital_anomalies","table_name":"patient","column_label":"Congenital Anomalies","db":"health4all","column_comment":""}],"relation":[{"column_type":"int","column_size":"4","column_key":"PRI","column_name":"id_proof_type_id","table_name":"id_proof_type","column_label":"Id Proof Type Id","db":"health4all","column_comment":"","relation_type":"masters","active":true},{"column_type":"int","column_size":"11","column_key":"PRI","column_name":"occupation_id","table_name":"occupation","column_label":"Occupation Id","db":"health4all","column_comment":"","relation_type":"masters","active":true},{"column_type":"int","column_size":"3","column_key":"PRI","column_name":"hospital_id","table_name":"hospital","column_label":"Hospital Id","db":"health4all","column_comment":"","relation_type":"masters","active":true},{"column_type":"int","column_size":"11","column_key":"PRI","column_name":"hospital_id","table_name":"staff_previous_hospital","column_label":"Hospital Id","db":"health4all","column_comment":"","relation_type":"masters","active":true},{"column_type":"int","column_size":"11","column_key":"PRI","column_name":"patient_id","table_name":"bb_external_patient","column_label":"Patient Id","db":"health4all","column_comment":"","relation_type":"derived","active":true},{"column_type":"int","column_size":"7","column_key":"","column_name":"patient_id","table_name":"blood_request","column_label":"Patient Id","db":"health4all","column_comment":"","relation_type":"derived","active":true},{"column_type":"int","column_size":"5","column_key":"MUL","column_name":"patient_id","table_name":"marital_info","column_label":"Patient Id","db":"health4all","column_comment":"","relation_type":"derived","active":true},{"column_type":"int","column_size":"7","column_key":"","column_name":"patient_id","table_name":"obstetric_history","column_label":"Patient Id","db":"health4all","column_comment":"","relation_type":"derived","active":true},{"column_type":"int","column_size":"11","column_key":"","column_name":"patient_id","table_name":"patient_obstetric_history","column_label":"Patient Id","db":"health4all","column_comment":"","relation_type":"derived","active":true},{"column_type":"int","column_size":"7","column_key":"MUL","column_name":"patient_id","table_name":"patient_visit","column_label":"Patient Id","db":"health4all","column_comment":"","relation_type":"derived","active":true},{"column_type":"int","column_size":"3","column_key":"PRI","column_name":"hospital_id","table_name":"hospital","column_label":"Hospital Id","db":"health4all","column_comment":"","relation_type":"branching_masters","active":true,"branch_on":"bb_external_patient"},{"column_type":"int","column_size":"11","column_key":"PRI","column_name":"hospital_id","table_name":"staff_previous_hospital","column_label":"Hospital Id","db":"health4all","column_comment":"","relation_type":"branching_masters","active":true,"branch_on":"bb_external_patient"},{"column_type":"int","column_size":"4","column_key":"PRI","column_name":"staff_id","table_name":"staff","column_label":"Staff Id","db":"health4all","column_comment":"","relation_type":"branching_masters","active":true,"branch_on":"blood_request"},{"column_type":"int","column_size":"11","column_key":"PRI","column_name":"patient_id","table_name":"bb_external_patient","column_label":"Patient Id","db":"health4all","column_comment":"","relation_type":"branching_masters","active":true,"branch_on":"blood_request"},{"column_type":"int","column_size":"7","column_key":"PRI","column_name":"visit_id","table_name":"mlc","column_label":"Visit Id","db":"health4all","column_comment":"","relation_type":"branching_masters","active":true,"branch_on":"blood_request"},{"column_type":"int","column_size":"7","column_key":"PRI","column_name":"visit_id","table_name":"patient_visit","column_label":"Visit Id","db":"health4all","column_comment":"","relation_type":"branching_masters","active":true,"branch_on":"blood_request"},{"column_type":"int","column_size":"3","column_key":"PRI","column_name":"hospital_id","table_name":"hospital","column_label":"Hospital Id","db":"health4all","column_comment":"","relation_type":"branching_masters","active":true,"branch_on":"blood_request"},{"column_type":"int","column_size":"11","column_key":"PRI","column_name":"hospital_id","table_name":"staff_previous_hospital","column_label":"Hospital Id","db":"health4all","column_comment":"","relation_type":"branching_masters","active":true,"branch_on":"blood_request"},{"column_type":"int","column_size":"11","column_key":"PRI","column_name":"patient_id","table_name":"bb_external_patient","column_label":"Patient Id","db":"health4all","column_comment":"","relation_type":"branching_masters","active":true,"branch_on":"marital_info"},{"column_type":"int","column_size":"11","column_key":"PRI","column_name":"patient_id","table_name":"bb_external_patient","column_label":"Patient Id","db":"health4all","column_comment":"","relation_type":"branching_masters","active":true,"branch_on":"obstetric_history"},{"column_type":"int","column_size":"11","column_key":"PRI","column_name":"patient_id","table_name":"bb_external_patient","column_label":"Patient Id","db":"health4all","column_comment":"","relation_type":"branching_masters","active":true,"branch_on":"patient_obstetric_history"},{"column_type":"int","column_size":"3","column_key":"PRI","column_name":"hospital_id","table_name":"hospital","column_label":"Hospital Id","db":"health4all","column_comment":"","relation_type":"branching_masters","active":true,"branch_on":"patient_visit"},{"column_type":"int","column_size":"11","column_key":"PRI","column_name":"hospital_id","table_name":"staff_previous_hospital","column_label":"Hospital Id","db":"health4all","column_comment":"","relation_type":"branching_masters","active":true,"branch_on":"patient_visit"},{"column_type":"int","column_size":"11","column_key":"PRI","column_name":"visit_name_id","table_name":"visit_name","column_label":"Visit Name Id","db":"health4all","column_comment":"","relation_type":"branching_masters","active":true,"branch_on":"patient_visit"},{"column_type":"int","column_size":"11","column_key":"PRI","column_name":"patient_id","table_name":"bb_external_patient","column_label":"Patient Id","db":"health4all","column_comment":"","relation_type":"branching_masters","active":true,"branch_on":"patient_visit"},{"column_type":"int","column_size":"3","column_key":"PRI","column_name":"department_id","table_name":"department","column_label":"Department Id","db":"health4all","column_comment":"","relation_type":"branching_masters","active":true,"branch_on":"patient_visit"},{"column_type":"int","column_size":"11","column_key":"PRI","column_name":"insurance_id","table_name":"insurance","column_label":"Insurance Id","db":"health4all","column_comment":"","relation_type":"branching_masters","active":true,"branch_on":"patient_visit"}]}