{"entity_type":"sql_table","folder_name":"app_one/scaffold","file_name":"health4all_helpline_receiver","extension":".json","table_type":"","app_name":"app_one","db":"health4all","table_name":"helpline_receiver","ops":[{"op_name":"","params":{}}],"table_columns":[{"column_type":"int","column_size":"11","column_key":"PRI","column_name":"receiver_id","table_name":"helpline_receiver","column_label":"Receiver Id","db":"health4all","column_comment":""},{"column_type":"varchar","column_size":"20","column_key":"","column_name":"phone","table_name":"helpline_receiver","column_label":"Phone","db":"health4all","column_comment":""},{"column_type":"varchar","column_size":"100","column_key":"","column_name":"full_name","table_name":"helpline_receiver","column_label":"Full Name","db":"health4all","column_comment":""},{"column_type":"varchar","column_size":"20","column_key":"","column_name":"short_name","table_name":"helpline_receiver","column_label":"Short Name","db":"health4all","column_comment":""},{"column_type":"varchar","column_size":"100","column_key":"","column_name":"email","table_name":"helpline_receiver","column_label":"Email","db":"health4all","column_comment":""},{"column_type":"varchar","column_size":"100","column_key":"","column_name":"category","table_name":"helpline_receiver","column_label":"Category","db":"health4all","column_comment":""},{"column_type":"int","column_size":"11","column_key":"","column_name":"user_id","table_name":"helpline_receiver","column_label":"User Id","db":"health4all","column_comment":""},{"column_type":"tinyint","column_size":"4","column_key":"","column_name":"doctor","table_name":"helpline_receiver","column_label":"Doctor","db":"health4all","column_comment":"1 for True and 0 for False"},{"column_type":"tinyint","column_size":"4","column_key":"","column_name":"enable_outbound","table_name":"helpline_receiver","column_label":"Enable Outbound","db":"health4all","column_comment":"1 for True and 0 for False"},{"column_type":"varchar","column_size":"6","column_key":"","column_name":"app_id","table_name":"helpline_receiver","column_label":"App Id","db":"health4all","column_comment":"app_id of telecom provider"},{"column_type":"int","column_size":"11","column_key":"","column_name":"helpline_id","table_name":"helpline_receiver","column_label":"Helpline Id","db":"health4all","column_comment":"caller_id of telecom provider"},{"column_type":"tinyint","column_size":"4","column_key":"","column_name":"activity_status","table_name":"helpline_receiver","column_label":"Activity Status","db":"health4all","column_comment":"1 for active and 0 for inactive"}],"labels":[{"column_type":"varchar","column_size":"20","column_key":"","column_name":"phone","table_name":"helpline_receiver","column_label":"Phone","db":"health4all","column_comment":""},{"column_type":"varchar","column_size":"100","column_key":"","column_name":"full_name","table_name":"helpline_receiver","column_label":"Full Name","db":"health4all","column_comment":""},{"column_type":"varchar","column_size":"20","column_key":"","column_name":"short_name","table_name":"helpline_receiver","column_label":"Short Name","db":"health4all","column_comment":""},{"column_type":"varchar","column_size":"100","column_key":"","column_name":"email","table_name":"helpline_receiver","column_label":"Email","db":"health4all","column_comment":""},{"column_type":"varchar","column_size":"100","column_key":"","column_name":"category","table_name":"helpline_receiver","column_label":"Category","db":"health4all","column_comment":""},{"column_type":"varchar","column_size":"6","column_key":"","column_name":"app_id","table_name":"helpline_receiver","column_label":"App Id","db":"health4all","column_comment":"app_id of telecom provider"}],"relation":[{"column_type":"int","column_size":"7","column_key":"PRI","column_name":"user_id","table_name":"bb_user","column_label":"User Id","db":"health4all","column_comment":"","relation_type":"masters","active":true},{"column_type":"int","column_size":"4","column_key":"PRI","column_name":"user_id","table_name":"user","column_label":"User Id","db":"health4all","column_comment":"","relation_type":"masters","active":true},{"column_type":"int","column_size":"11","column_key":"PRI","column_name":"helpline_id","table_name":"helpline","column_label":"Helpline Id","db":"health4all","column_comment":"","relation_type":"masters","active":true},{"column_type":"int","column_size":"11","column_key":"","column_name":"receiver_id","table_name":"helpline_receiver_link","column_label":"Receiver Id","db":"health4all","column_comment":"","relation_type":"derived","active":true},{"column_type":"int","column_size":"11","column_key":"PRI","column_name":"helpline_id","table_name":"helpline","column_label":"Helpline Id","db":"health4all","column_comment":"","relation_type":"branching_masters","active":true,"branch_on":"helpline_receiver_link"},{"column_type":"int","column_size":"4","column_key":"PRI","column_name":"staff_id","table_name":"staff","column_label":"Staff Id","db":"health4all","column_comment":"","relation_type":"branching_masters","active":true,"branch_on":"user"}]}