{"entity_type":"sql_table","folder_name":"app_one/scaffold","file_name":"health4all_patient_arrival_mode","extension":".json","table_type":"","app_name":"app_one","db":"health4all","table_name":"patient_arrival_mode","ops":[{"op_name":"","params":{}}],"table_columns":[{"column_type":"int","column_size":"11","column_key":"PRI","column_name":"arrival_id","table_name":"patient_arrival_mode","column_label":"Arrival Id","db":"health4all","column_comment":""},{"column_type":"varchar","column_size":"25","column_key":"","column_name":"arrival_mode","table_name":"patient_arrival_mode","column_label":"Arrival Mode","db":"health4all","column_comment":""}],"labels":[{"column_type":"varchar","column_size":"25","column_key":"","column_name":"arrival_mode","table_name":"patient_arrival_mode","column_label":"Arrival Mode","db":"health4all","column_comment":""}],"relation":[]}