{"entity_type":"sql_table","folder_name":"app_one/scaffold","file_name":"health4all_staff_applicant_work_expriance","extension":".json","table_type":"","app_name":"app_one","db":"health4all","table_name":"staff_applicant_work_expriance","ops":[{"op_name":"","params":{}}],"table_columns":[{"column_type":"int","column_size":"11","column_key":"PRI","column_name":"experiance_id","table_name":"staff_applicant_work_expriance","column_label":"Experiance Id","db":"health4all","column_comment":""},{"column_type":"int","column_size":"11","column_key":"","column_name":"applicant_id","table_name":"staff_applicant_work_expriance","column_label":"Applicant Id","db":"health4all","column_comment":""},{"column_type":"int","column_size":"11","column_key":"","column_name":"hospital_id","table_name":"staff_applicant_work_expriance","column_label":"Hospital Id","db":"health4all","column_comment":""},{"column_type":"int","column_size":"11","column_key":"","column_name":"role_id","table_name":"staff_applicant_work_expriance","column_label":"Role Id","db":"health4all","column_comment":""},{"column_type":"varchar","column_size":"2","column_key":"","column_name":"experiance_years","table_name":"staff_applicant_work_expriance","column_label":"Experiance Years","db":"health4all","column_comment":""},{"column_type":"date","column_key":"","column_name":"from_date","table_name":"staff_applicant_work_expriance","column_label":"From Date","db":"health4all","column_comment":""},{"column_type":"date","column_key":"","column_name":"to_date","table_name":"staff_applicant_work_expriance","column_label":"To Date","db":"health4all","column_comment":""},{"column_type":"int","column_size":"11","column_key":"","column_name":"staff_id","table_name":"staff_applicant_work_expriance","column_label":"Staff Id","db":"health4all","column_comment":""}],"labels":[{"column_type":"varchar","column_size":"2","column_key":"","column_name":"experiance_years","table_name":"staff_applicant_work_expriance","column_label":"Experiance Years","db":"health4all","column_comment":""}],"relation":[{"column_type":"int","column_size":"11","column_key":"PRI","column_name":"applicant_id","table_name":"staff_applicant","column_label":"Applicant Id","db":"health4all","column_comment":"","relation_type":"masters","active":true},{"column_type":"int","column_size":"3","column_key":"PRI","column_name":"hospital_id","table_name":"hospital","column_label":"Hospital Id","db":"health4all","column_comment":"","relation_type":"masters","active":true},{"column_type":"int","column_size":"11","column_key":"PRI","column_name":"hospital_id","table_name":"staff_previous_hospital","column_label":"Hospital Id","db":"health4all","column_comment":"","relation_type":"masters","active":true},{"column_type":"int","column_size":"4","column_key":"PRI","column_name":"staff_id","table_name":"staff","column_label":"Staff Id","db":"health4all","column_comment":"","relation_type":"masters","active":true},{"column_type":"int","column_size":"3","column_key":"PRI","column_name":"district_id","table_name":"district","column_label":"District Id","db":"health4all","column_comment":"","relation_type":"branching_masters","active":true,"branch_on":"staff_applicant"},{"column_type":"int","column_size":"11","column_key":"PRI","column_name":"drive_id","table_name":"staff_recruitment_drive","column_label":"Drive Id","db":"health4all","column_comment":"","relation_type":"branching_masters","active":true,"branch_on":"staff_applicant"},{"column_type":"int","column_size":"4","column_key":"PRI","column_name":"staff_id","table_name":"staff","column_label":"Staff Id","db":"health4all","column_comment":"","relation_type":"branching_masters","active":true,"branch_on":"staff_applicant"},{"column_type":"int","column_size":"6","column_key":"PRI","column_name":"village_town_id","table_name":"village_town","column_label":"Village Town Id","db":"health4all","column_comment":"","relation_type":"branching_masters","active":true,"branch_on":"hospital"},{"column_type":"int","column_size":"3","column_key":"PRI","column_name":"district_id","table_name":"district","column_label":"District Id","db":"health4all","column_comment":"","relation_type":"branching_masters","active":true,"branch_on":"staff_previous_hospital"},{"column_type":"int","column_size":"3","column_key":"PRI","column_name":"hospital_id","table_name":"hospital","column_label":"Hospital Id","db":"health4all","column_comment":"","relation_type":"branching_masters","active":true,"branch_on":"staff"},{"column_type":"int","column_size":"11","column_key":"PRI","column_name":"hospital_id","table_name":"staff_previous_hospital","column_label":"Hospital Id","db":"health4all","column_comment":"","relation_type":"branching_masters","active":true,"branch_on":"staff"},{"column_type":"int","column_size":"3","column_key":"PRI","column_name":"department_id","table_name":"department","column_label":"Department Id","db":"health4all","column_comment":"","relation_type":"branching_masters","active":true,"branch_on":"staff"},{"column_type":"int","column_size":"4","column_key":"PRI","column_name":"unit_id","table_name":"unit","column_label":"Unit Id","db":"health4all","column_comment":"","relation_type":"branching_masters","active":true,"branch_on":"staff"},{"column_type":"int","column_size":"4","column_key":"PRI","column_name":"area_id","table_name":"area","column_label":"Area Id","db":"health4all","column_comment":"","relation_type":"branching_masters","active":true,"branch_on":"staff"},{"column_type":"int","column_size":"11","column_key":"PRI","column_name":"staff_category_id","table_name":"staff_category","column_label":"Staff Category Id","db":"health4all","column_comment":"","relation_type":"branching_masters","active":true,"branch_on":"staff"},{"column_type":"int","column_size":"6","column_key":"PRI","column_name":"staff_role_id","table_name":"staff_role","column_label":"Staff Role Id","db":"health4all","column_comment":"","relation_type":"branching_masters","active":true,"branch_on":"staff"},{"column_type":"int","column_size":"6","column_key":"PRI","column_name":"qualification_id","table_name":"qualification","column_label":"Qualification Id","db":"health4all","column_comment":"","relation_type":"branching_masters","active":true,"branch_on":"staff"},{"column_type":"int","column_size":"11","column_key":"PRI","column_name":"qualification_id","table_name":"staff_applicant_qualification_master","column_label":"Qualification Id","db":"health4all","column_comment":"","relation_type":"branching_masters","active":true,"branch_on":"staff"}]}