{"entity_type":"sql_table","folder_name":"app_one/scaffold","file_name":"health4all_list_department","extension":".json","table_type":"","app_name":"app_one","db":"health4all","table_name":"list_department","ops":[{"op_name":"","params":{}}],"table_columns":[{"column_type":"int","column_size":"11","column_key":"PRI","column_name":"list_department_id","table_name":"list_department","column_label":"List Department Id","db":"health4all","column_comment":""},{"column_type":"varchar","column_size":"100","column_key":"","column_name":"department","table_name":"list_department","column_label":"Department","db":"health4all","column_comment":""}],"labels":[{"column_type":"varchar","column_size":"100","column_key":"","column_name":"department","table_name":"list_department","column_label":"Department","db":"health4all","column_comment":""}],"relation":[]}