{"entity_type":"sql_table","folder_name":"app_one/scaffold","file_name":"health4all_country","extension":".json","table_type":"","app_name":"app_one","db":"health4all","table_name":"country","ops":[{"op_name":"","params":{}}],"table_columns":[{"column_type":"int","column_size":"11","column_key":"PRI","column_name":"country_id","table_name":"country","column_label":"Country Id","db":"health4all","column_comment":""},{"column_type":"varchar","column_size":"100","column_key":"","column_name":"country","table_name":"country","column_label":"Country","db":"health4all","column_comment":""}],"labels":[{"column_type":"varchar","column_size":"100","column_key":"","column_name":"country","table_name":"country","column_label":"Country","db":"health4all","column_comment":""}],"relation":[{"column_type":"int","column_size":"11","column_key":"PRI","column_name":"country_id","table_name":"country_codes","column_label":"Country Id","db":"health4all","column_comment":"","relation_type":"derived","active":true},{"column_type":"int","column_size":"11","column_key":"","column_name":"country_id","table_name":"state","column_label":"Country Id","db":"health4all","column_comment":"","relation_type":"derived","active":true},{"column_type":"int","column_size":"11","column_key":"PRI","column_name":"country_id","table_name":"country_codes","column_label":"Country Id","db":"health4all","column_comment":"","relation_type":"branching_masters","active":true,"branch_on":"state"}]}