{"entity_type":"sql_table","folder_name":"app_one/scaffold","file_name":"health4all_default_setting","extension":".json","table_type":"","app_name":"app_one","db":"health4all","table_name":"default_setting","ops":[{"op_name":"","params":{}}],"table_columns":[{"column_type":"int","column_size":"11","column_key":"PRI","column_name":"setting_id","table_name":"default_setting","column_label":"Setting Id","db":"health4all","column_comment":""},{"column_type":"varchar","column_size":"30","column_key":"","column_name":"table","table_name":"default_setting","column_label":"Table","db":"health4all","column_comment":""},{"column_type":"varchar","column_size":"50","column_key":"","column_name":"primary_key","table_name":"default_setting","column_label":"Primary Key","db":"health4all","column_comment":""},{"column_type":"int","column_size":"11","column_key":"","column_name":"default_value","table_name":"default_setting","column_label":"Default Value","db":"health4all","column_comment":""},{"column_type":"varchar","column_size":"25","column_key":"","column_name":"default_value_text","table_name":"default_setting","column_label":"Default Value Text","db":"health4all","column_comment":""}],"labels":[{"column_type":"varchar","column_size":"30","column_key":"","column_name":"table","table_name":"default_setting","column_label":"Table","db":"health4all","column_comment":""},{"column_type":"varchar","column_size":"50","column_key":"","column_name":"primary_key","table_name":"default_setting","column_label":"Primary Key","db":"health4all","column_comment":""},{"column_type":"varchar","column_size":"25","column_key":"","column_name":"default_value_text","table_name":"default_setting","column_label":"Default Value Text","db":"health4all","column_comment":""}],"relation":[]}