{"entity_type":"sql_table","folder_name":"app_one/scaffold","file_name":"health4all_hospital","extension":".json","table_type":"","app_name":"app_one","db":"health4all","table_name":"hospital","ops":[{"op_name":"","params":{}}],"table_columns":[{"column_type":"int","column_size":"3","column_key":"PRI","column_name":"hospital_id","table_name":"hospital","column_label":"Hospital Id","db":"health4all","column_comment":""},{"column_type":"int","column_size":"6","column_key":"","column_name":"hospital_type_id","table_name":"hospital","column_label":"Hospital Type Id","db":"health4all","column_comment":""},{"column_type":"varchar","column_size":"200","column_key":"","column_name":"hospital","table_name":"hospital","column_label":"Hospital","db":"health4all","column_comment":""},{"column_type":"varchar","column_size":"25","column_key":"","column_name":"hospital_short_name","table_name":"hospital","column_label":"Hospital Short Name","db":"health4all","column_comment":""},{"column_type":"varchar","column_size":"200","column_key":"","column_name":"description","table_name":"hospital","column_label":"Description","db":"health4all","column_comment":""},{"column_type":"varchar","column_size":"50","column_key":"","column_name":"place","table_name":"hospital","column_label":"Place","db":"health4all","column_comment":""},{"column_type":"int","column_size":"6","column_key":"","column_name":"village_town_id","table_name":"hospital","column_label":"Village Town Id","db":"health4all","column_comment":""},{"column_type":"varchar","column_size":"50","column_key":"","column_name":"district","table_name":"hospital","column_label":"District","db":"health4all","column_comment":""},{"column_type":"varchar","column_size":"50","column_key":"","column_name":"state","table_name":"hospital","column_label":"State","db":"health4all","column_comment":""},{"column_type":"varchar","column_size":"200","column_key":"","column_name":"logo","table_name":"hospital","column_label":"Logo","db":"health4all","column_comment":""},{"column_type":"varchar","column_size":"50","column_key":"","column_name":"type1","table_name":"hospital","column_label":"Type1","db":"health4all","column_comment":"Private, Public, Non-Profit"},{"column_type":"varchar","column_size":"50","column_key":"","column_name":"type2","table_name":"hospital","column_label":"Type2","db":"health4all","column_comment":"State Govt., Central Govt."},{"column_type":"varchar","column_size":"50","column_key":"","column_name":"type3","table_name":"hospital","column_label":"Type3","db":"health4all","column_comment":"Teaching, Non-Teaching"},{"column_type":"varchar","column_size":"50","column_key":"","column_name":"type4","table_name":"hospital","column_label":"Type4","db":"health4all","column_comment":"District, Area, CHC, PHC, Sub Centre"},{"column_type":"varchar","column_size":"50","column_key":"","column_name":"type5","table_name":"hospital","column_label":"Type5","db":"health4all","column_comment":"Urban, Rural"},{"column_type":"varchar","column_size":"50","column_key":"","column_name":"type6","table_name":"hospital","column_label":"Type6","db":"health4all","column_comment":"DME, VVP, DH"}],"labels":[{"column_type":"varchar","column_size":"200","column_key":"","column_name":"hospital","table_name":"hospital","column_label":"Hospital","db":"health4all","column_comment":""},{"column_type":"varchar","column_size":"25","column_key":"","column_name":"hospital_short_name","table_name":"hospital","column_label":"Hospital Short Name","db":"health4all","column_comment":""},{"column_type":"varchar","column_size":"200","column_key":"","column_name":"description","table_name":"hospital","column_label":"Description","db":"health4all","column_comment":""},{"column_type":"varchar","column_size":"50","column_key":"","column_name":"place","table_name":"hospital","column_label":"Place","db":"health4all","column_comment":""},{"column_type":"varchar","column_size":"50","column_key":"","column_name":"district","table_name":"hospital","column_label":"District","db":"health4all","column_comment":""},{"column_type":"varchar","column_size":"50","column_key":"","column_name":"state","table_name":"hospital","column_label":"State","db":"health4all","column_comment":""},{"column_type":"varchar","column_size":"200","column_key":"","column_name":"logo","table_name":"hospital","column_label":"Logo","db":"health4all","column_comment":""},{"column_type":"varchar","column_size":"50","column_key":"","column_name":"type1","table_name":"hospital","column_label":"Type1","db":"health4all","column_comment":"Private, Public, Non-Profit"},{"column_type":"varchar","column_size":"50","column_key":"","column_name":"type2","table_name":"hospital","column_label":"Type2","db":"health4all","column_comment":"State Govt., Central Govt."},{"column_type":"varchar","column_size":"50","column_key":"","column_name":"type3","table_name":"hospital","column_label":"Type3","db":"health4all","column_comment":"Teaching, Non-Teaching"},{"column_type":"varchar","column_size":"50","column_key":"","column_name":"type4","table_name":"hospital","column_label":"Type4","db":"health4all","column_comment":"District, Area, CHC, PHC, Sub Centre"},{"column_type":"varchar","column_size":"50","column_key":"","column_name":"type5","table_name":"hospital","column_label":"Type5","db":"health4all","column_comment":"Urban, Rural"},{"column_type":"varchar","column_size":"50","column_key":"","column_name":"type6","table_name":"hospital","column_label":"Type6","db":"health4all","column_comment":"DME, VVP, DH"}],"relation":[{"column_type":"int","column_size":"6","column_key":"PRI","column_name":"village_town_id","table_name":"village_town","column_label":"Village Town Id","db":"health4all","column_comment":"","relation_type":"masters","active":true},{"column_type":"int","column_size":"11","column_key":"","column_name":"hospital_id","table_name":"antibiotic","column_label":"Hospital Id","db":"health4all","column_comment":"","relation_type":"derived","active":true},{"column_type":"int","column_size":"11","column_key":"","column_name":"hospital_id","table_name":"bb_app_slot_link","column_label":"Hospital Id","db":"health4all","column_comment":"","relation_type":"derived","active":true},{"column_type":"int","column_size":"11","column_key":"","column_name":"hospital_id","table_name":"bb_appointment","column_label":"Hospital Id","db":"health4all","column_comment":"","relation_type":"derived","active":true},{"column_type":"int","column_size":"11","column_key":"","column_name":"hospital_id","table_name":"bb_donation","column_label":"Hospital Id","db":"health4all","column_comment":"","relation_type":"derived","active":true},{"column_type":"int","column_size":"11","column_key":"MUL","column_name":"hospital_id","table_name":"bb_external_patient","column_label":"Hospital Id","db":"health4all","column_comment":"","relation_type":"derived","active":true},{"column_type":"int","column_size":"11","column_key":"","column_name":"hospital_id","table_name":"bb_replacement_patient","column_label":"Hospital Id","db":"health4all","column_comment":"","relation_type":"derived","active":true},{"column_type":"int","column_size":"11","column_key":"","column_name":"hospital_id","table_name":"bb_slot","column_label":"Hospital Id","db":"health4all","column_comment":"","relation_type":"derived","active":true},{"column_type":"int","column_size":"11","column_key":"","column_name":"hospital_id","table_name":"bb_user","column_label":"Hospital Id","db":"health4all","column_comment":"","relation_type":"derived","active":true},{"column_type":"int","column_size":"11","column_key":"","column_name":"hospital_id","table_name":"blood_donation_camp","column_label":"Hospital Id","db":"health4all","column_comment":"","relation_type":"derived","active":true},{"column_type":"int","column_size":"11","column_key":"","column_name":"hospital_id","table_name":"blood_donor","column_label":"Hospital Id","db":"health4all","column_comment":"","relation_type":"derived","active":true},{"column_type":"int","column_size":"11","column_key":"","column_name":"hospital_id","table_name":"blood_grouping","column_label":"Hospital Id","db":"health4all","column_comment":"","relation_type":"derived","active":true},{"column_type":"int","column_size":"11","column_key":"","column_name":"hospital_id","table_name":"blood_inventory","column_label":"Hospital Id","db":"health4all","column_comment":"","relation_type":"derived","active":true},{"column_type":"int","column_size":"11","column_key":"","column_name":"hospital_id","table_name":"blood_issue","column_label":"Hospital Id","db":"health4all","column_comment":"","relation_type":"derived","active":true},{"column_type":"int","column_size":"11","column_key":"","column_name":"hospital_id","table_name":"blood_request","column_label":"Hospital Id","db":"health4all","column_comment":"","relation_type":"derived","active":true},{"column_type":"int","column_size":"11","column_key":"","column_name":"hospital_id","table_name":"blood_screening","column_label":"Hospital Id","db":"health4all","column_comment":"","relation_type":"derived","active":true},{"column_type":"int","column_size":"11","column_key":"","column_name":"hospital_id","table_name":"counter","column_label":"Hospital Id","db":"health4all","column_comment":"","relation_type":"derived","active":true},{"column_type":"int","column_size":"6","column_key":"MUL","column_name":"hospital_id","table_name":"department","column_label":"Hospital Id","db":"health4all","column_comment":"","relation_type":"derived","active":true},{"column_type":"int","column_size":"11","column_key":"","column_name":"hospital_id","table_name":"drug_available","column_label":"Hospital Id","db":"health4all","column_comment":"","relation_type":"derived","active":true},{"column_type":"int","column_size":"3","column_key":"","column_name":"hospital_id","table_name":"equipment","column_label":"Hospital Id","db":"health4all","column_comment":"","relation_type":"derived","active":true},{"column_type":"int","column_size":"11","column_key":"","column_name":"hospital_id","table_name":"form","column_label":"Hospital Id","db":"health4all","column_comment":"","relation_type":"derived","active":true},{"column_type":"int","column_size":"11","column_key":"","column_name":"hospital_id","table_name":"helpline_call","column_label":"Hospital Id","db":"health4all","column_comment":"","relation_type":"derived","active":true},{"column_type":"int","column_size":"11","column_key":"","column_name":"hospital_id","table_name":"helpline_numbers","column_label":"Hospital Id","db":"health4all","column_comment":"","relation_type":"derived","active":true},{"column_type":"int","column_size":"11","column_key":"MUL","column_name":"hospital_id","table_name":"indent","column_label":"Hospital Id","db":"health4all","column_comment":"","relation_type":"derived","active":true},{"column_type":"int","column_size":"11","column_key":"","column_name":"hospital_id","table_name":"indent_item","column_label":"Hospital Id","db":"health4all","column_comment":"","relation_type":"derived","active":true},{"column_type":"int","column_size":"11","column_key":"","column_name":"hospital_id","table_name":"lab_unit","column_label":"Hospital Id","db":"health4all","column_comment":"","relation_type":"derived","active":true},{"column_type":"int","column_size":"11","column_key":"","column_name":"hospital_id","table_name":"micro_organism","column_label":"Hospital Id","db":"health4all","column_comment":"","relation_type":"derived","active":true},{"column_type":"int","column_size":"11","column_key":"","column_name":"hospital_id","table_name":"patient","column_label":"Hospital Id","db":"health4all","column_comment":"","relation_type":"derived","active":true},{"column_type":"int","column_size":"11","column_key":"MUL","column_name":"hospital_id","table_name":"patient_visit","column_label":"Hospital Id","db":"health4all","column_comment":"","relation_type":"derived","active":true},{"column_type":"int","column_size":"11","column_key":"","column_name":"hospital_id","table_name":"specimen_type","column_label":"Hospital Id","db":"health4all","column_comment":"","relation_type":"derived","active":true},{"column_type":"int","column_size":"3","column_key":"","column_name":"hospital_id","table_name":"staff","column_label":"Hospital Id","db":"health4all","column_comment":"","relation_type":"derived","active":true},{"column_type":"int","column_size":"11","column_key":"","column_name":"hospital_id","table_name":"staff_applicant_work_expriance","column_label":"Hospital Id","db":"health4all","column_comment":"","relation_type":"derived","active":true},{"column_type":"int","column_size":"11","column_key":"PRI","column_name":"hospital_id","table_name":"staff_previous_hospital","column_label":"Hospital Id","db":"health4all","column_comment":"","relation_type":"derived","active":true},{"column_type":"int","column_size":"11","column_key":"","column_name":"hospital_id","table_name":"supply_chain_party","column_label":"Hospital Id","db":"health4all","column_comment":"","relation_type":"derived","active":true},{"column_type":"int","column_size":"11","column_key":"","column_name":"hospital_id","table_name":"test_area","column_label":"Hospital Id","db":"health4all","column_comment":"","relation_type":"derived","active":true},{"column_type":"int","column_size":"11","column_key":"","column_name":"hospital_id","table_name":"test_assay","column_label":"Hospital Id","db":"health4all","column_comment":"","relation_type":"derived","active":true},{"column_type":"int","column_size":"11","column_key":"","column_name":"hospital_id","table_name":"test_master","column_label":"Hospital Id","db":"health4all","column_comment":"","relation_type":"derived","active":true},{"column_type":"int","column_size":"11","column_key":"","column_name":"hospital_id","table_name":"test_method","column_label":"Hospital Id","db":"health4all","column_comment":"","relation_type":"derived","active":true},{"column_type":"int","column_size":"11","column_key":"MUL","column_name":"hospital_id","table_name":"test_order","column_label":"Hospital Id","db":"health4all","column_comment":"","relation_type":"derived","active":true},{"column_type":"int","column_size":"11","column_key":"","column_name":"hospital_id","table_name":"user_hospital_link","column_label":"Hospital Id","db":"health4all","column_comment":"","relation_type":"derived","active":true},{"column_type":"int","column_size":"11","column_key":"PRI","column_name":"hospital_id","table_name":"staff_previous_hospital","column_label":"Hospital Id","db":"health4all","column_comment":"","relation_type":"branching_masters","active":true,"branch_on":"antibiotic"},{"column_type":"int","column_size":"7","column_key":"PRI","column_name":"appointment_id","table_name":"bb_appointment","column_label":"Appointment Id","db":"health4all","column_comment":"","relation_type":"branching_masters","active":true,"branch_on":"bb_app_slot_link"},{"column_type":"int","column_size":"7","column_key":"PRI","column_name":"slot_id","table_name":"bb_slot","column_label":"Slot Id","db":"health4all","column_comment":"","relation_type":"branching_masters","active":true,"branch_on":"bb_app_slot_link"},{"column_type":"int","column_size":"11","column_key":"PRI","column_name":"hospital_id","table_name":"staff_previous_hospital","column_label":"Hospital Id","db":"health4all","column_comment":"","relation_type":"branching_masters","active":true,"branch_on":"bb_app_slot_link"},{"column_type":"int","column_size":"7","column_key":"PRI","column_name":"donor_id","table_name":"blood_donor","column_label":"Donor Id","db":"health4all","column_comment":"","relation_type":"branching_masters","active":true,"branch_on":"bb_appointment"},{"column_type":"int","column_size":"7","column_key":"PRI","column_name":"slot_id","table_name":"bb_slot","column_label":"Slot Id","db":"health4all","column_comment":"","relation_type":"branching_masters","active":true,"branch_on":"bb_appointment"},{"column_type":"int","column_size":"11","column_key":"PRI","column_name":"hospital_id","table_name":"staff_previous_hospital","column_label":"Hospital Id","db":"health4all","column_comment":"","relation_type":"branching_masters","active":true,"branch_on":"bb_appointment"},{"column_type":"int","column_size":"7","column_key":"PRI","column_name":"donor_id","table_name":"blood_donor","column_label":"Donor Id","db":"health4all","column_comment":"","relation_type":"branching_masters","active":true,"branch_on":"bb_donation"},{"column_type":"int","column_size":"7","column_key":"PRI","column_name":"replacement_patient_id","table_name":"bb_replacement_patient","column_label":"Replacement Patient Id","db":"health4all","column_comment":"","relation_type":"branching_masters","active":true,"branch_on":"bb_donation"},{"column_type":"int","column_size":"11","column_key":"PRI","column_name":"status_id","table_name":"bb_status","column_label":"Status Id","db":"health4all","column_comment":"","relation_type":"branching_masters","active":true,"branch_on":"bb_donation"},{"column_type":"int","column_size":"11","column_key":"PRI","column_name":"camp_id","table_name":"blood_donation_camp","column_label":"Camp Id","db":"health4all","column_comment":"","relation_type":"branching_masters","active":true,"branch_on":"bb_donation"},{"column_type":"int","column_size":"11","column_key":"PRI","column_name":"camp_id","table_name":"blood_donation_camp_date","column_label":"Camp Id","db":"health4all","column_comment":"","relation_type":"branching_masters","active":true,"branch_on":"bb_donation"},{"column_type":"int","column_size":"11","column_key":"PRI","column_name":"hospital_id","table_name":"staff_previous_hospital","column_label":"Hospital Id","db":"health4all","column_comment":"","relation_type":"branching_masters","active":true,"branch_on":"bb_donation"},{"column_type":"int","column_size":"11","column_key":"PRI","column_name":"hospital_id","table_name":"staff_previous_hospital","column_label":"Hospital Id","db":"health4all","column_comment":"","relation_type":"branching_masters","active":true,"branch_on":"bb_external_patient"},{"column_type":"int","column_size":"11","column_key":"PRI","column_name":"hospital_id","table_name":"staff_previous_hospital","column_label":"Hospital Id","db":"health4all","column_comment":"","relation_type":"branching_masters","active":true,"branch_on":"bb_replacement_patient"},{"column_type":"int","column_size":"11","column_key":"PRI","column_name":"hospital_id","table_name":"staff_previous_hospital","column_label":"Hospital Id","db":"health4all","column_comment":"","relation_type":"branching_masters","active":true,"branch_on":"bb_slot"},{"column_type":"int","column_size":"11","column_key":"PRI","column_name":"hospital_id","table_name":"staff_previous_hospital","column_label":"Hospital Id","db":"health4all","column_comment":"","relation_type":"branching_masters","active":true,"branch_on":"bb_user"},{"column_type":"int","column_size":"11","column_key":"PRI","column_name":"hospital_id","table_name":"staff_previous_hospital","column_label":"Hospital Id","db":"health4all","column_comment":"","relation_type":"branching_masters","active":true,"branch_on":"blood_donation_camp"},{"column_type":"int","column_size":"11","column_key":"PRI","column_name":"hospital_id","table_name":"staff_previous_hospital","column_label":"Hospital Id","db":"health4all","column_comment":"","relation_type":"branching_masters","active":true,"branch_on":"blood_donor"},{"column_type":"int","column_size":"7","column_key":"PRI","column_name":"donation_id","table_name":"bb_donation","column_label":"Donation Id","db":"health4all","column_comment":"","relation_type":"branching_masters","active":true,"branch_on":"blood_grouping"},{"column_type":"int","column_size":"11","column_key":"PRI","column_name":"hospital_id","table_name":"staff_previous_hospital","column_label":"Hospital Id","db":"health4all","column_comment":"","relation_type":"branching_masters","active":true,"branch_on":"blood_grouping"},{"column_type":"int","column_size":"11","column_key":"PRI","column_name":"status_id","table_name":"bb_status","column_label":"Status Id","db":"health4all","column_comment":"","relation_type":"branching_masters","active":true,"branch_on":"blood_inventory"},{"column_type":"int","column_size":"7","column_key":"PRI","column_name":"donation_id","table_name":"bb_donation","column_label":"Donation Id","db":"health4all","column_comment":"","relation_type":"branching_masters","active":true,"branch_on":"blood_inventory"},{"column_type":"int","column_size":"11","column_key":"PRI","column_name":"hospital_id","table_name":"staff_previous_hospital","column_label":"Hospital Id","db":"health4all","column_comment":"","relation_type":"branching_masters","active":true,"branch_on":"blood_inventory"},{"column_type":"int","column_size":"7","column_key":"PRI","column_name":"request_id","table_name":"blood_request","column_label":"Request Id","db":"health4all","column_comment":"","relation_type":"branching_masters","active":true,"branch_on":"blood_issue"},{"column_type":"int","column_size":"4","column_key":"PRI","column_name":"request_id","table_name":"service_record","column_label":"Request Id","db":"health4all","column_comment":"","relation_type":"branching_masters","active":true,"branch_on":"blood_issue"},{"column_type":"int","column_size":"11","column_key":"PRI","column_name":"hospital_id","table_name":"staff_previous_hospital","column_label":"Hospital Id","db":"health4all","column_comment":"","relation_type":"branching_masters","active":true,"branch_on":"blood_issue"},{"column_type":"int","column_size":"4","column_key":"PRI","column_name":"staff_id","table_name":"staff","column_label":"Staff Id","db":"health4all","column_comment":"","relation_type":"branching_masters","active":true,"branch_on":"blood_request"},{"column_type":"int","column_size":"11","column_key":"PRI","column_name":"patient_id","table_name":"bb_external_patient","column_label":"Patient Id","db":"health4all","column_comment":"","relation_type":"branching_masters","active":true,"branch_on":"blood_request"},{"column_type":"int","column_size":"7","column_key":"PRI","column_name":"patient_id","table_name":"patient","column_label":"Patient Id","db":"health4all","column_comment":"","relation_type":"branching_masters","active":true,"branch_on":"blood_request"},{"column_type":"int","column_size":"7","column_key":"PRI","column_name":"visit_id","table_name":"mlc","column_label":"Visit Id","db":"health4all","column_comment":"","relation_type":"branching_masters","active":true,"branch_on":"blood_request"},{"column_type":"int","column_size":"7","column_key":"PRI","column_name":"visit_id","table_name":"patient_visit","column_label":"Visit Id","db":"health4all","column_comment":"","relation_type":"branching_masters","active":true,"branch_on":"blood_request"},{"column_type":"int","column_size":"11","column_key":"PRI","column_name":"hospital_id","table_name":"staff_previous_hospital","column_label":"Hospital Id","db":"health4all","column_comment":"","relation_type":"branching_masters","active":true,"branch_on":"blood_request"},{"column_type":"int","column_size":"7","column_key":"PRI","column_name":"donation_id","table_name":"bb_donation","column_label":"Donation Id","db":"health4all","column_comment":"","relation_type":"branching_masters","active":true,"branch_on":"blood_screening"},{"column_type":"int","column_size":"11","column_key":"PRI","column_name":"hospital_id","table_name":"staff_previous_hospital","column_label":"Hospital Id","db":"health4all","column_comment":"","relation_type":"branching_masters","active":true,"branch_on":"blood_screening"},{"column_type":"int","column_size":"11","column_key":"PRI","column_name":"hospital_id","table_name":"staff_previous_hospital","column_label":"Hospital Id","db":"health4all","column_comment":"","relation_type":"branching_masters","active":true,"branch_on":"counter"},{"column_type":"int","column_size":"11","column_key":"PRI","column_name":"hospital_id","table_name":"staff_previous_hospital","column_label":"Hospital Id","db":"health4all","column_comment":"","relation_type":"branching_masters","active":true,"branch_on":"department"},{"column_type":"int","column_size":"11","column_key":"PRI","column_name":"generic_item_id","table_name":"generic_item","column_label":"Generic Item Id","db":"health4all","column_comment":"","relation_type":"branching_masters","active":true,"branch_on":"drug_available"},{"column_type":"int","column_size":"11","column_key":"PRI","column_name":"hospital_id","table_name":"staff_previous_hospital","column_label":"Hospital Id","db":"health4all","column_comment":"","relation_type":"branching_masters","active":true,"branch_on":"drug_available"},{"column_type":"int","column_size":"3","column_key":"PRI","column_name":"equipment_type_id","table_name":"equipment_type","column_label":"Equipment Type Id","db":"health4all","column_comment":"","relation_type":"branching_masters","active":true,"branch_on":"equipment"},{"column_type":"int","column_size":"11","column_key":"PRI","column_name":"vendor_id","table_name":"vendor","column_label":"Vendor Id","db":"health4all","column_comment":"","relation_type":"branching_masters","active":true,"branch_on":"equipment"},{"column_type":"int","column_size":"11","column_key":"PRI","column_name":"hospital_id","table_name":"staff_previous_hospital","column_label":"Hospital Id","db":"health4all","column_comment":"","relation_type":"branching_masters","active":true,"branch_on":"equipment"},{"column_type":"int","column_size":"3","column_key":"PRI","column_name":"department_id","table_name":"department","column_label":"Department Id","db":"health4all","column_comment":"","relation_type":"branching_masters","active":true,"branch_on":"equipment"},{"column_type":"int","column_size":"4","column_key":"PRI","column_name":"area_id","table_name":"area","column_label":"Area Id","db":"health4all","column_comment":"","relation_type":"branching_masters","active":true,"branch_on":"equipment"},{"column_type":"int","column_size":"4","column_key":"PRI","column_name":"unit_id","table_name":"unit","column_label":"Unit Id","db":"health4all","column_comment":"","relation_type":"branching_masters","active":true,"branch_on":"equipment"},{"column_type":"int","column_size":"4","column_key":"PRI","column_name":"staff_id","table_name":"staff","column_label":"Staff Id","db":"health4all","column_comment":"","relation_type":"branching_masters","active":true,"branch_on":"equipment"},{"column_type":"int","column_size":"6","column_key":"PRI","column_name":"print_layout_id","table_name":"print_layout","column_label":"Print Layout Id","db":"health4all","column_comment":"","relation_type":"branching_masters","active":true,"branch_on":"form"},{"column_type":"int","column_size":"11","column_key":"PRI","column_name":"hospital_id","table_name":"staff_previous_hospital","column_label":"Hospital Id","db":"health4all","column_comment":"","relation_type":"branching_masters","active":true,"branch_on":"form"},{"column_type":"int","column_size":"11","column_key":"PRI","column_name":"caller_type_id","table_name":"helpline_caller_type","column_label":"Caller Type Id","db":"health4all","column_comment":"","relation_type":"branching_masters","active":true,"branch_on":"helpline_call"},{"column_type":"int","column_size":"11","column_key":"PRI","column_name":"call_category_id","table_name":"helpline_call_category","column_label":"Call Category Id","db":"health4all","column_comment":"","relation_type":"branching_masters","active":true,"branch_on":"helpline_call"},{"column_type":"int","column_size":"11","column_key":"PRI","column_name":"hospital_id","table_name":"staff_previous_hospital","column_label":"Hospital Id","db":"health4all","column_comment":"","relation_type":"branching_masters","active":true,"branch_on":"helpline_call"},{"column_type":"int","column_size":"7","column_key":"PRI","column_name":"visit_id","table_name":"mlc","column_label":"Visit Id","db":"health4all","column_comment":"","relation_type":"branching_masters","active":true,"branch_on":"helpline_call"},{"column_type":"int","column_size":"7","column_key":"PRI","column_name":"visit_id","table_name":"patient_visit","column_label":"Visit Id","db":"health4all","column_comment":"","relation_type":"branching_masters","active":true,"branch_on":"helpline_call"},{"column_type":"int","column_size":"11","column_key":"PRI","column_name":"resolution_status_id","table_name":"helpline_resolution_status","column_label":"Resolution Status Id","db":"health4all","column_comment":"","relation_type":"branching_masters","active":true,"branch_on":"helpline_call"},{"column_type":"int","column_size":"11","column_key":"PRI","column_name":"call_group_id","table_name":"helpline_call_group","column_label":"Call Group Id","db":"health4all","column_comment":"","relation_type":"branching_masters","active":true,"branch_on":"helpline_call"},{"column_type":"int","column_size":"11","column_key":"PRI","column_name":"hospital_id","table_name":"staff_previous_hospital","column_label":"Hospital Id","db":"health4all","column_comment":"","relation_type":"branching_masters","active":true,"branch_on":"helpline_numbers"},{"column_type":"int","column_size":"11","column_key":"PRI","column_name":"caller_type_id","table_name":"helpline_caller_type","column_label":"Caller Type Id","db":"health4all","column_comment":"","relation_type":"branching_masters","active":true,"branch_on":"helpline_numbers"},{"column_type":"int","column_size":"11","column_key":"PRI","column_name":"resolution_status_id","table_name":"helpline_resolution_status","column_label":"Resolution Status Id","db":"health4all","column_comment":"","relation_type":"branching_masters","active":true,"branch_on":"helpline_numbers"},{"column_type":"int","column_size":"11","column_key":"PRI","column_name":"hospital_id","table_name":"staff_previous_hospital","column_label":"Hospital Id","db":"health4all","column_comment":"","relation_type":"branching_masters","active":true,"branch_on":"indent"},{"column_type":"int","column_size":"11","column_key":"PRI","column_name":"hospital_id","table_name":"staff_previous_hospital","column_label":"Hospital Id","db":"health4all","column_comment":"","relation_type":"branching_masters","active":true,"branch_on":"indent_item"},{"column_type":"int","column_size":"6","column_key":"PRI","column_name":"indent_id","table_name":"indent","column_label":"Indent Id","db":"health4all","column_comment":"","relation_type":"branching_masters","active":true,"branch_on":"indent_item"},{"column_type":"int","column_size":"11","column_key":"PRI","column_name":"item_id","table_name":"item","column_label":"Item Id","db":"health4all","column_comment":"","relation_type":"branching_masters","active":true,"branch_on":"indent_item"},{"column_type":"int","column_size":"11","column_key":"PRI","column_name":"item_id","table_name":"item_master","column_label":"Item Id","db":"health4all","column_comment":"","relation_type":"branching_masters","active":true,"branch_on":"indent_item"},{"column_type":"int","column_size":"11","column_key":"PRI","column_name":"hospital_id","table_name":"staff_previous_hospital","column_label":"Hospital Id","db":"health4all","column_comment":"","relation_type":"branching_masters","active":true,"branch_on":"lab_unit"},{"column_type":"int","column_size":"11","column_key":"PRI","column_name":"hospital_id","table_name":"staff_previous_hospital","column_label":"Hospital Id","db":"health4all","column_comment":"","relation_type":"branching_masters","active":true,"branch_on":"micro_organism"},{"column_type":"int","column_size":"3","column_key":"PRI","column_name":"district_id","table_name":"district","column_label":"District Id","db":"health4all","column_comment":"","relation_type":"branching_masters","active":true,"branch_on":"patient"},{"column_type":"int","column_size":"4","column_key":"PRI","column_name":"id_proof_type_id","table_name":"id_proof_type","column_label":"Id Proof Type Id","db":"health4all","column_comment":"","relation_type":"branching_masters","active":true,"branch_on":"patient"},{"column_type":"int","column_size":"11","column_key":"PRI","column_name":"occupation_id","table_name":"occupation","column_label":"Occupation Id","db":"health4all","column_comment":"","relation_type":"branching_masters","active":true,"branch_on":"patient"},{"column_type":"int","column_size":"11","column_key":"PRI","column_name":"hospital_id","table_name":"staff_previous_hospital","column_label":"Hospital Id","db":"health4all","column_comment":"","relation_type":"branching_masters","active":true,"branch_on":"patient"},{"column_type":"int","column_size":"11","column_key":"PRI","column_name":"hospital_id","table_name":"staff_previous_hospital","column_label":"Hospital Id","db":"health4all","column_comment":"","relation_type":"branching_masters","active":true,"branch_on":"patient_visit"},{"column_type":"int","column_size":"11","column_key":"PRI","column_name":"visit_name_id","table_name":"visit_name","column_label":"Visit Name Id","db":"health4all","column_comment":"","relation_type":"branching_masters","active":true,"branch_on":"patient_visit"},{"column_type":"int","column_size":"11","column_key":"PRI","column_name":"patient_id","table_name":"bb_external_patient","column_label":"Patient Id","db":"health4all","column_comment":"","relation_type":"branching_masters","active":true,"branch_on":"patient_visit"},{"column_type":"int","column_size":"7","column_key":"PRI","column_name":"patient_id","table_name":"patient","column_label":"Patient Id","db":"health4all","column_comment":"","relation_type":"branching_masters","active":true,"branch_on":"patient_visit"},{"column_type":"int","column_size":"3","column_key":"PRI","column_name":"department_id","table_name":"department","column_label":"Department Id","db":"health4all","column_comment":"","relation_type":"branching_masters","active":true,"branch_on":"patient_visit"},{"column_type":"int","column_size":"11","column_key":"PRI","column_name":"insurance_id","table_name":"insurance","column_label":"Insurance Id","db":"health4all","column_comment":"","relation_type":"branching_masters","active":true,"branch_on":"patient_visit"},{"column_type":"int","column_size":"11","column_key":"PRI","column_name":"hospital_id","table_name":"staff_previous_hospital","column_label":"Hospital Id","db":"health4all","column_comment":"","relation_type":"branching_masters","active":true,"branch_on":"specimen_type"},{"column_type":"int","column_size":"11","column_key":"PRI","column_name":"hospital_id","table_name":"staff_previous_hospital","column_label":"Hospital Id","db":"health4all","column_comment":"","relation_type":"branching_masters","active":true,"branch_on":"staff"},{"column_type":"int","column_size":"3","column_key":"PRI","column_name":"department_id","table_name":"department","column_label":"Department Id","db":"health4all","column_comment":"","relation_type":"branching_masters","active":true,"branch_on":"staff"},{"column_type":"int","column_size":"4","column_key":"PRI","column_name":"unit_id","table_name":"unit","column_label":"Unit Id","db":"health4all","column_comment":"","relation_type":"branching_masters","active":true,"branch_on":"staff"},{"column_type":"int","column_size":"4","column_key":"PRI","column_name":"area_id","table_name":"area","column_label":"Area Id","db":"health4all","column_comment":"","relation_type":"branching_masters","active":true,"branch_on":"staff"},{"column_type":"int","column_size":"11","column_key":"PRI","column_name":"staff_category_id","table_name":"staff_category","column_label":"Staff Category Id","db":"health4all","column_comment":"","relation_type":"branching_masters","active":true,"branch_on":"staff"},{"column_type":"int","column_size":"6","column_key":"PRI","column_name":"staff_role_id","table_name":"staff_role","column_label":"Staff Role Id","db":"health4all","column_comment":"","relation_type":"branching_masters","active":true,"branch_on":"staff"},{"column_type":"int","column_size":"6","column_key":"PRI","column_name":"qualification_id","table_name":"qualification","column_label":"Qualification Id","db":"health4all","column_comment":"","relation_type":"branching_masters","active":true,"branch_on":"staff"},{"column_type":"int","column_size":"11","column_key":"PRI","column_name":"qualification_id","table_name":"staff_applicant_qualification_master","column_label":"Qualification Id","db":"health4all","column_comment":"","relation_type":"branching_masters","active":true,"branch_on":"staff"},{"column_type":"int","column_size":"11","column_key":"PRI","column_name":"applicant_id","table_name":"staff_applicant","column_label":"Applicant Id","db":"health4all","column_comment":"","relation_type":"branching_masters","active":true,"branch_on":"staff_applicant_work_expriance"},{"column_type":"int","column_size":"11","column_key":"PRI","column_name":"hospital_id","table_name":"staff_previous_hospital","column_label":"Hospital Id","db":"health4all","column_comment":"","relation_type":"branching_masters","active":true,"branch_on":"staff_applicant_work_expriance"},{"column_type":"int","column_size":"4","column_key":"PRI","column_name":"staff_id","table_name":"staff","column_label":"Staff Id","db":"health4all","column_comment":"","relation_type":"branching_masters","active":true,"branch_on":"staff_applicant_work_expriance"},{"column_type":"int","column_size":"3","column_key":"PRI","column_name":"district_id","table_name":"district","column_label":"District Id","db":"health4all","column_comment":"","relation_type":"branching_masters","active":true,"branch_on":"staff_previous_hospital"},{"column_type":"int","column_size":"11","column_key":"PRI","column_name":"hospital_id","table_name":"staff_previous_hospital","column_label":"Hospital Id","db":"health4all","column_comment":"","relation_type":"branching_masters","active":true,"branch_on":"supply_chain_party"},{"column_type":"int","column_size":"3","column_key":"PRI","column_name":"department_id","table_name":"department","column_label":"Department Id","db":"health4all","column_comment":"","relation_type":"branching_masters","active":true,"branch_on":"supply_chain_party"},{"column_type":"int","column_size":"4","column_key":"PRI","column_name":"area_id","table_name":"area","column_label":"Area Id","db":"health4all","column_comment":"","relation_type":"branching_masters","active":true,"branch_on":"supply_chain_party"},{"column_type":"int","column_size":"11","column_key":"PRI","column_name":"vendor_id","table_name":"vendor","column_label":"Vendor Id","db":"health4all","column_comment":"","relation_type":"branching_masters","active":true,"branch_on":"supply_chain_party"},{"column_type":"int","column_size":"3","column_key":"PRI","column_name":"department_id","table_name":"department","column_label":"Department Id","db":"health4all","column_comment":"","relation_type":"branching_masters","active":true,"branch_on":"test_area"},{"column_type":"int","column_size":"11","column_key":"PRI","column_name":"hospital_id","table_name":"staff_previous_hospital","column_label":"Hospital Id","db":"health4all","column_comment":"","relation_type":"branching_masters","active":true,"branch_on":"test_area"},{"column_type":"int","column_size":"11","column_key":"PRI","column_name":"hospital_id","table_name":"staff_previous_hospital","column_label":"Hospital Id","db":"health4all","column_comment":"","relation_type":"branching_masters","active":true,"branch_on":"test_assay"},{"column_type":"int","column_size":"11","column_key":"PRI","column_name":"assay_id","table_name":"test_assay","column_label":"Assay Id","db":"health4all","column_comment":"","relation_type":"branching_masters","active":true,"branch_on":"test_master"},{"column_type":"int","column_size":"6","column_key":"PRI","column_name":"test_method_id","table_name":"test_method","column_label":"Test Method Id","db":"health4all","column_comment":"","relation_type":"branching_masters","active":true,"branch_on":"test_master"},{"column_type":"int","column_size":"6","column_key":"PRI","column_name":"test_area_id","table_name":"test_area","column_label":"Test Area Id","db":"health4all","column_comment":"","relation_type":"branching_masters","active":true,"branch_on":"test_master"},{"column_type":"int","column_size":"11","column_key":"PRI","column_name":"hospital_id","table_name":"staff_previous_hospital","column_label":"Hospital Id","db":"health4all","column_comment":"","relation_type":"branching_masters","active":true,"branch_on":"test_master"},{"column_type":"int","column_size":"11","column_key":"PRI","column_name":"hospital_id","table_name":"staff_previous_hospital","column_label":"Hospital Id","db":"health4all","column_comment":"","relation_type":"branching_masters","active":true,"branch_on":"test_method"},{"column_type":"int","column_size":"7","column_key":"PRI","column_name":"visit_id","table_name":"mlc","column_label":"Visit Id","db":"health4all","column_comment":"","relation_type":"branching_masters","active":true,"branch_on":"test_order"},{"column_type":"int","column_size":"7","column_key":"PRI","column_name":"visit_id","table_name":"patient_visit","column_label":"Visit Id","db":"health4all","column_comment":"","relation_type":"branching_masters","active":true,"branch_on":"test_order"},{"column_type":"int","column_size":"6","column_key":"PRI","column_name":"test_area_id","table_name":"test_area","column_label":"Test Area Id","db":"health4all","column_comment":"","relation_type":"branching_masters","active":true,"branch_on":"test_order"},{"column_type":"int","column_size":"11","column_key":"PRI","column_name":"hospital_id","table_name":"staff_previous_hospital","column_label":"Hospital Id","db":"health4all","column_comment":"","relation_type":"branching_masters","active":true,"branch_on":"test_order"},{"column_type":"int","column_size":"7","column_key":"PRI","column_name":"user_id","table_name":"bb_user","column_label":"User Id","db":"health4all","column_comment":"","relation_type":"branching_masters","active":true,"branch_on":"user_hospital_link"},{"column_type":"int","column_size":"4","column_key":"PRI","column_name":"user_id","table_name":"user","column_label":"User Id","db":"health4all","column_comment":"","relation_type":"branching_masters","active":true,"branch_on":"user_hospital_link"},{"column_type":"int","column_size":"11","column_key":"PRI","column_name":"hospital_id","table_name":"staff_previous_hospital","column_label":"Hospital Id","db":"health4all","column_comment":"","relation_type":"branching_masters","active":true,"branch_on":"user_hospital_link"}]}