{"entity_type":"sql_table","folder_name":"app_one/scaffold","file_name":"health4all_places_table","extension":".json","table_type":"","app_name":"app_one","db":"health4all","table_name":"places_table","ops":[{"op_name":"","params":{}}],"table_columns":[{"column_type":"int","column_size":"11","column_key":"PRI","column_name":"place_id","table_name":"places_table","column_label":"Place Id","db":"health4all","column_comment":""},{"column_type":"varchar","column_size":"1","column_key":"","column_name":"col_change","table_name":"places_table","column_label":"Col Change","db":"health4all","column_comment":""},{"column_type":"varchar","column_size":"2","column_key":"","column_name":"country_code","table_name":"places_table","column_label":"Country Code","db":"health4all","column_comment":""},{"column_type":"varchar","column_size":"3","column_key":"","column_name":"place_code","table_name":"places_table","column_label":"Place Code","db":"health4all","column_comment":""},{"column_type":"varchar","column_size":"100","column_key":"","column_name":"place_name","table_name":"places_table","column_label":"Place Name","db":"health4all","column_comment":""},{"column_type":"varchar","column_size":"100","column_key":"","column_name":"place_name_without_diacritics","table_name":"places_table","column_label":"Place Name Without Diacritics","db":"health4all","column_comment":""},{"column_type":"varchar","column_size":"3","column_key":"","column_name":"state_code","table_name":"places_table","column_label":"State Code","db":"health4all","column_comment":""},{"column_type":"varchar","column_size":"8","column_key":"","column_name":"place_function","table_name":"places_table","column_label":"Place Function","db":"health4all","column_comment":""},{"column_type":"varchar","column_size":"2","column_key":"","column_name":"place_status","table_name":"places_table","column_label":"Place Status","db":"health4all","column_comment":""},{"column_type":"varchar","column_size":"4","column_key":"","column_name":"place_date","table_name":"places_table","column_label":"Place Date","db":"health4all","column_comment":""},{"column_type":"varchar","column_size":"3","column_key":"","column_name":"place_iata","table_name":"places_table","column_label":"Place Iata","db":"health4all","column_comment":""},{"column_type":"varchar","column_size":"12","column_key":"","column_name":"subsidiary_loc","table_name":"places_table","column_label":"Subsidiary Loc","db":"health4all","column_comment":""},{"column_type":"varchar","column_size":"25","column_key":"","column_name":"support_codes","table_name":"places_table","column_label":"Support Codes","db":"health4all","column_comment":""}],"labels":[{"column_type":"varchar","column_size":"1","column_key":"","column_name":"col_change","table_name":"places_table","column_label":"Col Change","db":"health4all","column_comment":""},{"column_type":"varchar","column_size":"2","column_key":"","column_name":"country_code","table_name":"places_table","column_label":"Country Code","db":"health4all","column_comment":""},{"column_type":"varchar","column_size":"3","column_key":"","column_name":"place_code","table_name":"places_table","column_label":"Place Code","db":"health4all","column_comment":""},{"column_type":"varchar","column_size":"100","column_key":"","column_name":"place_name","table_name":"places_table","column_label":"Place Name","db":"health4all","column_comment":""},{"column_type":"varchar","column_size":"100","column_key":"","column_name":"place_name_without_diacritics","table_name":"places_table","column_label":"Place Name Without Diacritics","db":"health4all","column_comment":""},{"column_type":"varchar","column_size":"3","column_key":"","column_name":"state_code","table_name":"places_table","column_label":"State Code","db":"health4all","column_comment":""},{"column_type":"varchar","column_size":"8","column_key":"","column_name":"place_function","table_name":"places_table","column_label":"Place Function","db":"health4all","column_comment":""},{"column_type":"varchar","column_size":"2","column_key":"","column_name":"place_status","table_name":"places_table","column_label":"Place Status","db":"health4all","column_comment":""},{"column_type":"varchar","column_size":"4","column_key":"","column_name":"place_date","table_name":"places_table","column_label":"Place Date","db":"health4all","column_comment":""},{"column_type":"varchar","column_size":"3","column_key":"","column_name":"place_iata","table_name":"places_table","column_label":"Place Iata","db":"health4all","column_comment":""},{"column_type":"varchar","column_size":"12","column_key":"","column_name":"subsidiary_loc","table_name":"places_table","column_label":"Subsidiary Loc","db":"health4all","column_comment":""},{"column_type":"varchar","column_size":"25","column_key":"","column_name":"support_codes","table_name":"places_table","column_label":"Support Codes","db":"health4all","column_comment":""}],"relation":[]}