{"entity_type":"sql_table","folder_name":"app_one/scaffold","file_name":"health4all_facility_type","extension":".json","table_type":"","app_name":"app_one","db":"health4all","table_name":"facility_type","ops":[{"op_name":"","params":{}}],"table_columns":[{"column_type":"int","column_size":"2","column_key":"PRI","column_name":"facility_type_id","table_name":"facility_type","column_label":"Facility Type Id","db":"health4all","column_comment":""},{"column_type":"varchar","column_size":"50","column_key":"","column_name":"facility_type","table_name":"facility_type","column_label":"Facility Type","db":"health4all","column_comment":""}],"labels":[{"column_type":"varchar","column_size":"50","column_key":"","column_name":"facility_type","table_name":"facility_type","column_label":"Facility Type","db":"health4all","column_comment":""}],"relation":[{"column_type":"int","column_size":"2","column_key":"","column_name":"facility_type_id","table_name":"facility","column_label":"Facility Type Id","db":"health4all","column_comment":"","relation_type":"derived","active":true},{"column_type":"int","column_size":"6","column_key":"PRI","column_name":"village_town_id","table_name":"village_town","column_label":"Village Town Id","db":"health4all","column_comment":"","relation_type":"branching_masters","active":true,"branch_on":"facility"}]}