{"entity_type":"sql_table","folder_name":"app_one/scaffold","file_name":"health4all_staff_service","extension":".json","table_type":"","app_name":"app_one","db":"health4all","table_name":"staff_service","ops":[{"op_name":"","params":{}}],"table_columns":[{"column_type":"int","column_size":"6","column_key":"PRI","column_name":"service_id","table_name":"staff_service","column_label":"Service Id","db":"health4all","column_comment":""},{"column_type":"date","column_key":"","column_name":"date_of_joining","table_name":"staff_service","column_label":"Date Of Joining","db":"health4all","column_comment":""},{"column_type":"varchar","column_size":"100","column_key":"","column_name":"designation","table_name":"staff_service","column_label":"Designation","db":"health4all","column_comment":""},{"column_type":"varchar","column_size":"100","column_key":"","column_name":"institution","table_name":"staff_service","column_label":"Institution","db":"health4all","column_comment":""}],"labels":[{"column_type":"varchar","column_size":"100","column_key":"","column_name":"designation","table_name":"staff_service","column_label":"Designation","db":"health4all","column_comment":""},{"column_type":"varchar","column_size":"100","column_key":"","column_name":"institution","table_name":"staff_service","column_label":"Institution","db":"health4all","column_comment":""}],"relation":[]}