{"entity_type":"sql_table","folder_name":"app_one/scaffold","file_name":"health4all_staff_applicant","extension":".json","table_type":"","app_name":"app_one","db":"health4all","table_name":"staff_applicant","ops":[{"op_name":"","params":{}}],"table_columns":[{"column_type":"int","column_size":"11","column_key":"PRI","column_name":"applicant_id","table_name":"staff_applicant","column_label":"Applicant Id","db":"health4all","column_comment":""},{"column_type":"varchar","column_size":"50","column_key":"","column_name":"first_name","table_name":"staff_applicant","column_label":"First Name","db":"health4all","column_comment":""},{"column_type":"varchar","column_size":"50","column_key":"","column_name":"last_name","table_name":"staff_applicant","column_label":"Last Name","db":"health4all","column_comment":""},{"column_type":"text","column_key":"","column_name":"gender","table_name":"staff_applicant","column_label":"Gender","db":"health4all","column_comment":""},{"column_type":"date","column_key":"","column_name":"date_of_birth","table_name":"staff_applicant","column_label":"Date Of Birth","db":"health4all","column_comment":""},{"column_type":"varchar","column_size":"70","column_key":"","column_name":"fathers_name","table_name":"staff_applicant","column_label":"Fathers Name","db":"health4all","column_comment":""},{"column_type":"varchar","column_size":"70","column_key":"","column_name":"mothers_name","table_name":"staff_applicant","column_label":"Mothers Name","db":"health4all","column_comment":""},{"column_type":"varchar","column_size":"70","column_key":"","column_name":"husbands_name","table_name":"staff_applicant","column_label":"Husbands Name","db":"health4all","column_comment":""},{"column_type":"varchar","column_size":"200","column_key":"","column_name":"address","table_name":"staff_applicant","column_label":"Address","db":"health4all","column_comment":""},{"column_type":"varchar","column_size":"60","column_key":"","column_name":"place","table_name":"staff_applicant","column_label":"Place","db":"health4all","column_comment":""},{"column_type":"int","column_size":"6","column_key":"","column_name":"district_id","table_name":"staff_applicant","column_label":"District Id","db":"health4all","column_comment":""},{"column_type":"varchar","column_size":"15","column_key":"","column_name":"phone","table_name":"staff_applicant","column_label":"Phone","db":"health4all","column_comment":""},{"column_type":"varchar","column_size":"15","column_key":"","column_name":"phone_alternate","table_name":"staff_applicant","column_label":"Phone Alternate","db":"health4all","column_comment":""},{"column_type":"varchar","column_size":"50","column_key":"","column_name":"email","table_name":"staff_applicant","column_label":"Email","db":"health4all","column_comment":""},{"column_type":"int","column_size":"11","column_key":"","column_name":"drive_id","table_name":"staff_applicant","column_label":"Drive Id","db":"health4all","column_comment":""},{"column_type":"int","column_size":"3","column_key":"","column_name":"staff_id","table_name":"staff_applicant","column_label":"Staff Id","db":"health4all","column_comment":""}],"labels":[{"column_type":"varchar","column_size":"50","column_key":"","column_name":"first_name","table_name":"staff_applicant","column_label":"First Name","db":"health4all","column_comment":""},{"column_type":"varchar","column_size":"50","column_key":"","column_name":"last_name","table_name":"staff_applicant","column_label":"Last Name","db":"health4all","column_comment":""},{"column_type":"varchar","column_size":"70","column_key":"","column_name":"fathers_name","table_name":"staff_applicant","column_label":"Fathers Name","db":"health4all","column_comment":""},{"column_type":"varchar","column_size":"70","column_key":"","column_name":"mothers_name","table_name":"staff_applicant","column_label":"Mothers Name","db":"health4all","column_comment":""},{"column_type":"varchar","column_size":"70","column_key":"","column_name":"husbands_name","table_name":"staff_applicant","column_label":"Husbands Name","db":"health4all","column_comment":""},{"column_type":"varchar","column_size":"200","column_key":"","column_name":"address","table_name":"staff_applicant","column_label":"Address","db":"health4all","column_comment":""},{"column_type":"varchar","column_size":"60","column_key":"","column_name":"place","table_name":"staff_applicant","column_label":"Place","db":"health4all","column_comment":""},{"column_type":"varchar","column_size":"15","column_key":"","column_name":"phone","table_name":"staff_applicant","column_label":"Phone","db":"health4all","column_comment":""},{"column_type":"varchar","column_size":"15","column_key":"","column_name":"phone_alternate","table_name":"staff_applicant","column_label":"Phone Alternate","db":"health4all","column_comment":""},{"column_type":"varchar","column_size":"50","column_key":"","column_name":"email","table_name":"staff_applicant","column_label":"Email","db":"health4all","column_comment":""}],"relation":[{"column_type":"int","column_size":"3","column_key":"PRI","column_name":"district_id","table_name":"district","column_label":"District Id","db":"health4all","column_comment":"","relation_type":"masters","active":true},{"column_type":"int","column_size":"11","column_key":"PRI","column_name":"drive_id","table_name":"staff_recruitment_drive","column_label":"Drive Id","db":"health4all","column_comment":"","relation_type":"masters","active":true},{"column_type":"int","column_size":"4","column_key":"PRI","column_name":"staff_id","table_name":"staff","column_label":"Staff Id","db":"health4all","column_comment":"","relation_type":"masters","active":true},{"column_type":"int","column_size":"11","column_key":"","column_name":"applicant_id","table_name":"staff_applicant_qualification","column_label":"Applicant Id","db":"health4all","column_comment":"","relation_type":"derived","active":true},{"column_type":"int","column_size":"11","column_key":"","column_name":"applicant_id","table_name":"staff_applicant_score","column_label":"Applicant Id","db":"health4all","column_comment":"","relation_type":"derived","active":true},{"column_type":"int","column_size":"11","column_key":"","column_name":"applicant_id","table_name":"staff_applicant_work_expriance","column_label":"Applicant Id","db":"health4all","column_comment":"","relation_type":"derived","active":true},{"column_type":"int","column_size":"6","column_key":"PRI","column_name":"qualification_id","table_name":"qualification","column_label":"Qualification Id","db":"health4all","column_comment":"","relation_type":"branching_masters","active":true,"branch_on":"staff_applicant_qualification"},{"column_type":"int","column_size":"11","column_key":"PRI","column_name":"qualification_id","table_name":"staff_applicant_qualification_master","column_label":"Qualification Id","db":"health4all","column_comment":"","relation_type":"branching_masters","active":true,"branch_on":"staff_applicant_qualification"},{"column_type":"int","column_size":"11","column_key":"PRI","column_name":"college_id","table_name":"staff_applicant_college","column_label":"College Id","db":"health4all","column_comment":"","relation_type":"branching_masters","active":true,"branch_on":"staff_applicant_qualification"},{"column_type":"int","column_size":"4","column_key":"PRI","column_name":"staff_id","table_name":"staff","column_label":"Staff Id","db":"health4all","column_comment":"","relation_type":"branching_masters","active":true,"branch_on":"staff_applicant_qualification"},{"column_type":"int","column_size":"11","column_key":"PRI","column_name":"parameter_id","table_name":"staff_selection_parameter","column_label":"Parameter Id","db":"health4all","column_comment":"","relation_type":"branching_masters","active":true,"branch_on":"staff_applicant_score"},{"column_type":"int","column_size":"11","column_key":"PRI","column_name":"drive_id","table_name":"staff_recruitment_drive","column_label":"Drive Id","db":"health4all","column_comment":"","relation_type":"branching_masters","active":true,"branch_on":"staff_applicant_score"},{"column_type":"int","column_size":"3","column_key":"PRI","column_name":"hospital_id","table_name":"hospital","column_label":"Hospital Id","db":"health4all","column_comment":"","relation_type":"branching_masters","active":true,"branch_on":"staff_applicant_work_expriance"},{"column_type":"int","column_size":"11","column_key":"PRI","column_name":"hospital_id","table_name":"staff_previous_hospital","column_label":"Hospital Id","db":"health4all","column_comment":"","relation_type":"branching_masters","active":true,"branch_on":"staff_applicant_work_expriance"},{"column_type":"int","column_size":"4","column_key":"PRI","column_name":"staff_id","table_name":"staff","column_label":"Staff Id","db":"health4all","column_comment":"","relation_type":"branching_masters","active":true,"branch_on":"staff_applicant_work_expriance"}]}