{"entity_type":"sql_table","folder_name":"app_one/scaffold","file_name":"health4all_leave","extension":".json","table_type":"","app_name":"app_one","db":"health4all","table_name":"leave","ops":[{"op_name":"","params":{}}],"table_columns":[{"column_type":"int","column_size":"11","column_key":"PRI","column_name":"leave_id","table_name":"leave","column_label":"Leave Id","db":"health4all","column_comment":""},{"column_type":"int","column_size":"11","column_key":"MUL","column_name":"staff_id","table_name":"leave","column_label":"Staff Id","db":"health4all","column_comment":""},{"column_type":"int","column_size":"1","column_key":"","column_name":"leave_status","table_name":"leave","column_label":"Leave Status","db":"health4all","column_comment":""},{"column_type":"timestamp","column_key":"","column_name":"leave_submission_date","table_name":"leave","column_label":"Leave Submission Date","db":"health4all","column_comment":""},{"column_type":"date","column_key":"","column_name":"leave_date","table_name":"leave","column_label":"Leave Date","db":"health4all","column_comment":""},{"column_type":"varchar","column_size":"200","column_key":"","column_name":"comment","table_name":"leave","column_label":"Comment","db":"health4all","column_comment":""},{"column_type":"int","column_size":"11","column_key":"MUL","column_name":"leave_type_id","table_name":"leave","column_label":"Leave Type Id","db":"health4all","column_comment":""}],"labels":[{"column_type":"varchar","column_size":"200","column_key":"","column_name":"comment","table_name":"leave","column_label":"Comment","db":"health4all","column_comment":""}],"relation":[{"column_type":"int","column_size":"4","column_key":"PRI","column_name":"staff_id","table_name":"staff","column_label":"Staff Id","db":"health4all","column_comment":"","relation_type":"masters","active":true},{"column_type":"int","column_size":"11","column_key":"PRI","column_name":"leave_type_id","table_name":"leave_type","column_label":"Leave Type Id","db":"health4all","column_comment":"","relation_type":"masters","active":true},{"column_type":"int","column_size":"3","column_key":"PRI","column_name":"hospital_id","table_name":"hospital","column_label":"Hospital Id","db":"health4all","column_comment":"","relation_type":"branching_masters","active":true,"branch_on":"staff"},{"column_type":"int","column_size":"11","column_key":"PRI","column_name":"hospital_id","table_name":"staff_previous_hospital","column_label":"Hospital Id","db":"health4all","column_comment":"","relation_type":"branching_masters","active":true,"branch_on":"staff"},{"column_type":"int","column_size":"3","column_key":"PRI","column_name":"department_id","table_name":"department","column_label":"Department Id","db":"health4all","column_comment":"","relation_type":"branching_masters","active":true,"branch_on":"staff"},{"column_type":"int","column_size":"4","column_key":"PRI","column_name":"unit_id","table_name":"unit","column_label":"Unit Id","db":"health4all","column_comment":"","relation_type":"branching_masters","active":true,"branch_on":"staff"},{"column_type":"int","column_size":"4","column_key":"PRI","column_name":"area_id","table_name":"area","column_label":"Area Id","db":"health4all","column_comment":"","relation_type":"branching_masters","active":true,"branch_on":"staff"},{"column_type":"int","column_size":"11","column_key":"PRI","column_name":"staff_category_id","table_name":"staff_category","column_label":"Staff Category Id","db":"health4all","column_comment":"","relation_type":"branching_masters","active":true,"branch_on":"staff"},{"column_type":"int","column_size":"6","column_key":"PRI","column_name":"staff_role_id","table_name":"staff_role","column_label":"Staff Role Id","db":"health4all","column_comment":"","relation_type":"branching_masters","active":true,"branch_on":"staff"},{"column_type":"int","column_size":"6","column_key":"PRI","column_name":"qualification_id","table_name":"qualification","column_label":"Qualification Id","db":"health4all","column_comment":"","relation_type":"branching_masters","active":true,"branch_on":"staff"},{"column_type":"int","column_size":"11","column_key":"PRI","column_name":"qualification_id","table_name":"staff_applicant_qualification_master","column_label":"Qualification Id","db":"health4all","column_comment":"","relation_type":"branching_masters","active":true,"branch_on":"staff"}]}