{"entity_type":"sql_table","folder_name":"app_one/scaffold","file_name":"health4all_api_updates","extension":".json","table_type":"","app_name":"app_one","db":"health4all","table_name":"api_updates","ops":[{"op_name":"","params":{}}],"table_columns":[{"column_type":"int","column_size":"11","column_key":"PRI","column_name":"api_id","table_name":"api_updates","column_label":"Api Id","db":"health4all","column_comment":""},{"column_type":"varchar","column_size":"20","column_key":"","column_name":"api_name","table_name":"api_updates","column_label":"Api Name","db":"health4all","column_comment":""},{"column_type":"varchar","column_size":"32","column_key":"","column_name":"table_name","table_name":"api_updates","column_label":"Table Name","db":"health4all","column_comment":""},{"column_type":"varchar","column_size":"32","column_key":"","column_name":"key_name","table_name":"api_updates","column_label":"Key Name","db":"health4all","column_comment":""},{"column_type":"int","column_size":"11","column_key":"","column_name":"last_updated_id","table_name":"api_updates","column_label":"Last Updated Id","db":"health4all","column_comment":""}],"labels":[{"column_type":"varchar","column_size":"20","column_key":"","column_name":"api_name","table_name":"api_updates","column_label":"Api Name","db":"health4all","column_comment":""},{"column_type":"varchar","column_size":"32","column_key":"","column_name":"table_name","table_name":"api_updates","column_label":"Table Name","db":"health4all","column_comment":""},{"column_type":"varchar","column_size":"32","column_key":"","column_name":"key_name","table_name":"api_updates","column_label":"Key Name","db":"health4all","column_comment":""}],"relation":[]}