{"entity_type":"sql_table","folder_name":"app_one/scaffold","file_name":"health4all_patient_obstetric_history","extension":".json","table_type":"","app_name":"app_one","db":"health4all","table_name":"patient_obstetric_history","ops":[{"op_name":"","params":{}}],"table_columns":[{"column_type":"int","column_size":"11","column_key":"PRI","column_name":"obstetric_history_id","table_name":"patient_obstetric_history","column_label":"Obstetric History Id","db":"health4all","column_comment":""},{"column_type":"int","column_size":"11","column_key":"","column_name":"patient_id","table_name":"patient_obstetric_history","column_label":"Patient Id","db":"health4all","column_comment":""},{"column_type":"int","column_size":"11","column_key":"","column_name":"conception_type","table_name":"patient_obstetric_history","column_label":"Conception Type","db":"health4all","column_comment":""},{"column_type":"int","column_size":"11","column_key":"","column_name":"pregnancy_number","table_name":"patient_obstetric_history","column_label":"Pregnancy Number","db":"health4all","column_comment":""},{"column_type":"tinyint","column_size":"4","column_key":"","column_name":"delivered","table_name":"patient_obstetric_history","column_label":"Delivered","db":"health4all","column_comment":"1 Delivered, -1 Abortion"},{"column_type":"date","column_key":"","column_name":"imp_date","table_name":"patient_obstetric_history","column_label":"Imp Date","db":"health4all","column_comment":""},{"column_type":"date","column_key":"","column_name":"edd_date","table_name":"patient_obstetric_history","column_label":"Edd Date","db":"health4all","column_comment":""},{"column_type":"int","column_size":"11","column_key":"","column_name":"delivery_outcome","table_name":"patient_obstetric_history","column_label":"Delivery Outcome","db":"health4all","column_comment":""},{"column_type":"tinyint","column_size":"4","column_key":"","column_name":"booked","table_name":"patient_obstetric_history","column_label":"Booked","db":"health4all","column_comment":"1 Booked, -1 Unbooked"},{"column_type":"int","column_size":"11","column_key":"","column_name":"delivery_mode_id","table_name":"patient_obstetric_history","column_label":"Delivery Mode Id","db":"health4all","column_comment":""},{"column_type":"date","column_key":"","column_name":"date_of_birth","table_name":"patient_obstetric_history","column_label":"Date Of Birth","db":"health4all","column_comment":""},{"column_type":"tinyint","column_size":"4","column_key":"","column_name":"gender","table_name":"patient_obstetric_history","column_label":"Gender","db":"health4all","column_comment":"1-Girl, 2-Boy, 3-Other"},{"column_type":"int","column_size":"11","column_key":"","column_name":"weight_at_birth","table_name":"patient_obstetric_history","column_label":"Weight At Birth","db":"health4all","column_comment":""},{"column_type":"varchar","column_size":"100","column_key":"","column_name":"apgar","table_name":"patient_obstetric_history","column_label":"Apgar","db":"health4all","column_comment":""},{"column_type":"tinyint","column_size":"4","column_key":"","column_name":"nicu_admission","table_name":"patient_obstetric_history","column_label":"Nicu Admission","db":"health4all","column_comment":"1-Yes, -1-No"},{"column_type":"varchar","column_size":"200","column_key":"","column_name":"nicu_admission_reason","table_name":"patient_obstetric_history","column_label":"Nicu Admission Reason","db":"health4all","column_comment":""},{"column_type":"tinyint","column_size":"4","column_key":"","column_name":"alive","table_name":"patient_obstetric_history","column_label":"Alive","db":"health4all","column_comment":"1-Alive, -1-Dead"},{"column_type":"date","column_key":"","column_name":"date_of_death","table_name":"patient_obstetric_history","column_label":"Date Of Death","db":"health4all","column_comment":""},{"column_type":"varchar","column_size":"250","column_key":"","column_name":"cause_of_death","table_name":"patient_obstetric_history","column_label":"Cause Of Death","db":"health4all","column_comment":""}],"labels":[{"column_type":"varchar","column_size":"100","column_key":"","column_name":"apgar","table_name":"patient_obstetric_history","column_label":"Apgar","db":"health4all","column_comment":""},{"column_type":"varchar","column_size":"200","column_key":"","column_name":"nicu_admission_reason","table_name":"patient_obstetric_history","column_label":"Nicu Admission Reason","db":"health4all","column_comment":""},{"column_type":"varchar","column_size":"250","column_key":"","column_name":"cause_of_death","table_name":"patient_obstetric_history","column_label":"Cause Of Death","db":"health4all","column_comment":""}],"relation":[{"column_type":"int","column_size":"11","column_key":"PRI","column_name":"patient_id","table_name":"bb_external_patient","column_label":"Patient Id","db":"health4all","column_comment":"","relation_type":"masters","active":true},{"column_type":"int","column_size":"7","column_key":"PRI","column_name":"patient_id","table_name":"patient","column_label":"Patient Id","db":"health4all","column_comment":"","relation_type":"masters","active":true},{"column_type":"int","column_size":"7","column_key":"PRI","column_name":"obstetric_history_id","table_name":"obstetric_history","column_label":"Obstetric History Id","db":"health4all","column_comment":"","relation_type":"derived","active":true},{"column_type":"int","column_size":"11","column_key":"PRI","column_name":"patient_id","table_name":"bb_external_patient","column_label":"Patient Id","db":"health4all","column_comment":"","relation_type":"branching_masters","active":true,"branch_on":"obstetric_history"},{"column_type":"int","column_size":"7","column_key":"PRI","column_name":"patient_id","table_name":"patient","column_label":"Patient Id","db":"health4all","column_comment":"","relation_type":"branching_masters","active":true,"branch_on":"obstetric_history"},{"column_type":"int","column_size":"3","column_key":"PRI","column_name":"district_id","table_name":"district","column_label":"District Id","db":"health4all","column_comment":"","relation_type":"branching_masters","active":true,"branch_on":"patient"},{"column_type":"int","column_size":"4","column_key":"PRI","column_name":"id_proof_type_id","table_name":"id_proof_type","column_label":"Id Proof Type Id","db":"health4all","column_comment":"","relation_type":"branching_masters","active":true,"branch_on":"patient"},{"column_type":"int","column_size":"11","column_key":"PRI","column_name":"occupation_id","table_name":"occupation","column_label":"Occupation Id","db":"health4all","column_comment":"","relation_type":"branching_masters","active":true,"branch_on":"patient"},{"column_type":"int","column_size":"3","column_key":"PRI","column_name":"hospital_id","table_name":"hospital","column_label":"Hospital Id","db":"health4all","column_comment":"","relation_type":"branching_masters","active":true,"branch_on":"patient"},{"column_type":"int","column_size":"11","column_key":"PRI","column_name":"hospital_id","table_name":"staff_previous_hospital","column_label":"Hospital Id","db":"health4all","column_comment":"","relation_type":"branching_masters","active":true,"branch_on":"patient"}]}