{"entity_type":"sql_table","folder_name":"app_one/scaffold","file_name":"health4all_helpline_email","extension":".json","table_type":"","app_name":"app_one","db":"health4all","table_name":"helpline_email","ops":[{"op_name":"","params":{}}],"table_columns":[{"column_type":"int","column_size":"11","column_key":"PRI","column_name":"helpline_email_id","table_name":"helpline_email","column_label":"Helpline Email Id","db":"health4all","column_comment":""},{"column_type":"int","column_size":"11","column_key":"","column_name":"call_id","table_name":"helpline_email","column_label":"Call Id","db":"health4all","column_comment":""},{"column_type":"text","column_key":"","column_name":"to_email","table_name":"helpline_email","column_label":"To Email","db":"health4all","column_comment":""},{"column_type":"text","column_key":"","column_name":"cc_email","table_name":"helpline_email","column_label":"Cc Email","db":"health4all","column_comment":""},{"column_type":"varchar","column_size":"100","column_key":"","column_name":"greeting","table_name":"helpline_email","column_label":"Greeting","db":"health4all","column_comment":""},{"column_type":"tinyint","column_size":"1","column_key":"","column_name":"phone_shared","table_name":"helpline_email","column_label":"Phone Shared","db":"health4all","column_comment":""},{"column_type":"text","column_key":"","column_name":"note","table_name":"helpline_email","column_label":"Note","db":"health4all","column_comment":""},{"column_type":"int","column_size":"11","column_key":"","column_name":"user_id","table_name":"helpline_email","column_label":"User Id","db":"health4all","column_comment":""},{"column_type":"datetime","column_key":"","column_name":"email_date_time","table_name":"helpline_email","column_label":"Email Date Time","db":"health4all","column_comment":""}],"labels":[{"column_type":"varchar","column_size":"100","column_key":"","column_name":"greeting","table_name":"helpline_email","column_label":"Greeting","db":"health4all","column_comment":""}],"relation":[{"column_type":"int","column_size":"11","column_key":"PRI","column_name":"call_id","table_name":"helpline_call","column_label":"Call Id","db":"health4all","column_comment":"","relation_type":"masters","active":true},{"column_type":"int","column_size":"7","column_key":"PRI","column_name":"user_id","table_name":"bb_user","column_label":"User Id","db":"health4all","column_comment":"","relation_type":"masters","active":true},{"column_type":"int","column_size":"4","column_key":"PRI","column_name":"user_id","table_name":"user","column_label":"User Id","db":"health4all","column_comment":"","relation_type":"masters","active":true},{"column_type":"int","column_size":"11","column_key":"PRI","column_name":"caller_type_id","table_name":"helpline_caller_type","column_label":"Caller Type Id","db":"health4all","column_comment":"","relation_type":"branching_masters","active":true,"branch_on":"helpline_call"},{"column_type":"int","column_size":"11","column_key":"PRI","column_name":"call_category_id","table_name":"helpline_call_category","column_label":"Call Category Id","db":"health4all","column_comment":"","relation_type":"branching_masters","active":true,"branch_on":"helpline_call"},{"column_type":"int","column_size":"3","column_key":"PRI","column_name":"hospital_id","table_name":"hospital","column_label":"Hospital Id","db":"health4all","column_comment":"","relation_type":"branching_masters","active":true,"branch_on":"helpline_call"},{"column_type":"int","column_size":"11","column_key":"PRI","column_name":"hospital_id","table_name":"staff_previous_hospital","column_label":"Hospital Id","db":"health4all","column_comment":"","relation_type":"branching_masters","active":true,"branch_on":"helpline_call"},{"column_type":"int","column_size":"7","column_key":"PRI","column_name":"visit_id","table_name":"mlc","column_label":"Visit Id","db":"health4all","column_comment":"","relation_type":"branching_masters","active":true,"branch_on":"helpline_call"},{"column_type":"int","column_size":"7","column_key":"PRI","column_name":"visit_id","table_name":"patient_visit","column_label":"Visit Id","db":"health4all","column_comment":"","relation_type":"branching_masters","active":true,"branch_on":"helpline_call"},{"column_type":"int","column_size":"11","column_key":"PRI","column_name":"resolution_status_id","table_name":"helpline_resolution_status","column_label":"Resolution Status Id","db":"health4all","column_comment":"","relation_type":"branching_masters","active":true,"branch_on":"helpline_call"},{"column_type":"int","column_size":"11","column_key":"PRI","column_name":"call_group_id","table_name":"helpline_call_group","column_label":"Call Group Id","db":"health4all","column_comment":"","relation_type":"branching_masters","active":true,"branch_on":"helpline_call"},{"column_type":"int","column_size":"3","column_key":"PRI","column_name":"hospital_id","table_name":"hospital","column_label":"Hospital Id","db":"health4all","column_comment":"","relation_type":"branching_masters","active":true,"branch_on":"bb_user"},{"column_type":"int","column_size":"11","column_key":"PRI","column_name":"hospital_id","table_name":"staff_previous_hospital","column_label":"Hospital Id","db":"health4all","column_comment":"","relation_type":"branching_masters","active":true,"branch_on":"bb_user"},{"column_type":"int","column_size":"4","column_key":"PRI","column_name":"staff_id","table_name":"staff","column_label":"Staff Id","db":"health4all","column_comment":"","relation_type":"branching_masters","active":true,"branch_on":"user"}]}