{"entity_type":"sql_table","folder_name":"app_one/scaffold","file_name":"health4all_vendor_contracts","extension":".json","table_type":"","app_name":"app_one","db":"health4all","table_name":"vendor_contracts","ops":[{"op_name":"","params":{}}],"table_columns":[{"column_type":"int","column_size":"4","column_key":"PRI","column_name":"contract_id","table_name":"vendor_contracts","column_label":"Contract Id","db":"health4all","column_comment":""},{"column_type":"int","column_size":"4","column_key":"","column_name":"vendor_id","table_name":"vendor_contracts","column_label":"Vendor Id","db":"health4all","column_comment":""},{"column_type":"int","column_size":"4","column_key":"","column_name":"facility_id","table_name":"vendor_contracts","column_label":"Facility Id","db":"health4all","column_comment":""},{"column_type":"date","column_key":"","column_name":"from_date","table_name":"vendor_contracts","column_label":"From Date","db":"health4all","column_comment":""},{"column_type":"date","column_key":"","column_name":"to_date","table_name":"vendor_contracts","column_label":"To Date","db":"health4all","column_comment":""},{"column_type":"varchar","column_size":"20","column_key":"","column_name":"status","table_name":"vendor_contracts","column_label":"Status","db":"health4all","column_comment":""}],"labels":[{"column_type":"varchar","column_size":"20","column_key":"","column_name":"status","table_name":"vendor_contracts","column_label":"Status","db":"health4all","column_comment":""}],"relation":[{"column_type":"int","column_size":"11","column_key":"PRI","column_name":"vendor_id","table_name":"vendor","column_label":"Vendor Id","db":"health4all","column_comment":"","relation_type":"masters","active":true},{"column_type":"int","column_size":"4","column_key":"PRI","column_name":"facility_id","table_name":"facility","column_label":"Facility Id","db":"health4all","column_comment":"","relation_type":"masters","active":true},{"column_type":"int","column_size":"11","column_key":"PRI","column_name":"vendor_type_id","table_name":"vendor_type","column_label":"Vendor Type Id","db":"health4all","column_comment":"","relation_type":"branching_masters","active":true,"branch_on":"vendor"},{"column_type":"int","column_size":"11","column_key":"PRI","column_name":"contact_person_id","table_name":"contact_person","column_label":"Contact Person Id","db":"health4all","column_comment":"","relation_type":"branching_masters","active":true,"branch_on":"vendor"},{"column_type":"int","column_size":"2","column_key":"PRI","column_name":"facility_type_id","table_name":"facility_type","column_label":"Facility Type Id","db":"health4all","column_comment":"","relation_type":"branching_masters","active":true,"branch_on":"facility"},{"column_type":"int","column_size":"6","column_key":"PRI","column_name":"village_town_id","table_name":"village_town","column_label":"Village Town Id","db":"health4all","column_comment":"","relation_type":"branching_masters","active":true,"branch_on":"facility"}]}