{"entity_type":"sql_table","folder_name":"app_one/scaffold","file_name":"health4all_defaults","extension":".json","table_type":"","app_name":"app_one","db":"health4all","table_name":"defaults","ops":[{"op_name":"","params":{}}],"table_columns":[{"column_type":"varchar","column_size":"50","column_key":"PRI","column_name":"default_id","table_name":"defaults","column_label":"Default Id","db":"health4all","column_comment":""},{"column_type":"varchar","column_size":"100","column_key":"","column_name":"default_tilte","table_name":"defaults","column_label":"Default Tilte","db":"health4all","column_comment":""},{"column_type":"mediumtext","column_key":"","column_name":"default_description","table_name":"defaults","column_label":"Default Description","db":"health4all","column_comment":""},{"column_type":"varchar","column_size":"100","column_key":"","column_name":"default_type","table_name":"defaults","column_label":"Default Type","db":"health4all","column_comment":""},{"column_type":"varchar","column_size":"50","column_key":"","column_name":"default_unit","table_name":"defaults","column_label":"Default Unit","db":"health4all","column_comment":""},{"column_type":"varchar","column_size":"10","column_key":"","column_name":"lower_range","table_name":"defaults","column_label":"Lower Range","db":"health4all","column_comment":""},{"column_type":"varchar","column_size":"10","column_key":"","column_name":"upper_range","table_name":"defaults","column_label":"Upper Range","db":"health4all","column_comment":""},{"column_type":"varchar","column_size":"50","column_key":"","column_name":"value","table_name":"defaults","column_label":"Value","db":"health4all","column_comment":""}],"labels":[{"column_type":"varchar","column_size":"50","column_key":"PRI","column_name":"default_id","table_name":"defaults","column_label":"Default Id","db":"health4all","column_comment":""},{"column_type":"varchar","column_size":"100","column_key":"","column_name":"default_tilte","table_name":"defaults","column_label":"Default Tilte","db":"health4all","column_comment":""},{"column_type":"varchar","column_size":"100","column_key":"","column_name":"default_type","table_name":"defaults","column_label":"Default Type","db":"health4all","column_comment":""},{"column_type":"varchar","column_size":"50","column_key":"","column_name":"default_unit","table_name":"defaults","column_label":"Default Unit","db":"health4all","column_comment":""},{"column_type":"varchar","column_size":"10","column_key":"","column_name":"lower_range","table_name":"defaults","column_label":"Lower Range","db":"health4all","column_comment":""},{"column_type":"varchar","column_size":"10","column_key":"","column_name":"upper_range","table_name":"defaults","column_label":"Upper Range","db":"health4all","column_comment":""},{"column_type":"varchar","column_size":"50","column_key":"","column_name":"value","table_name":"defaults","column_label":"Value","db":"health4all","column_comment":""}],"relation":[]}