{"entity_type":"sql_table","folder_name":"app_one/scaffold","file_name":"health4all_country_codes","extension":".json","table_type":"","app_name":"app_one","db":"health4all","table_name":"country_codes","ops":[{"op_name":"","params":{}}],"table_columns":[{"column_type":"int","column_size":"11","column_key":"PRI","column_name":"country_id","table_name":"country_codes","column_label":"Country Id","db":"health4all","column_comment":""},{"column_type":"varchar","column_size":"2","column_key":"UNI","column_name":"country","table_name":"country_codes","column_label":"Country","db":"health4all","column_comment":""},{"column_type":"decimal","column_size":"10,8","column_key":"","column_name":"latitude","table_name":"country_codes","column_label":"Latitude","db":"health4all","column_comment":""},{"column_type":"decimal","column_size":"10,8","column_key":"","column_name":"longitude","table_name":"country_codes","column_label":"Longitude","db":"health4all","column_comment":""},{"column_type":"varchar","column_size":"44","column_key":"","column_name":"name","table_name":"country_codes","column_label":"Name","db":"health4all","column_comment":""},{"column_type":"int","column_size":"10","column_key":"","column_name":"priority","table_name":"country_codes","column_label":"Priority","db":"health4all","column_comment":""}],"labels":[{"column_type":"varchar","column_size":"2","column_key":"UNI","column_name":"country","table_name":"country_codes","column_label":"Country","db":"health4all","column_comment":""},{"column_type":"varchar","column_size":"44","column_key":"","column_name":"name","table_name":"country_codes","column_label":"Name","db":"health4all","column_comment":""}],"relation":[{"column_type":"int","column_size":"11","column_key":"PRI","column_name":"country_id","table_name":"country","column_label":"Country Id","db":"health4all","column_comment":"","relation_type":"derived","active":true},{"column_type":"int","column_size":"11","column_key":"","column_name":"country_id","table_name":"state","column_label":"Country Id","db":"health4all","column_comment":"","relation_type":"derived","active":true},{"column_type":"int","column_size":"11","column_key":"PRI","column_name":"country_id","table_name":"country","column_label":"Country Id","db":"health4all","column_comment":"","relation_type":"branching_masters","active":true,"branch_on":"state"}]}