{"entity_type":"sql_table","folder_name":"app_one/scaffold","file_name":"health4all_helpline_call_group","extension":".json","table_type":"","app_name":"app_one","db":"health4all","table_name":"helpline_call_group","ops":[{"op_name":"","params":{}}],"table_columns":[{"column_type":"int","column_size":"11","column_key":"PRI","column_name":"call_group_id","table_name":"helpline_call_group","column_label":"Call Group Id","db":"health4all","column_comment":""},{"column_type":"varchar","column_size":"100","column_key":"","column_name":"group_name","table_name":"helpline_call_group","column_label":"Group Name","db":"health4all","column_comment":""},{"column_type":"datetime","column_key":"","column_name":"group_datetime","table_name":"helpline_call_group","column_label":"Group Datetime","db":"health4all","column_comment":""},{"column_type":"int","column_size":"11","column_key":"","column_name":"created_by","table_name":"helpline_call_group","column_label":"Created By","db":"health4all","column_comment":""}],"labels":[{"column_type":"varchar","column_size":"100","column_key":"","column_name":"group_name","table_name":"helpline_call_group","column_label":"Group Name","db":"health4all","column_comment":""}],"relation":[{"column_type":"int","column_size":"11","column_key":"","column_name":"call_group_id","table_name":"helpline_call","column_label":"Call Group Id","db":"health4all","column_comment":"","relation_type":"derived","active":true},{"column_type":"int","column_size":"11","column_key":"PRI","column_name":"caller_type_id","table_name":"helpline_caller_type","column_label":"Caller Type Id","db":"health4all","column_comment":"","relation_type":"branching_masters","active":true,"branch_on":"helpline_call"},{"column_type":"int","column_size":"11","column_key":"PRI","column_name":"call_category_id","table_name":"helpline_call_category","column_label":"Call Category Id","db":"health4all","column_comment":"","relation_type":"branching_masters","active":true,"branch_on":"helpline_call"},{"column_type":"int","column_size":"3","column_key":"PRI","column_name":"hospital_id","table_name":"hospital","column_label":"Hospital Id","db":"health4all","column_comment":"","relation_type":"branching_masters","active":true,"branch_on":"helpline_call"},{"column_type":"int","column_size":"11","column_key":"PRI","column_name":"hospital_id","table_name":"staff_previous_hospital","column_label":"Hospital Id","db":"health4all","column_comment":"","relation_type":"branching_masters","active":true,"branch_on":"helpline_call"},{"column_type":"int","column_size":"7","column_key":"PRI","column_name":"visit_id","table_name":"mlc","column_label":"Visit Id","db":"health4all","column_comment":"","relation_type":"branching_masters","active":true,"branch_on":"helpline_call"},{"column_type":"int","column_size":"7","column_key":"PRI","column_name":"visit_id","table_name":"patient_visit","column_label":"Visit Id","db":"health4all","column_comment":"","relation_type":"branching_masters","active":true,"branch_on":"helpline_call"},{"column_type":"int","column_size":"11","column_key":"PRI","column_name":"resolution_status_id","table_name":"helpline_resolution_status","column_label":"Resolution Status Id","db":"health4all","column_comment":"","relation_type":"branching_masters","active":true,"branch_on":"helpline_call"}]}