{"entity_type":"sql_table","folder_name":"app_one/scaffold","file_name":"health4all_user_helpline_link","extension":".json","table_type":"link_table","app_name":"app_one","db":"health4all","table_name":"user_helpline_link","ops":[{"op_name":"","params":{}}],"table_columns":[{"column_type":"int","column_size":"11","column_key":"PRI","column_name":"user_helpline_id","table_name":"user_helpline_link","column_label":"User Helpline Id","db":"health4all","column_comment":""},{"column_type":"int","column_size":"11","column_key":"MUL","column_name":"helpline_id","table_name":"user_helpline_link","column_label":"Helpline Id","db":"health4all","column_comment":""},{"column_type":"int","column_size":"8","column_key":"MUL","column_name":"user_id","table_name":"user_helpline_link","column_label":"User Id","db":"health4all","column_comment":""},{"column_type":"tinyint","column_size":"1","column_key":"","column_name":"update_access","table_name":"user_helpline_link","column_label":"Update Access","db":"health4all","column_comment":""},{"column_type":"tinyint","column_size":"1","column_key":"","column_name":"reports_access","table_name":"user_helpline_link","column_label":"Reports Access","db":"health4all","column_comment":""}],"labels":[],"relation":[{"column_type":"int","column_size":"11","column_key":"PRI","column_name":"helpline_id","table_name":"helpline","column_label":"Helpline Id","db":"health4all","column_comment":"","relation_type":"masters","active":true},{"column_type":"int","column_size":"7","column_key":"PRI","column_name":"user_id","table_name":"bb_user","column_label":"User Id","db":"health4all","column_comment":"","relation_type":"masters","active":true},{"column_type":"int","column_size":"4","column_key":"PRI","column_name":"user_id","table_name":"user","column_label":"User Id","db":"health4all","column_comment":"","relation_type":"masters","active":true},{"column_type":"int","column_size":"3","column_key":"PRI","column_name":"hospital_id","table_name":"hospital","column_label":"Hospital Id","db":"health4all","column_comment":"","relation_type":"branching_masters","active":true,"branch_on":"bb_user"},{"column_type":"int","column_size":"11","column_key":"PRI","column_name":"hospital_id","table_name":"staff_previous_hospital","column_label":"Hospital Id","db":"health4all","column_comment":"","relation_type":"branching_masters","active":true,"branch_on":"bb_user"},{"column_type":"int","column_size":"4","column_key":"PRI","column_name":"staff_id","table_name":"staff","column_label":"Staff Id","db":"health4all","column_comment":"","relation_type":"branching_masters","active":true,"branch_on":"user"}]}