{"entity_type":"sql_table","folder_name":"app_one/scaffold","file_name":"health4all_blood_donation_camp_date","extension":".json","table_type":"link_table","app_name":"app_one","db":"health4all","table_name":"blood_donation_camp_date","ops":[{"op_name":"","params":{}}],"table_columns":[{"column_type":"int","column_size":"11","column_key":"PRI","column_name":"camp_id","table_name":"blood_donation_camp_date","column_label":"Camp Id","db":"health4all","column_comment":""},{"column_type":"date","column_key":"","column_name":"camp_date","table_name":"blood_donation_camp_date","column_label":"Camp Date","db":"health4all","column_comment":""}],"labels":[],"relation":[{"column_type":"int","column_size":"11","column_key":"","column_name":"camp_id","table_name":"bb_donation","column_label":"Camp Id","db":"health4all","column_comment":"","relation_type":"derived","active":true},{"column_type":"int","column_size":"11","column_key":"PRI","column_name":"camp_id","table_name":"blood_donation_camp","column_label":"Camp Id","db":"health4all","column_comment":"","relation_type":"derived","active":true},{"column_type":"int","column_size":"7","column_key":"PRI","column_name":"donor_id","table_name":"blood_donor","column_label":"Donor Id","db":"health4all","column_comment":"","relation_type":"branching_masters","active":true,"branch_on":"bb_donation"},{"column_type":"int","column_size":"7","column_key":"PRI","column_name":"replacement_patient_id","table_name":"bb_replacement_patient","column_label":"Replacement Patient Id","db":"health4all","column_comment":"","relation_type":"branching_masters","active":true,"branch_on":"bb_donation"},{"column_type":"int","column_size":"11","column_key":"PRI","column_name":"status_id","table_name":"bb_status","column_label":"Status Id","db":"health4all","column_comment":"","relation_type":"branching_masters","active":true,"branch_on":"bb_donation"},{"column_type":"int","column_size":"11","column_key":"PRI","column_name":"camp_id","table_name":"blood_donation_camp","column_label":"Camp Id","db":"health4all","column_comment":"","relation_type":"branching_masters","active":true,"branch_on":"bb_donation"},{"column_type":"int","column_size":"3","column_key":"PRI","column_name":"hospital_id","table_name":"hospital","column_label":"Hospital Id","db":"health4all","column_comment":"","relation_type":"branching_masters","active":true,"branch_on":"bb_donation"},{"column_type":"int","column_size":"11","column_key":"PRI","column_name":"hospital_id","table_name":"staff_previous_hospital","column_label":"Hospital Id","db":"health4all","column_comment":"","relation_type":"branching_masters","active":true,"branch_on":"bb_donation"},{"column_type":"int","column_size":"3","column_key":"PRI","column_name":"hospital_id","table_name":"hospital","column_label":"Hospital Id","db":"health4all","column_comment":"","relation_type":"branching_masters","active":true,"branch_on":"blood_donation_camp"},{"column_type":"int","column_size":"11","column_key":"PRI","column_name":"hospital_id","table_name":"staff_previous_hospital","column_label":"Hospital Id","db":"health4all","column_comment":"","relation_type":"branching_masters","active":true,"branch_on":"blood_donation_camp"}]}