{"entity_type":"sql_table","folder_name":"app_one/scaffold","file_name":"health4all_icd_code","extension":".json","table_type":"","app_name":"app_one","db":"health4all","table_name":"icd_code","ops":[{"op_name":"","params":{}}],"table_columns":[{"column_type":"varchar","column_size":"4","column_key":"PRI","column_name":"icd_code","table_name":"icd_code","column_label":"Icd Code","db":"health4all","column_comment":""},{"column_type":"varchar","column_size":"7","column_key":"","column_name":"block_id","table_name":"icd_code","column_label":"Block Id","db":"health4all","column_comment":""},{"column_type":"varchar","column_size":"3","column_key":"","column_name":"icd_10","table_name":"icd_code","column_label":"Icd 10","db":"health4all","column_comment":""},{"column_type":"varchar","column_size":"1","column_key":"","column_name":"icd_10_ext","table_name":"icd_code","column_label":"Icd 10 Ext","db":"health4all","column_comment":""},{"column_type":"varchar","column_size":"500","column_key":"","column_name":"code_title","table_name":"icd_code","column_label":"Code Title","db":"health4all","column_comment":""}],"labels":[{"column_type":"varchar","column_size":"4","column_key":"PRI","column_name":"icd_code","table_name":"icd_code","column_label":"Icd Code","db":"health4all","column_comment":""},{"column_type":"varchar","column_size":"7","column_key":"","column_name":"block_id","table_name":"icd_code","column_label":"Block Id","db":"health4all","column_comment":""},{"column_type":"varchar","column_size":"3","column_key":"","column_name":"icd_10","table_name":"icd_code","column_label":"Icd 10","db":"health4all","column_comment":""},{"column_type":"varchar","column_size":"1","column_key":"","column_name":"icd_10_ext","table_name":"icd_code","column_label":"Icd 10 Ext","db":"health4all","column_comment":""},{"column_type":"varchar","column_size":"500","column_key":"","column_name":"code_title","table_name":"icd_code","column_label":"Code Title","db":"health4all","column_comment":""}],"relation":[]}