{"entity_type":"sql_table","folder_name":"app_one/scaffold","file_name":"health4all_indent","extension":".json","table_type":"","app_name":"app_one","db":"health4all","table_name":"indent","ops":[{"op_name":"","params":{}}],"table_columns":[{"column_type":"int","column_size":"6","column_key":"PRI","column_name":"indent_id","table_name":"indent","column_label":"Indent Id","db":"health4all","column_comment":""},{"column_type":"int","column_size":"11","column_key":"MUL","column_name":"hospital_id","table_name":"indent","column_label":"Hospital Id","db":"health4all","column_comment":""},{"column_type":"datetime","column_key":"","column_name":"approve_date_time","table_name":"indent","column_label":"Approve Date Time","db":"health4all","column_comment":""},{"column_type":"datetime","column_key":"","column_name":"issue_date_time","table_name":"indent","column_label":"Issue Date Time","db":"health4all","column_comment":""},{"column_type":"datetime","column_key":"","column_name":"indent_date","table_name":"indent","column_label":"Indent Date","db":"health4all","column_comment":""},{"column_type":"int","column_size":"6","column_key":"","column_name":"from_id","table_name":"indent","column_label":"From Id","db":"health4all","column_comment":""},{"column_type":"int","column_size":"6","column_key":"","column_name":"to_id","table_name":"indent","column_label":"To Id","db":"health4all","column_comment":""},{"column_type":"int","column_size":"11","column_key":"","column_name":"orderby_id","table_name":"indent","column_label":"Orderby Id","db":"health4all","column_comment":"staff_id"},{"column_type":"int","column_size":"6","column_key":"","column_name":"approver_id","table_name":"indent","column_label":"Approver Id","db":"health4all","column_comment":"staff_id"},{"column_type":"int","column_size":"6","column_key":"","column_name":"issuer_id","table_name":"indent","column_label":"Issuer Id","db":"health4all","column_comment":"staff_id"},{"column_type":"varchar","column_size":"50","column_key":"","column_name":"indent_status","table_name":"indent","column_label":"Indent Status","db":"health4all","column_comment":"Indented, approved, issued, cancelled"},{"column_type":"int","column_size":"11","column_key":"","column_name":"insert_user_id","table_name":"indent","column_label":"Insert User Id","db":"health4all","column_comment":""},{"column_type":"int","column_size":"11","column_key":"","column_name":"update_user_id","table_name":"indent","column_label":"Update User Id","db":"health4all","column_comment":""},{"column_type":"datetime","column_key":"","column_name":"insert_datetime","table_name":"indent","column_label":"Insert Datetime","db":"health4all","column_comment":""},{"column_type":"timestamp","column_key":"","column_name":"update_datetime","table_name":"indent","column_label":"Update Datetime","db":"health4all","column_comment":""}],"labels":[{"column_type":"varchar","column_size":"50","column_key":"","column_name":"indent_status","table_name":"indent","column_label":"Indent Status","db":"health4all","column_comment":"Indented, approved, issued, cancelled"}],"relation":[{"column_type":"int","column_size":"3","column_key":"PRI","column_name":"hospital_id","table_name":"hospital","column_label":"Hospital Id","db":"health4all","column_comment":"","relation_type":"masters","active":true},{"column_type":"int","column_size":"11","column_key":"PRI","column_name":"hospital_id","table_name":"staff_previous_hospital","column_label":"Hospital Id","db":"health4all","column_comment":"","relation_type":"masters","active":true},{"column_type":"int","column_size":"6","column_key":"","column_name":"indent_id","table_name":"indent_item","column_label":"Indent Id","db":"health4all","column_comment":"","relation_type":"derived","active":true},{"column_type":"int","column_size":"3","column_key":"PRI","column_name":"hospital_id","table_name":"hospital","column_label":"Hospital Id","db":"health4all","column_comment":"","relation_type":"branching_masters","active":true,"branch_on":"indent_item"},{"column_type":"int","column_size":"11","column_key":"PRI","column_name":"hospital_id","table_name":"staff_previous_hospital","column_label":"Hospital Id","db":"health4all","column_comment":"","relation_type":"branching_masters","active":true,"branch_on":"indent_item"},{"column_type":"int","column_size":"11","column_key":"PRI","column_name":"item_id","table_name":"item","column_label":"Item Id","db":"health4all","column_comment":"","relation_type":"branching_masters","active":true,"branch_on":"indent_item"},{"column_type":"int","column_size":"11","column_key":"PRI","column_name":"item_id","table_name":"item_master","column_label":"Item Id","db":"health4all","column_comment":"","relation_type":"branching_masters","active":true,"branch_on":"indent_item"},{"column_type":"int","column_size":"3","column_key":"PRI","column_name":"district_id","table_name":"district","column_label":"District Id","db":"health4all","column_comment":"","relation_type":"branching_masters","active":true,"branch_on":"staff_previous_hospital"}]}