{"entity_type":"sql_table","folder_name":"app_one/scaffold","file_name":"health4all_procedure_plan","extension":".json","table_type":"link_table","app_name":"app_one","db":"health4all","table_name":"procedure_plan","ops":[{"op_name":"","params":{}}],"table_columns":[{"column_type":"int","column_size":"11","column_key":"PRI","column_name":"procedure_plan_id","table_name":"procedure_plan","column_label":"Procedure Plan Id","db":"health4all","column_comment":""},{"column_type":"int","column_size":"11","column_key":"","column_name":"visit_id","table_name":"procedure_plan","column_label":"Visit Id","db":"health4all","column_comment":""},{"column_type":"int","column_size":"11","column_key":"","column_name":"procedure_id","table_name":"procedure_plan","column_label":"Procedure Id","db":"health4all","column_comment":""},{"column_type":"date","column_key":"","column_name":"plan_date","table_name":"procedure_plan","column_label":"Plan Date","db":"health4all","column_comment":""},{"column_type":"tinyint","column_size":"4","column_key":"","column_name":"status","table_name":"procedure_plan","column_label":"Status","db":"health4all","column_comment":""}],"labels":[],"relation":[{"column_type":"int","column_size":"7","column_key":"PRI","column_name":"visit_id","table_name":"mlc","column_label":"Visit Id","db":"health4all","column_comment":"","relation_type":"masters","active":true},{"column_type":"int","column_size":"7","column_key":"PRI","column_name":"visit_id","table_name":"patient_visit","column_label":"Visit Id","db":"health4all","column_comment":"","relation_type":"masters","active":true},{"column_type":"int","column_size":"11","column_key":"PRI","column_name":"procedure_id","table_name":"procedure","column_label":"Procedure Id","db":"health4all","column_comment":"","relation_type":"masters","active":true},{"column_type":"int","column_size":"11","column_key":"","column_name":"procedure_plan_id","table_name":"patient_procedure","column_label":"Procedure Plan Id","db":"health4all","column_comment":"","relation_type":"derived","active":true},{"column_type":"int","column_size":"7","column_key":"PRI","column_name":"visit_id","table_name":"mlc","column_label":"Visit Id","db":"health4all","column_comment":"","relation_type":"branching_masters","active":true,"branch_on":"patient_procedure"},{"column_type":"int","column_size":"7","column_key":"PRI","column_name":"visit_id","table_name":"patient_visit","column_label":"Visit Id","db":"health4all","column_comment":"","relation_type":"branching_masters","active":true,"branch_on":"patient_procedure"},{"column_type":"int","column_size":"11","column_key":"PRI","column_name":"procedure_id","table_name":"procedure","column_label":"Procedure Id","db":"health4all","column_comment":"","relation_type":"branching_masters","active":true,"branch_on":"patient_procedure"},{"column_type":"int","column_size":"3","column_key":"PRI","column_name":"hospital_id","table_name":"hospital","column_label":"Hospital Id","db":"health4all","column_comment":"","relation_type":"branching_masters","active":true,"branch_on":"patient_visit"},{"column_type":"int","column_size":"11","column_key":"PRI","column_name":"hospital_id","table_name":"staff_previous_hospital","column_label":"Hospital Id","db":"health4all","column_comment":"","relation_type":"branching_masters","active":true,"branch_on":"patient_visit"},{"column_type":"int","column_size":"11","column_key":"PRI","column_name":"visit_name_id","table_name":"visit_name","column_label":"Visit Name Id","db":"health4all","column_comment":"","relation_type":"branching_masters","active":true,"branch_on":"patient_visit"},{"column_type":"int","column_size":"11","column_key":"PRI","column_name":"patient_id","table_name":"bb_external_patient","column_label":"Patient Id","db":"health4all","column_comment":"","relation_type":"branching_masters","active":true,"branch_on":"patient_visit"},{"column_type":"int","column_size":"7","column_key":"PRI","column_name":"patient_id","table_name":"patient","column_label":"Patient Id","db":"health4all","column_comment":"","relation_type":"branching_masters","active":true,"branch_on":"patient_visit"},{"column_type":"int","column_size":"3","column_key":"PRI","column_name":"department_id","table_name":"department","column_label":"Department Id","db":"health4all","column_comment":"","relation_type":"branching_masters","active":true,"branch_on":"patient_visit"},{"column_type":"int","column_size":"11","column_key":"PRI","column_name":"insurance_id","table_name":"insurance","column_label":"Insurance Id","db":"health4all","column_comment":"","relation_type":"branching_masters","active":true,"branch_on":"patient_visit"},{"column_type":"int","column_size":"3","column_key":"PRI","column_name":"procedure_type_id","table_name":"procedure_type","column_label":"Procedure Type Id","db":"health4all","column_comment":"","relation_type":"branching_masters","active":true,"branch_on":"procedure"}]}