{"entity_type":"sql_table","folder_name":"app_one/scaffold","file_name":"health4all_contact_person","extension":".json","table_type":"","app_name":"app_one","db":"health4all","table_name":"contact_person","ops":[{"op_name":"","params":{}}],"table_columns":[{"column_type":"int","column_size":"11","column_key":"PRI","column_name":"contact_person_id","table_name":"contact_person","column_label":"Contact Person Id","db":"health4all","column_comment":""},{"column_type":"varchar","column_size":"50","column_key":"","column_name":"contact_person_first_name","table_name":"contact_person","column_label":"Contact Person First Name","db":"health4all","column_comment":""},{"column_type":"varchar","column_size":"50","column_key":"","column_name":"contact_person_last_name","table_name":"contact_person","column_label":"Contact Person Last Name","db":"health4all","column_comment":""},{"column_type":"varchar","column_size":"50","column_key":"","column_name":"contact_person_email","table_name":"contact_person","column_label":"Contact Person Email","db":"health4all","column_comment":""},{"column_type":"int","column_size":"50","column_key":"","column_name":"contact_person_contact","table_name":"contact_person","column_label":"Contact Person Contact","db":"health4all","column_comment":""},{"column_type":"int","column_size":"11","column_key":"","column_name":"vendor_id","table_name":"contact_person","column_label":"Vendor Id","db":"health4all","column_comment":""},{"column_type":"varchar","column_size":"1","column_key":"","column_name":"gender","table_name":"contact_person","column_label":"Gender","db":"health4all","column_comment":""},{"column_type":"varchar","column_size":"100","column_key":"","column_name":"designation","table_name":"contact_person","column_label":"Designation","db":"health4all","column_comment":""}],"labels":[{"column_type":"varchar","column_size":"50","column_key":"","column_name":"contact_person_first_name","table_name":"contact_person","column_label":"Contact Person First Name","db":"health4all","column_comment":""},{"column_type":"varchar","column_size":"50","column_key":"","column_name":"contact_person_last_name","table_name":"contact_person","column_label":"Contact Person Last Name","db":"health4all","column_comment":""},{"column_type":"varchar","column_size":"50","column_key":"","column_name":"contact_person_email","table_name":"contact_person","column_label":"Contact Person Email","db":"health4all","column_comment":""},{"column_type":"varchar","column_size":"1","column_key":"","column_name":"gender","table_name":"contact_person","column_label":"Gender","db":"health4all","column_comment":""},{"column_type":"varchar","column_size":"100","column_key":"","column_name":"designation","table_name":"contact_person","column_label":"Designation","db":"health4all","column_comment":""}],"relation":[{"column_type":"int","column_size":"11","column_key":"PRI","column_name":"vendor_id","table_name":"vendor","column_label":"Vendor Id","db":"health4all","column_comment":"","relation_type":"masters","active":true},{"column_type":"varchar","column_size":"50","column_key":"","column_name":"contact_person_id","table_name":"service_record","column_label":"Contact Person Id","db":"health4all","column_comment":"","relation_type":"derived","active":true},{"column_type":"int","column_size":"11","column_key":"","column_name":"contact_person_id","table_name":"vendor","column_label":"Contact Person Id","db":"health4all","column_comment":"primary contact person","relation_type":"derived","active":true},{"column_type":"int","column_size":"6","column_key":"PRI","column_name":"equipment_id","table_name":"equipment","column_label":"Equipment Id","db":"health4all","column_comment":"","relation_type":"branching_masters","active":true,"branch_on":"service_record"},{"column_type":"int","column_size":"7","column_key":"PRI","column_name":"user_id","table_name":"bb_user","column_label":"User Id","db":"health4all","column_comment":"","relation_type":"branching_masters","active":true,"branch_on":"service_record"},{"column_type":"int","column_size":"4","column_key":"PRI","column_name":"user_id","table_name":"user","column_label":"User Id","db":"health4all","column_comment":"","relation_type":"branching_masters","active":true,"branch_on":"service_record"},{"column_type":"int","column_size":"11","column_key":"PRI","column_name":"vendor_id","table_name":"vendor","column_label":"Vendor Id","db":"health4all","column_comment":"","relation_type":"branching_masters","active":true,"branch_on":"service_record"},{"column_type":"int","column_size":"11","column_key":"PRI","column_name":"vendor_type_id","table_name":"vendor_type","column_label":"Vendor Type Id","db":"health4all","column_comment":"","relation_type":"branching_masters","active":true,"branch_on":"vendor"}]}