{"entity_type":"sql_table","folder_name":"app_one/scaffold","file_name":"health4all_vendor_type","extension":".json","table_type":"","app_name":"app_one","db":"health4all","table_name":"vendor_type","ops":[{"op_name":"","params":{}}],"table_columns":[{"column_type":"int","column_size":"11","column_key":"PRI","column_name":"vendor_type_id","table_name":"vendor_type","column_label":"Vendor Type Id","db":"health4all","column_comment":""},{"column_type":"varchar","column_size":"50","column_key":"","column_name":"vendor_type","table_name":"vendor_type","column_label":"Vendor Type","db":"health4all","column_comment":""}],"labels":[{"column_type":"varchar","column_size":"50","column_key":"","column_name":"vendor_type","table_name":"vendor_type","column_label":"Vendor Type","db":"health4all","column_comment":""}],"relation":[{"column_type":"int","column_size":"11","column_key":"MUL","column_name":"vendor_type_id","table_name":"vendor","column_label":"Vendor Type Id","db":"health4all","column_comment":"","relation_type":"derived","active":true},{"column_type":"int","column_size":"11","column_key":"PRI","column_name":"contact_person_id","table_name":"contact_person","column_label":"Contact Person Id","db":"health4all","column_comment":"","relation_type":"branching_masters","active":true,"branch_on":"vendor"}]}