{"entity_type":"sql_table","folder_name":"app_one/scaffold","file_name":"health4all_marital_info","extension":".json","table_type":"","app_name":"app_one","db":"health4all","table_name":"marital_info","ops":[{"op_name":"","params":{}}],"table_columns":[{"column_type":"int","column_size":"7","column_key":"PRI","column_name":"marital_history_id","table_name":"marital_info","column_label":"Marital History Id","db":"health4all","column_comment":""},{"column_type":"int","column_size":"5","column_key":"MUL","column_name":"patient_id","table_name":"marital_info","column_label":"Patient Id","db":"health4all","column_comment":""},{"column_type":"int","column_size":"3","column_key":"","column_name":"marital_life","table_name":"marital_info","column_label":"Marital Life","db":"health4all","column_comment":""},{"column_type":"varchar","column_size":"3","column_key":"","column_name":"consanguinous","table_name":"marital_info","column_label":"Consanguinous","db":"health4all","column_comment":""},{"column_type":"varchar","column_size":"20","column_key":"","column_name":"marital_status","table_name":"marital_info","column_label":"Marital Status","db":"health4all","column_comment":""}],"labels":[{"column_type":"varchar","column_size":"3","column_key":"","column_name":"consanguinous","table_name":"marital_info","column_label":"Consanguinous","db":"health4all","column_comment":""},{"column_type":"varchar","column_size":"20","column_key":"","column_name":"marital_status","table_name":"marital_info","column_label":"Marital Status","db":"health4all","column_comment":""}],"relation":[{"column_type":"int","column_size":"11","column_key":"PRI","column_name":"patient_id","table_name":"bb_external_patient","column_label":"Patient Id","db":"health4all","column_comment":"","relation_type":"masters","active":true},{"column_type":"int","column_size":"7","column_key":"PRI","column_name":"patient_id","table_name":"patient","column_label":"Patient Id","db":"health4all","column_comment":"","relation_type":"masters","active":true},{"column_type":"int","column_size":"3","column_key":"PRI","column_name":"hospital_id","table_name":"hospital","column_label":"Hospital Id","db":"health4all","column_comment":"","relation_type":"branching_masters","active":true,"branch_on":"bb_external_patient"},{"column_type":"int","column_size":"11","column_key":"PRI","column_name":"hospital_id","table_name":"staff_previous_hospital","column_label":"Hospital Id","db":"health4all","column_comment":"","relation_type":"branching_masters","active":true,"branch_on":"bb_external_patient"},{"column_type":"int","column_size":"3","column_key":"PRI","column_name":"district_id","table_name":"district","column_label":"District Id","db":"health4all","column_comment":"","relation_type":"branching_masters","active":true,"branch_on":"patient"},{"column_type":"int","column_size":"4","column_key":"PRI","column_name":"id_proof_type_id","table_name":"id_proof_type","column_label":"Id Proof Type Id","db":"health4all","column_comment":"","relation_type":"branching_masters","active":true,"branch_on":"patient"},{"column_type":"int","column_size":"11","column_key":"PRI","column_name":"occupation_id","table_name":"occupation","column_label":"Occupation Id","db":"health4all","column_comment":"","relation_type":"branching_masters","active":true,"branch_on":"patient"},{"column_type":"int","column_size":"3","column_key":"PRI","column_name":"hospital_id","table_name":"hospital","column_label":"Hospital Id","db":"health4all","column_comment":"","relation_type":"branching_masters","active":true,"branch_on":"patient"},{"column_type":"int","column_size":"11","column_key":"PRI","column_name":"hospital_id","table_name":"staff_previous_hospital","column_label":"Hospital Id","db":"health4all","column_comment":"","relation_type":"branching_masters","active":true,"branch_on":"patient"}]}