{"entity_type":"sql_table","folder_name":"app_one/scaffold","file_name":"health4all_district","extension":".json","table_type":"","app_name":"app_one","db":"health4all","table_name":"district","ops":[{"op_name":"","params":{}}],"table_columns":[{"column_type":"int","column_size":"3","column_key":"PRI","column_name":"district_id","table_name":"district","column_label":"District Id","db":"health4all","column_comment":""},{"column_type":"varchar","column_size":"50","column_key":"","column_name":"district","table_name":"district","column_label":"District","db":"health4all","column_comment":""},{"column_type":"double","column_key":"","column_name":"latitude","table_name":"district","column_label":"Latitude","db":"health4all","column_comment":""},{"column_type":"double","column_key":"","column_name":"longitude","table_name":"district","column_label":"Longitude","db":"health4all","column_comment":""},{"column_type":"varchar","column_size":"50","column_key":"","column_name":"state","table_name":"district","column_label":"State","db":"health4all","column_comment":""},{"column_type":"int","column_size":"11","column_key":"","column_name":"state_id","table_name":"district","column_label":"State Id","db":"health4all","column_comment":""}],"labels":[{"column_type":"varchar","column_size":"50","column_key":"","column_name":"district","table_name":"district","column_label":"District","db":"health4all","column_comment":""},{"column_type":"varchar","column_size":"50","column_key":"","column_name":"state","table_name":"district","column_label":"State","db":"health4all","column_comment":""}],"relation":[{"column_type":"int","column_size":"2","column_key":"PRI","column_name":"state_id","table_name":"state","column_label":"State Id","db":"health4all","column_comment":"","relation_type":"masters","active":true},{"column_type":"int","column_size":"11","column_key":"PRI","column_name":"state_id","table_name":"state_codes","column_label":"State Id","db":"health4all","column_comment":"","relation_type":"masters","active":true},{"column_type":"varchar","column_size":"5","column_key":"","column_name":"district_id","table_name":"patient","column_label":"District Id","db":"health4all","column_comment":"","relation_type":"derived","active":true},{"column_type":"int","column_size":"6","column_key":"","column_name":"district_id","table_name":"staff_applicant","column_label":"District Id","db":"health4all","column_comment":"","relation_type":"derived","active":true},{"column_type":"int","column_size":"11","column_key":"","column_name":"district_id","table_name":"staff_applicant_college","column_label":"District Id","db":"health4all","column_comment":"","relation_type":"derived","active":true},{"column_type":"int","column_size":"6","column_key":"","column_name":"district_id","table_name":"staff_previous_hospital","column_label":"District Id","db":"health4all","column_comment":"","relation_type":"derived","active":true},{"column_type":"int","column_size":"4","column_key":"PRI","column_name":"id_proof_type_id","table_name":"id_proof_type","column_label":"Id Proof Type Id","db":"health4all","column_comment":"","relation_type":"branching_masters","active":true,"branch_on":"patient"},{"column_type":"int","column_size":"11","column_key":"PRI","column_name":"occupation_id","table_name":"occupation","column_label":"Occupation Id","db":"health4all","column_comment":"","relation_type":"branching_masters","active":true,"branch_on":"patient"},{"column_type":"int","column_size":"3","column_key":"PRI","column_name":"hospital_id","table_name":"hospital","column_label":"Hospital Id","db":"health4all","column_comment":"","relation_type":"branching_masters","active":true,"branch_on":"patient"},{"column_type":"int","column_size":"11","column_key":"PRI","column_name":"hospital_id","table_name":"staff_previous_hospital","column_label":"Hospital Id","db":"health4all","column_comment":"","relation_type":"branching_masters","active":true,"branch_on":"patient"},{"column_type":"int","column_size":"11","column_key":"PRI","column_name":"drive_id","table_name":"staff_recruitment_drive","column_label":"Drive Id","db":"health4all","column_comment":"","relation_type":"branching_masters","active":true,"branch_on":"staff_applicant"},{"column_type":"int","column_size":"4","column_key":"PRI","column_name":"staff_id","table_name":"staff","column_label":"Staff Id","db":"health4all","column_comment":"","relation_type":"branching_masters","active":true,"branch_on":"staff_applicant"}]}