{"entity_type":"sql_table","folder_name":"app_one/scaffold","file_name":"health4all_area_types","extension":".json","table_type":"","app_name":"app_one","db":"health4all","table_name":"area_types","ops":[{"op_name":"","params":{}}],"table_columns":[{"column_type":"int","column_size":"2","column_key":"PRI","column_name":"area_type_id","table_name":"area_types","column_label":"Area Type Id","db":"health4all","column_comment":""},{"column_type":"varchar","column_size":"50","column_key":"","column_name":"area_type","table_name":"area_types","column_label":"Area Type","db":"health4all","column_comment":""}],"labels":[{"column_type":"varchar","column_size":"50","column_key":"","column_name":"area_type","table_name":"area_types","column_label":"Area Type","db":"health4all","column_comment":""}],"relation":[{"column_type":"int","column_size":"6","column_key":"","column_name":"area_type_id","table_name":"area","column_label":"Area Type Id","db":"health4all","column_comment":"","relation_type":"derived","active":true},{"column_type":"int","column_size":"3","column_key":"","column_name":"area_type_id","table_name":"area_activity","column_label":"Area Type Id","db":"health4all","column_comment":"","relation_type":"derived","active":true},{"column_type":"int","column_size":"2","column_key":"","column_name":"area_type_id","table_name":"facility_area","column_label":"Area Type Id","db":"health4all","column_comment":"","relation_type":"derived","active":true},{"column_type":"int","column_size":"3","column_key":"PRI","column_name":"department_id","table_name":"department","column_label":"Department Id","db":"health4all","column_comment":"","relation_type":"branching_masters","active":true,"branch_on":"area"},{"column_type":"int","column_size":"4","column_key":"PRI","column_name":"facility_id","table_name":"facility","column_label":"Facility Id","db":"health4all","column_comment":"","relation_type":"branching_masters","active":true,"branch_on":"facility_area"},{"column_type":"int","column_size":"3","column_key":"PRI","column_name":"department_id","table_name":"department","column_label":"Department Id","db":"health4all","column_comment":"","relation_type":"branching_masters","active":true,"branch_on":"facility_area"}]}