{"entity_type":"sql_table","folder_name":"app_one/scaffold","file_name":"health4all_age_group","extension":".json","table_type":"link_table","app_name":"app_one","db":"health4all","table_name":"age_group","ops":[{"op_name":"","params":{}}],"table_columns":[{"column_type":"int","column_size":"11","column_key":"PRI","column_name":"age_group_id","table_name":"age_group","column_label":"Age Group Id","db":"health4all","column_comment":""},{"column_type":"int","column_size":"11","column_key":"","column_name":"from_year","table_name":"age_group","column_label":"From Year","db":"health4all","column_comment":""},{"column_type":"int","column_size":"11","column_key":"","column_name":"to_year","table_name":"age_group","column_label":"To Year","db":"health4all","column_comment":""},{"column_type":"int","column_size":"11","column_key":"","column_name":"from_month","table_name":"age_group","column_label":"From Month","db":"health4all","column_comment":""},{"column_type":"int","column_size":"11","column_key":"","column_name":"to_month","table_name":"age_group","column_label":"To Month","db":"health4all","column_comment":""},{"column_type":"int","column_size":"11","column_key":"","column_name":"from_day","table_name":"age_group","column_label":"From Day","db":"health4all","column_comment":""},{"column_type":"int","column_size":"11","column_key":"","column_name":"to_day","table_name":"age_group","column_label":"To Day","db":"health4all","column_comment":""}],"labels":[],"relation":[]}