{"entity_type":"sql_table","folder_name":"app_one/scaffold","file_name":"health4all_icd_chapter","extension":".json","table_type":"","app_name":"app_one","db":"health4all","table_name":"icd_chapter","ops":[{"op_name":"","params":{}}],"table_columns":[{"column_type":"int","column_size":"2","column_key":"PRI","column_name":"chapter_id","table_name":"icd_chapter","column_label":"Chapter Id","db":"health4all","column_comment":""},{"column_type":"varchar","column_size":"500","column_key":"","column_name":"chapter_title","table_name":"icd_chapter","column_label":"Chapter Title","db":"health4all","column_comment":""}],"labels":[{"column_type":"varchar","column_size":"500","column_key":"","column_name":"chapter_title","table_name":"icd_chapter","column_label":"Chapter Title","db":"health4all","column_comment":""}],"relation":[{"column_type":"int","column_size":"2","column_key":"","column_name":"chapter_id","table_name":"icd_block","column_label":"Chapter Id","db":"health4all","column_comment":"","relation_type":"derived","active":true}]}