{"entity_type":"sql_table","folder_name":"app_one/scaffold","file_name":"health4all_obstetric_history","extension":".json","table_type":"","app_name":"app_one","db":"health4all","table_name":"obstetric_history","ops":[{"op_name":"","params":{}}],"table_columns":[{"column_type":"int","column_size":"7","column_key":"PRI","column_name":"obstetric_history_id","table_name":"obstetric_history","column_label":"Obstetric History Id","db":"health4all","column_comment":""},{"column_type":"int","column_size":"7","column_key":"","column_name":"patient_id","table_name":"obstetric_history","column_label":"Patient Id","db":"health4all","column_comment":""},{"column_type":"int","column_size":"7","column_key":"","column_name":"pregnancy_number","table_name":"obstetric_history","column_label":"Pregnancy Number","db":"health4all","column_comment":""},{"column_type":"varchar","column_size":"25","column_key":"","column_name":"gestation","table_name":"obstetric_history","column_label":"Gestation","db":"health4all","column_comment":""},{"column_type":"date","column_key":"","column_name":"lmp","table_name":"obstetric_history","column_label":"Lmp","db":"health4all","column_comment":""},{"column_type":"date","column_key":"","column_name":"edd","table_name":"obstetric_history","column_label":"Edd","db":"health4all","column_comment":""},{"column_type":"varchar","column_size":"50","column_key":"","column_name":"afi","table_name":"obstetric_history","column_label":"Afi","db":"health4all","column_comment":""},{"column_type":"varchar","column_size":"50","column_key":"","column_name":"anesthesia_type","table_name":"obstetric_history","column_label":"Anesthesia Type","db":"health4all","column_comment":""},{"column_type":"varchar","column_size":"50","column_key":"","column_name":"placenta","table_name":"obstetric_history","column_label":"Placenta","db":"health4all","column_comment":""},{"column_type":"varchar","column_size":"50","column_key":"","column_name":"outcome","table_name":"obstetric_history","column_label":"Outcome","db":"health4all","column_comment":""},{"column_type":"varchar","column_size":"50","column_key":"","column_name":"delivery_mode","table_name":"obstetric_history","column_label":"Delivery Mode","db":"health4all","column_comment":""},{"column_type":"binary","column_size":"3","column_key":"","column_name":"sex","table_name":"obstetric_history","column_label":"Sex","db":"health4all","column_comment":""},{"column_type":"int","column_size":"4","column_key":"","column_name":"birth_weight","table_name":"obstetric_history","column_label":"Birth Weight","db":"health4all","column_comment":""},{"column_type":"date","column_key":"","column_name":"dob","table_name":"obstetric_history","column_label":"Dob","db":"health4all","column_comment":""},{"column_type":"varchar","column_size":"50","column_key":"","column_name":"apgar","table_name":"obstetric_history","column_label":"Apgar","db":"health4all","column_comment":""},{"column_type":"date","column_key":"","column_name":"suture_removal_date","table_name":"obstetric_history","column_label":"Suture Removal Date","db":"health4all","column_comment":""},{"column_type":"binary","column_size":"3","column_key":"","column_name":"nicu_admission","table_name":"obstetric_history","column_label":"Nicu Admission","db":"health4all","column_comment":""},{"column_type":"varchar","column_size":"200","column_key":"","column_name":"nicu_admission_reason","table_name":"obstetric_history","column_label":"Nicu Admission Reason","db":"health4all","column_comment":""},{"column_type":"date","column_key":"","column_name":"dod","table_name":"obstetric_history","column_label":"Dod","db":"health4all","column_comment":""},{"column_type":"varchar","column_size":"200","column_key":"","column_name":"cause_of_death","table_name":"obstetric_history","column_label":"Cause Of Death","db":"health4all","column_comment":""},{"column_type":"varchar","column_size":"50","column_key":"","column_name":"booking_status","table_name":"obstetric_history","column_label":"Booking Status","db":"health4all","column_comment":""}],"labels":[{"column_type":"varchar","column_size":"25","column_key":"","column_name":"gestation","table_name":"obstetric_history","column_label":"Gestation","db":"health4all","column_comment":""},{"column_type":"varchar","column_size":"50","column_key":"","column_name":"afi","table_name":"obstetric_history","column_label":"Afi","db":"health4all","column_comment":""},{"column_type":"varchar","column_size":"50","column_key":"","column_name":"anesthesia_type","table_name":"obstetric_history","column_label":"Anesthesia Type","db":"health4all","column_comment":""},{"column_type":"varchar","column_size":"50","column_key":"","column_name":"placenta","table_name":"obstetric_history","column_label":"Placenta","db":"health4all","column_comment":""},{"column_type":"varchar","column_size":"50","column_key":"","column_name":"outcome","table_name":"obstetric_history","column_label":"Outcome","db":"health4all","column_comment":""},{"column_type":"varchar","column_size":"50","column_key":"","column_name":"delivery_mode","table_name":"obstetric_history","column_label":"Delivery Mode","db":"health4all","column_comment":""},{"column_type":"varchar","column_size":"50","column_key":"","column_name":"apgar","table_name":"obstetric_history","column_label":"Apgar","db":"health4all","column_comment":""},{"column_type":"varchar","column_size":"200","column_key":"","column_name":"nicu_admission_reason","table_name":"obstetric_history","column_label":"Nicu Admission Reason","db":"health4all","column_comment":""},{"column_type":"varchar","column_size":"200","column_key":"","column_name":"cause_of_death","table_name":"obstetric_history","column_label":"Cause Of Death","db":"health4all","column_comment":""},{"column_type":"varchar","column_size":"50","column_key":"","column_name":"booking_status","table_name":"obstetric_history","column_label":"Booking Status","db":"health4all","column_comment":""}],"relation":[{"column_type":"int","column_size":"11","column_key":"PRI","column_name":"patient_id","table_name":"bb_external_patient","column_label":"Patient Id","db":"health4all","column_comment":"","relation_type":"masters","active":true},{"column_type":"int","column_size":"7","column_key":"PRI","column_name":"patient_id","table_name":"patient","column_label":"Patient Id","db":"health4all","column_comment":"","relation_type":"masters","active":true},{"column_type":"int","column_size":"11","column_key":"PRI","column_name":"obstetric_history_id","table_name":"patient_obstetric_history","column_label":"Obstetric History Id","db":"health4all","column_comment":"","relation_type":"derived","active":true},{"column_type":"int","column_size":"11","column_key":"PRI","column_name":"patient_id","table_name":"bb_external_patient","column_label":"Patient Id","db":"health4all","column_comment":"","relation_type":"branching_masters","active":true,"branch_on":"patient_obstetric_history"},{"column_type":"int","column_size":"7","column_key":"PRI","column_name":"patient_id","table_name":"patient","column_label":"Patient Id","db":"health4all","column_comment":"","relation_type":"branching_masters","active":true,"branch_on":"patient_obstetric_history"},{"column_type":"int","column_size":"3","column_key":"PRI","column_name":"district_id","table_name":"district","column_label":"District Id","db":"health4all","column_comment":"","relation_type":"branching_masters","active":true,"branch_on":"patient"},{"column_type":"int","column_size":"4","column_key":"PRI","column_name":"id_proof_type_id","table_name":"id_proof_type","column_label":"Id Proof Type Id","db":"health4all","column_comment":"","relation_type":"branching_masters","active":true,"branch_on":"patient"},{"column_type":"int","column_size":"11","column_key":"PRI","column_name":"occupation_id","table_name":"occupation","column_label":"Occupation Id","db":"health4all","column_comment":"","relation_type":"branching_masters","active":true,"branch_on":"patient"},{"column_type":"int","column_size":"3","column_key":"PRI","column_name":"hospital_id","table_name":"hospital","column_label":"Hospital Id","db":"health4all","column_comment":"","relation_type":"branching_masters","active":true,"branch_on":"patient"},{"column_type":"int","column_size":"11","column_key":"PRI","column_name":"hospital_id","table_name":"staff_previous_hospital","column_label":"Hospital Id","db":"health4all","column_comment":"","relation_type":"branching_masters","active":true,"branch_on":"patient"}]}