{"entity_type":"sql_table","folder_name":"app_one/scaffold","file_name":"health4all_blood_request","extension":".json","table_type":"","app_name":"app_one","db":"health4all","table_name":"blood_request","ops":[{"op_name":"","params":{}}],"table_columns":[{"column_type":"int","column_size":"7","column_key":"PRI","column_name":"request_id","table_name":"blood_request","column_label":"Request Id","db":"health4all","column_comment":""},{"column_type":"int","column_size":"11","column_key":"","column_name":"bloodbank_id","table_name":"blood_request","column_label":"Bloodbank Id","db":"health4all","column_comment":""},{"column_type":"tinyint","column_size":"1","column_key":"","column_name":"request_type","table_name":"blood_request","column_label":"Request Type","db":"health4all","column_comment":"0 - Patients, 1 - Bulk"},{"column_type":"int","column_size":"7","column_key":"","column_name":"staff_id","table_name":"blood_request","column_label":"Staff Id","db":"health4all","column_comment":""},{"column_type":"varchar","column_size":"100","column_key":"","column_name":"patient_name","table_name":"blood_request","column_label":"Patient Name","db":"health4all","column_comment":""},{"column_type":"varchar","column_size":"10","column_key":"","column_name":"patient_age","table_name":"blood_request","column_label":"Patient Age","db":"health4all","column_comment":""},{"column_type":"varchar","column_size":"10","column_key":"","column_name":"patient_gender","table_name":"blood_request","column_label":"Patient Gender","db":"health4all","column_comment":""},{"column_type":"int","column_size":"7","column_key":"","column_name":"patient_id","table_name":"blood_request","column_label":"Patient Id","db":"health4all","column_comment":""},{"column_type":"int","column_size":"11","column_key":"","column_name":"request_hospital_id","table_name":"blood_request","column_label":"Request Hospital Id","db":"health4all","column_comment":""},{"column_type":"varchar","column_size":"200","column_key":"","column_name":"ward_unit","table_name":"blood_request","column_label":"Ward Unit","db":"health4all","column_comment":""},{"column_type":"varchar","column_size":"50","column_key":"","column_name":"referred_by_doctor","table_name":"blood_request","column_label":"Referred By Doctor","db":"health4all","column_comment":"Prescribing doctors name"},{"column_type":"varchar","column_size":"200","column_key":"","column_name":"department","table_name":"blood_request","column_label":"Department","db":"health4all","column_comment":""},{"column_type":"varchar","column_size":"5","column_key":"","column_name":"blood_group","table_name":"blood_request","column_label":"Blood Group","db":"health4all","column_comment":""},{"column_type":"longtext","column_key":"","column_name":"diagnosis","table_name":"blood_request","column_label":"Diagnosis","db":"health4all","column_comment":""},{"column_type":"tinyint","column_size":"1","column_key":"","column_name":"blood_transfusion_required","table_name":"blood_request","column_label":"Blood Transfusion Required","db":"health4all","column_comment":""},{"column_type":"int","column_size":"5","column_key":"","column_name":"whole_blood_units","table_name":"blood_request","column_label":"Whole Blood Units","db":"health4all","column_comment":""},{"column_type":"int","column_size":"5","column_key":"","column_name":"packed_cell_units","table_name":"blood_request","column_label":"Packed Cell Units","db":"health4all","column_comment":""},{"column_type":"int","column_size":"5","column_key":"","column_name":"fp_units","table_name":"blood_request","column_label":"Fp Units","db":"health4all","column_comment":""},{"column_type":"int","column_size":"5","column_key":"","column_name":"ffp_units","table_name":"blood_request","column_label":"Ffp Units","db":"health4all","column_comment":""},{"column_type":"int","column_size":"5","column_key":"","column_name":"prp_units","table_name":"blood_request","column_label":"Prp Units","db":"health4all","column_comment":""},{"column_type":"int","column_size":"5","column_key":"","column_name":"platelet_concentrate_units","table_name":"blood_request","column_label":"Platelet Concentrate Units","db":"health4all","column_comment":""},{"column_type":"int","column_size":"5","column_key":"","column_name":"cryoprecipitate_units","table_name":"blood_request","column_label":"Cryoprecipitate Units","db":"health4all","column_comment":""},{"column_type":"datetime","column_key":"","column_name":"request_date","table_name":"blood_request","column_label":"Request Date","db":"health4all","column_comment":""},{"column_type":"varchar","column_size":"20","column_key":"","column_name":"request_status","table_name":"blood_request","column_label":"Request Status","db":"health4all","column_comment":""},{"column_type":"varchar","column_size":"50","column_key":"","column_name":"rdp_units","table_name":"blood_request","column_label":"Rdp Units","db":"health4all","column_comment":""},{"column_type":"int","column_size":"10","column_key":"","column_name":"visit_id","table_name":"blood_request","column_label":"Visit Id","db":"health4all","column_comment":""},{"column_type":"int","column_size":"11","column_key":"","column_name":"patient_type","table_name":"blood_request","column_label":"Patient Type","db":"health4all","column_comment":""},{"column_type":"int","column_size":"11","column_key":"","column_name":"hospital_id","table_name":"blood_request","column_label":"Hospital Id","db":"health4all","column_comment":""}],"labels":[{"column_type":"varchar","column_size":"100","column_key":"","column_name":"patient_name","table_name":"blood_request","column_label":"Patient Name","db":"health4all","column_comment":""},{"column_type":"varchar","column_size":"10","column_key":"","column_name":"patient_age","table_name":"blood_request","column_label":"Patient Age","db":"health4all","column_comment":""},{"column_type":"varchar","column_size":"10","column_key":"","column_name":"patient_gender","table_name":"blood_request","column_label":"Patient Gender","db":"health4all","column_comment":""},{"column_type":"varchar","column_size":"200","column_key":"","column_name":"ward_unit","table_name":"blood_request","column_label":"Ward Unit","db":"health4all","column_comment":""},{"column_type":"varchar","column_size":"50","column_key":"","column_name":"referred_by_doctor","table_name":"blood_request","column_label":"Referred By Doctor","db":"health4all","column_comment":"Prescribing doctors name"},{"column_type":"varchar","column_size":"200","column_key":"","column_name":"department","table_name":"blood_request","column_label":"Department","db":"health4all","column_comment":""},{"column_type":"varchar","column_size":"5","column_key":"","column_name":"blood_group","table_name":"blood_request","column_label":"Blood Group","db":"health4all","column_comment":""},{"column_type":"varchar","column_size":"20","column_key":"","column_name":"request_status","table_name":"blood_request","column_label":"Request Status","db":"health4all","column_comment":""},{"column_type":"varchar","column_size":"50","column_key":"","column_name":"rdp_units","table_name":"blood_request","column_label":"Rdp Units","db":"health4all","column_comment":""}],"relation":[{"column_type":"int","column_size":"4","column_key":"PRI","column_name":"staff_id","table_name":"staff","column_label":"Staff Id","db":"health4all","column_comment":"","relation_type":"masters","active":true},{"column_type":"int","column_size":"11","column_key":"PRI","column_name":"patient_id","table_name":"bb_external_patient","column_label":"Patient Id","db":"health4all","column_comment":"","relation_type":"masters","active":true},{"column_type":"int","column_size":"7","column_key":"PRI","column_name":"patient_id","table_name":"patient","column_label":"Patient Id","db":"health4all","column_comment":"","relation_type":"masters","active":true},{"column_type":"int","column_size":"7","column_key":"PRI","column_name":"visit_id","table_name":"mlc","column_label":"Visit Id","db":"health4all","column_comment":"","relation_type":"masters","active":true},{"column_type":"int","column_size":"7","column_key":"PRI","column_name":"visit_id","table_name":"patient_visit","column_label":"Visit Id","db":"health4all","column_comment":"","relation_type":"masters","active":true},{"column_type":"int","column_size":"3","column_key":"PRI","column_name":"hospital_id","table_name":"hospital","column_label":"Hospital Id","db":"health4all","column_comment":"","relation_type":"masters","active":true},{"column_type":"int","column_size":"11","column_key":"PRI","column_name":"hospital_id","table_name":"staff_previous_hospital","column_label":"Hospital Id","db":"health4all","column_comment":"","relation_type":"masters","active":true},{"column_type":"int","column_size":"7","column_key":"","column_name":"request_id","table_name":"blood_issue","column_label":"Request Id","db":"health4all","column_comment":"","relation_type":"derived","active":true},{"column_type":"int","column_size":"4","column_key":"PRI","column_name":"request_id","table_name":"service_record","column_label":"Request Id","db":"health4all","column_comment":"","relation_type":"derived","active":true},{"column_type":"int","column_size":"4","column_key":"PRI","column_name":"request_id","table_name":"service_record","column_label":"Request Id","db":"health4all","column_comment":"","relation_type":"branching_masters","active":true,"branch_on":"blood_issue"},{"column_type":"int","column_size":"3","column_key":"PRI","column_name":"hospital_id","table_name":"hospital","column_label":"Hospital Id","db":"health4all","column_comment":"","relation_type":"branching_masters","active":true,"branch_on":"blood_issue"},{"column_type":"int","column_size":"11","column_key":"PRI","column_name":"hospital_id","table_name":"staff_previous_hospital","column_label":"Hospital Id","db":"health4all","column_comment":"","relation_type":"branching_masters","active":true,"branch_on":"blood_issue"},{"column_type":"int","column_size":"6","column_key":"PRI","column_name":"equipment_id","table_name":"equipment","column_label":"Equipment Id","db":"health4all","column_comment":"","relation_type":"branching_masters","active":true,"branch_on":"service_record"},{"column_type":"int","column_size":"7","column_key":"PRI","column_name":"user_id","table_name":"bb_user","column_label":"User Id","db":"health4all","column_comment":"","relation_type":"branching_masters","active":true,"branch_on":"service_record"},{"column_type":"int","column_size":"4","column_key":"PRI","column_name":"user_id","table_name":"user","column_label":"User Id","db":"health4all","column_comment":"","relation_type":"branching_masters","active":true,"branch_on":"service_record"},{"column_type":"int","column_size":"11","column_key":"PRI","column_name":"vendor_id","table_name":"vendor","column_label":"Vendor Id","db":"health4all","column_comment":"","relation_type":"branching_masters","active":true,"branch_on":"service_record"},{"column_type":"int","column_size":"11","column_key":"PRI","column_name":"contact_person_id","table_name":"contact_person","column_label":"Contact Person Id","db":"health4all","column_comment":"","relation_type":"branching_masters","active":true,"branch_on":"service_record"},{"column_type":"int","column_size":"3","column_key":"PRI","column_name":"district_id","table_name":"district","column_label":"District Id","db":"health4all","column_comment":"","relation_type":"branching_masters","active":true,"branch_on":"patient"},{"column_type":"int","column_size":"4","column_key":"PRI","column_name":"id_proof_type_id","table_name":"id_proof_type","column_label":"Id Proof Type Id","db":"health4all","column_comment":"","relation_type":"branching_masters","active":true,"branch_on":"patient"},{"column_type":"int","column_size":"11","column_key":"PRI","column_name":"occupation_id","table_name":"occupation","column_label":"Occupation Id","db":"health4all","column_comment":"","relation_type":"branching_masters","active":true,"branch_on":"patient"},{"column_type":"int","column_size":"3","column_key":"PRI","column_name":"hospital_id","table_name":"hospital","column_label":"Hospital Id","db":"health4all","column_comment":"","relation_type":"branching_masters","active":true,"branch_on":"patient"},{"column_type":"int","column_size":"11","column_key":"PRI","column_name":"hospital_id","table_name":"staff_previous_hospital","column_label":"Hospital Id","db":"health4all","column_comment":"","relation_type":"branching_masters","active":true,"branch_on":"patient"},{"column_type":"int","column_size":"3","column_key":"PRI","column_name":"hospital_id","table_name":"hospital","column_label":"Hospital Id","db":"health4all","column_comment":"","relation_type":"branching_masters","active":true,"branch_on":"patient_visit"},{"column_type":"int","column_size":"11","column_key":"PRI","column_name":"hospital_id","table_name":"staff_previous_hospital","column_label":"Hospital Id","db":"health4all","column_comment":"","relation_type":"branching_masters","active":true,"branch_on":"patient_visit"},{"column_type":"int","column_size":"11","column_key":"PRI","column_name":"visit_name_id","table_name":"visit_name","column_label":"Visit Name Id","db":"health4all","column_comment":"","relation_type":"branching_masters","active":true,"branch_on":"patient_visit"},{"column_type":"int","column_size":"11","column_key":"PRI","column_name":"patient_id","table_name":"bb_external_patient","column_label":"Patient Id","db":"health4all","column_comment":"","relation_type":"branching_masters","active":true,"branch_on":"patient_visit"},{"column_type":"int","column_size":"7","column_key":"PRI","column_name":"patient_id","table_name":"patient","column_label":"Patient Id","db":"health4all","column_comment":"","relation_type":"branching_masters","active":true,"branch_on":"patient_visit"},{"column_type":"int","column_size":"3","column_key":"PRI","column_name":"department_id","table_name":"department","column_label":"Department Id","db":"health4all","column_comment":"","relation_type":"branching_masters","active":true,"branch_on":"patient_visit"},{"column_type":"int","column_size":"11","column_key":"PRI","column_name":"insurance_id","table_name":"insurance","column_label":"Insurance Id","db":"health4all","column_comment":"","relation_type":"branching_masters","active":true,"branch_on":"patient_visit"},{"column_type":"int","column_size":"6","column_key":"PRI","column_name":"village_town_id","table_name":"village_town","column_label":"Village Town Id","db":"health4all","column_comment":"","relation_type":"branching_masters","active":true,"branch_on":"hospital"},{"column_type":"int","column_size":"3","column_key":"PRI","column_name":"district_id","table_name":"district","column_label":"District Id","db":"health4all","column_comment":"","relation_type":"branching_masters","active":true,"branch_on":"staff_previous_hospital"}]}