{"entity_type":"sql_table","folder_name":"app_one/scaffold","file_name":"health4all_roaster","extension":".json","table_type":"link_table","app_name":"app_one","db":"health4all","table_name":"roaster","ops":[{"op_name":"","params":{}}],"table_columns":[{"column_type":"int","column_size":"11","column_key":"PRI","column_name":"roaster_id","table_name":"roaster","column_label":"Roaster Id","db":"health4all","column_comment":""},{"column_type":"int","column_size":"11","column_key":"MUL","column_name":"staff_id","table_name":"roaster","column_label":"Staff Id","db":"health4all","column_comment":""},{"column_type":"date","column_key":"","column_name":"date","table_name":"roaster","column_label":"Date","db":"health4all","column_comment":""},{"column_type":"int","column_size":"11","column_key":"MUL","column_name":"shift_id","table_name":"roaster","column_label":"Shift Id","db":"health4all","column_comment":""},{"column_type":"int","column_size":"1","column_key":"","column_name":"swap_status","table_name":"roaster","column_label":"Swap Status","db":"health4all","column_comment":""},{"column_type":"int","column_size":"11","column_key":"","column_name":"original_shift_id","table_name":"roaster","column_label":"Original Shift Id","db":"health4all","column_comment":""}],"labels":[],"relation":[{"column_type":"int","column_size":"4","column_key":"PRI","column_name":"staff_id","table_name":"staff","column_label":"Staff Id","db":"health4all","column_comment":"","relation_type":"masters","active":true},{"column_type":"int","column_size":"11","column_key":"PRI","column_name":"shift_id","table_name":"shift","column_label":"Shift Id","db":"health4all","column_comment":"","relation_type":"masters","active":true},{"column_type":"int","column_size":"11","column_key":"","column_name":"roaster_id","table_name":"attendance","column_label":"Roaster Id","db":"health4all","column_comment":"","relation_type":"derived","active":true}]}