{"entity_type":"sql_table","folder_name":"app_one/scaffold","file_name":"health4all_prescription","extension":".json","table_type":"","app_name":"app_one","db":"health4all","table_name":"prescription","ops":[{"op_name":"","params":{}}],"table_columns":[{"column_type":"int","column_size":"11","column_key":"PRI","column_name":"prescription_id","table_name":"prescription","column_label":"Prescription Id","db":"health4all","column_comment":""},{"column_type":"int","column_size":"11","column_key":"","column_name":"visit_id","table_name":"prescription","column_label":"Visit Id","db":"health4all","column_comment":""},{"column_type":"int","column_size":"11","column_key":"","column_name":"item_id","table_name":"prescription","column_label":"Item Id","db":"health4all","column_comment":""},{"column_type":"text","column_key":"","column_name":"note","table_name":"prescription","column_label":"Note","db":"health4all","column_comment":""},{"column_type":"int","column_size":"11","column_key":"","column_name":"duration","table_name":"prescription","column_label":"Duration","db":"health4all","column_comment":""},{"column_type":"varchar","column_size":"15","column_key":"","column_name":"frequency","table_name":"prescription","column_label":"Frequency","db":"health4all","column_comment":""},{"column_type":"tinyint","column_size":"4","column_key":"","column_name":"morning","table_name":"prescription","column_label":"Morning","db":"health4all","column_comment":""},{"column_type":"tinyint","column_size":"4","column_key":"","column_name":"afternoon","table_name":"prescription","column_label":"Afternoon","db":"health4all","column_comment":""},{"column_type":"tinyint","column_size":"4","column_key":"","column_name":"evening","table_name":"prescription","column_label":"Evening","db":"health4all","column_comment":""},{"column_type":"double","column_key":"","column_name":"quantity","table_name":"prescription","column_label":"Quantity","db":"health4all","column_comment":""},{"column_type":"int","column_size":"11","column_key":"","column_name":"unit_id","table_name":"prescription","column_label":"Unit Id","db":"health4all","column_comment":""},{"column_type":"tinyint","column_size":"1","column_key":"","column_name":"status","table_name":"prescription","column_label":"Status","db":"health4all","column_comment":""}],"labels":[{"column_type":"varchar","column_size":"15","column_key":"","column_name":"frequency","table_name":"prescription","column_label":"Frequency","db":"health4all","column_comment":""}],"relation":[{"column_type":"int","column_size":"7","column_key":"PRI","column_name":"visit_id","table_name":"mlc","column_label":"Visit Id","db":"health4all","column_comment":"","relation_type":"masters","active":true},{"column_type":"int","column_size":"7","column_key":"PRI","column_name":"visit_id","table_name":"patient_visit","column_label":"Visit Id","db":"health4all","column_comment":"","relation_type":"masters","active":true},{"column_type":"int","column_size":"11","column_key":"PRI","column_name":"item_id","table_name":"item","column_label":"Item Id","db":"health4all","column_comment":"","relation_type":"masters","active":true},{"column_type":"int","column_size":"11","column_key":"PRI","column_name":"item_id","table_name":"item_master","column_label":"Item Id","db":"health4all","column_comment":"","relation_type":"masters","active":true},{"column_type":"int","column_size":"4","column_key":"PRI","column_name":"unit_id","table_name":"unit","column_label":"Unit Id","db":"health4all","column_comment":"","relation_type":"masters","active":true},{"column_type":"int","column_size":"3","column_key":"PRI","column_name":"hospital_id","table_name":"hospital","column_label":"Hospital Id","db":"health4all","column_comment":"","relation_type":"branching_masters","active":true,"branch_on":"patient_visit"},{"column_type":"int","column_size":"11","column_key":"PRI","column_name":"hospital_id","table_name":"staff_previous_hospital","column_label":"Hospital Id","db":"health4all","column_comment":"","relation_type":"branching_masters","active":true,"branch_on":"patient_visit"},{"column_type":"int","column_size":"11","column_key":"PRI","column_name":"visit_name_id","table_name":"visit_name","column_label":"Visit Name Id","db":"health4all","column_comment":"","relation_type":"branching_masters","active":true,"branch_on":"patient_visit"},{"column_type":"int","column_size":"11","column_key":"PRI","column_name":"patient_id","table_name":"bb_external_patient","column_label":"Patient Id","db":"health4all","column_comment":"","relation_type":"branching_masters","active":true,"branch_on":"patient_visit"},{"column_type":"int","column_size":"7","column_key":"PRI","column_name":"patient_id","table_name":"patient","column_label":"Patient Id","db":"health4all","column_comment":"","relation_type":"branching_masters","active":true,"branch_on":"patient_visit"},{"column_type":"int","column_size":"3","column_key":"PRI","column_name":"department_id","table_name":"department","column_label":"Department Id","db":"health4all","column_comment":"","relation_type":"branching_masters","active":true,"branch_on":"patient_visit"},{"column_type":"int","column_size":"11","column_key":"PRI","column_name":"insurance_id","table_name":"insurance","column_label":"Insurance Id","db":"health4all","column_comment":"","relation_type":"branching_masters","active":true,"branch_on":"patient_visit"},{"column_type":"int","column_size":"11","column_key":"PRI","column_name":"generic_item_id","table_name":"generic_item","column_label":"Generic Item Id","db":"health4all","column_comment":"","relation_type":"branching_masters","active":true,"branch_on":"item"},{"column_type":"int","column_size":"11","column_key":"PRI","column_name":"dosage_id","table_name":"dosage","column_label":"Dosage Id","db":"health4all","column_comment":"","relation_type":"branching_masters","active":true,"branch_on":"item"},{"column_type":"int","column_size":"6","column_key":"PRI","column_name":"item_form_id","table_name":"item_form","column_label":"Item Form Id","db":"health4all","column_comment":"","relation_type":"branching_masters","active":true,"branch_on":"item"},{"column_type":"int","column_size":"11","column_key":"PRI","column_name":"generic_item_id","table_name":"generic_item","column_label":"Generic Item Id","db":"health4all","column_comment":"","relation_type":"branching_masters","active":true,"branch_on":"item_master"},{"column_type":"int","column_size":"6","column_key":"PRI","column_name":"item_form_id","table_name":"item_form","column_label":"Item Form Id","db":"health4all","column_comment":"","relation_type":"branching_masters","active":true,"branch_on":"item_master"},{"column_type":"int","column_size":"3","column_key":"PRI","column_name":"department_id","table_name":"department","column_label":"Department Id","db":"health4all","column_comment":"","relation_type":"branching_masters","active":true,"branch_on":"unit"}]}