{"entity_type":"sql_table","folder_name":"app_one/scaffold","file_name":"health4all_vendor","extension":".json","table_type":"","app_name":"app_one","db":"health4all","table_name":"vendor","ops":[{"op_name":"","params":{}}],"table_columns":[{"column_type":"int","column_size":"11","column_key":"PRI","column_name":"vendor_id","table_name":"vendor","column_label":"Vendor Id","db":"health4all","column_comment":""},{"column_type":"int","column_size":"11","column_key":"MUL","column_name":"vendor_type_id","table_name":"vendor","column_label":"Vendor Type Id","db":"health4all","column_comment":""},{"column_type":"varchar","column_size":"30","column_key":"","column_name":"vendor_name","table_name":"vendor","column_label":"Vendor Name","db":"health4all","column_comment":""},{"column_type":"varchar","column_size":"50","column_key":"","column_name":"vendor_address","table_name":"vendor","column_label":"Vendor Address","db":"health4all","column_comment":""},{"column_type":"varchar","column_size":"50","column_key":"","column_name":"vendor_city","table_name":"vendor","column_label":"Vendor City","db":"health4all","column_comment":""},{"column_type":"varchar","column_size":"50","column_key":"","column_name":"vendor_state","table_name":"vendor","column_label":"Vendor State","db":"health4all","column_comment":""},{"column_type":"varchar","column_size":"50","column_key":"","column_name":"vendor_country","table_name":"vendor","column_label":"Vendor Country","db":"health4all","column_comment":""},{"column_type":"varchar","column_size":"30","column_key":"","column_name":"account_no","table_name":"vendor","column_label":"Account No","db":"health4all","column_comment":""},{"column_type":"varchar","column_size":"200","column_key":"","column_name":"bank_name","table_name":"vendor","column_label":"Bank Name","db":"health4all","column_comment":""},{"column_type":"varchar","column_size":"100","column_key":"","column_name":"branch","table_name":"vendor","column_label":"Branch","db":"health4all","column_comment":""},{"column_type":"varchar","column_size":"200","column_key":"","column_name":"vendor_email","table_name":"vendor","column_label":"Vendor Email","db":"health4all","column_comment":""},{"column_type":"varchar","column_size":"20","column_key":"","column_name":"vendor_phone","table_name":"vendor","column_label":"Vendor Phone","db":"health4all","column_comment":""},{"column_type":"int","column_size":"11","column_key":"","column_name":"contact_person_id","table_name":"vendor","column_label":"Contact Person Id","db":"health4all","column_comment":"primary contact person"},{"column_type":"varchar","column_size":"10","column_key":"","column_name":"vendor_pan","table_name":"vendor","column_label":"Vendor Pan","db":"health4all","column_comment":""}],"labels":[{"column_type":"varchar","column_size":"30","column_key":"","column_name":"vendor_name","table_name":"vendor","column_label":"Vendor Name","db":"health4all","column_comment":""},{"column_type":"varchar","column_size":"50","column_key":"","column_name":"vendor_address","table_name":"vendor","column_label":"Vendor Address","db":"health4all","column_comment":""},{"column_type":"varchar","column_size":"50","column_key":"","column_name":"vendor_city","table_name":"vendor","column_label":"Vendor City","db":"health4all","column_comment":""},{"column_type":"varchar","column_size":"50","column_key":"","column_name":"vendor_state","table_name":"vendor","column_label":"Vendor State","db":"health4all","column_comment":""},{"column_type":"varchar","column_size":"50","column_key":"","column_name":"vendor_country","table_name":"vendor","column_label":"Vendor Country","db":"health4all","column_comment":""},{"column_type":"varchar","column_size":"30","column_key":"","column_name":"account_no","table_name":"vendor","column_label":"Account No","db":"health4all","column_comment":""},{"column_type":"varchar","column_size":"200","column_key":"","column_name":"bank_name","table_name":"vendor","column_label":"Bank Name","db":"health4all","column_comment":""},{"column_type":"varchar","column_size":"100","column_key":"","column_name":"branch","table_name":"vendor","column_label":"Branch","db":"health4all","column_comment":""},{"column_type":"varchar","column_size":"200","column_key":"","column_name":"vendor_email","table_name":"vendor","column_label":"Vendor Email","db":"health4all","column_comment":""},{"column_type":"varchar","column_size":"20","column_key":"","column_name":"vendor_phone","table_name":"vendor","column_label":"Vendor Phone","db":"health4all","column_comment":""},{"column_type":"varchar","column_size":"10","column_key":"","column_name":"vendor_pan","table_name":"vendor","column_label":"Vendor Pan","db":"health4all","column_comment":""}],"relation":[{"column_type":"int","column_size":"11","column_key":"PRI","column_name":"vendor_type_id","table_name":"vendor_type","column_label":"Vendor Type Id","db":"health4all","column_comment":"","relation_type":"masters","active":true},{"column_type":"int","column_size":"11","column_key":"PRI","column_name":"contact_person_id","table_name":"contact_person","column_label":"Contact Person Id","db":"health4all","column_comment":"","relation_type":"masters","active":true},{"column_type":"int","column_size":"11","column_key":"","column_name":"vendor_id","table_name":"contact_person","column_label":"Vendor Id","db":"health4all","column_comment":"","relation_type":"derived","active":true},{"column_type":"int","column_size":"6","column_key":"","column_name":"vendor_id","table_name":"equipment","column_label":"Vendor Id","db":"health4all","column_comment":"","relation_type":"derived","active":true},{"column_type":"int","column_size":"6","column_key":"","column_name":"vendor_id","table_name":"equipment_maintenance_contract","column_label":"Vendor Id","db":"health4all","column_comment":"","relation_type":"derived","active":true},{"column_type":"int","column_size":"10","column_key":"","column_name":"vendor_id","table_name":"service_record","column_label":"Vendor Id","db":"health4all","column_comment":"","relation_type":"derived","active":true},{"column_type":"int","column_size":"11","column_key":"","column_name":"vendor_id","table_name":"supply_chain_party","column_label":"Vendor Id","db":"health4all","column_comment":"","relation_type":"derived","active":true},{"column_type":"int","column_size":"4","column_key":"","column_name":"vendor_id","table_name":"vendor_contracts","column_label":"Vendor Id","db":"health4all","column_comment":"","relation_type":"derived","active":true},{"column_type":"int","column_size":"3","column_key":"PRI","column_name":"equipment_type_id","table_name":"equipment_type","column_label":"Equipment Type Id","db":"health4all","column_comment":"","relation_type":"branching_masters","active":true,"branch_on":"equipment"},{"column_type":"int","column_size":"3","column_key":"PRI","column_name":"hospital_id","table_name":"hospital","column_label":"Hospital Id","db":"health4all","column_comment":"","relation_type":"branching_masters","active":true,"branch_on":"equipment"},{"column_type":"int","column_size":"11","column_key":"PRI","column_name":"hospital_id","table_name":"staff_previous_hospital","column_label":"Hospital Id","db":"health4all","column_comment":"","relation_type":"branching_masters","active":true,"branch_on":"equipment"},{"column_type":"int","column_size":"3","column_key":"PRI","column_name":"department_id","table_name":"department","column_label":"Department Id","db":"health4all","column_comment":"","relation_type":"branching_masters","active":true,"branch_on":"equipment"},{"column_type":"int","column_size":"4","column_key":"PRI","column_name":"area_id","table_name":"area","column_label":"Area Id","db":"health4all","column_comment":"","relation_type":"branching_masters","active":true,"branch_on":"equipment"},{"column_type":"int","column_size":"4","column_key":"PRI","column_name":"unit_id","table_name":"unit","column_label":"Unit Id","db":"health4all","column_comment":"","relation_type":"branching_masters","active":true,"branch_on":"equipment"},{"column_type":"int","column_size":"4","column_key":"PRI","column_name":"staff_id","table_name":"staff","column_label":"Staff Id","db":"health4all","column_comment":"","relation_type":"branching_masters","active":true,"branch_on":"equipment"},{"column_type":"int","column_size":"6","column_key":"PRI","column_name":"equipment_id","table_name":"equipment","column_label":"Equipment Id","db":"health4all","column_comment":"","relation_type":"branching_masters","active":true,"branch_on":"equipment_maintenance_contract"},{"column_type":"int","column_size":"6","column_key":"PRI","column_name":"equipment_id","table_name":"equipment","column_label":"Equipment Id","db":"health4all","column_comment":"","relation_type":"branching_masters","active":true,"branch_on":"service_record"},{"column_type":"int","column_size":"7","column_key":"PRI","column_name":"user_id","table_name":"bb_user","column_label":"User Id","db":"health4all","column_comment":"","relation_type":"branching_masters","active":true,"branch_on":"service_record"},{"column_type":"int","column_size":"4","column_key":"PRI","column_name":"user_id","table_name":"user","column_label":"User Id","db":"health4all","column_comment":"","relation_type":"branching_masters","active":true,"branch_on":"service_record"},{"column_type":"int","column_size":"11","column_key":"PRI","column_name":"contact_person_id","table_name":"contact_person","column_label":"Contact Person Id","db":"health4all","column_comment":"","relation_type":"branching_masters","active":true,"branch_on":"service_record"},{"column_type":"int","column_size":"3","column_key":"PRI","column_name":"hospital_id","table_name":"hospital","column_label":"Hospital Id","db":"health4all","column_comment":"","relation_type":"branching_masters","active":true,"branch_on":"supply_chain_party"},{"column_type":"int","column_size":"11","column_key":"PRI","column_name":"hospital_id","table_name":"staff_previous_hospital","column_label":"Hospital Id","db":"health4all","column_comment":"","relation_type":"branching_masters","active":true,"branch_on":"supply_chain_party"},{"column_type":"int","column_size":"3","column_key":"PRI","column_name":"department_id","table_name":"department","column_label":"Department Id","db":"health4all","column_comment":"","relation_type":"branching_masters","active":true,"branch_on":"supply_chain_party"},{"column_type":"int","column_size":"4","column_key":"PRI","column_name":"area_id","table_name":"area","column_label":"Area Id","db":"health4all","column_comment":"","relation_type":"branching_masters","active":true,"branch_on":"supply_chain_party"},{"column_type":"int","column_size":"4","column_key":"PRI","column_name":"facility_id","table_name":"facility","column_label":"Facility Id","db":"health4all","column_comment":"","relation_type":"branching_masters","active":true,"branch_on":"vendor_contracts"}]}