{"entity_type":"sql_table","folder_name":"app_one/scaffold","file_name":"health4all_bb_appointment","extension":".json","table_type":"","app_name":"app_one","db":"health4all","table_name":"bb_appointment","ops":[{"op_name":"","params":{}}],"table_columns":[{"column_type":"int","column_size":"7","column_key":"PRI","column_name":"appointment_id","table_name":"bb_appointment","column_label":"Appointment Id","db":"health4all","column_comment":""},{"column_type":"int","column_size":"7","column_key":"","column_name":"donor_id","table_name":"bb_appointment","column_label":"Donor Id","db":"health4all","column_comment":""},{"column_type":"int","column_size":"7","column_key":"","column_name":"slot_id","table_name":"bb_appointment","column_label":"Slot Id","db":"health4all","column_comment":""},{"column_type":"datetime","column_key":"","column_name":"datetime","table_name":"bb_appointment","column_label":"Datetime","db":"health4all","column_comment":""},{"column_type":"varchar","column_size":"50","column_key":"","column_name":"status","table_name":"bb_appointment","column_label":"Status","db":"health4all","column_comment":""},{"column_type":"int","column_size":"11","column_key":"","column_name":"hospital_id","table_name":"bb_appointment","column_label":"Hospital Id","db":"health4all","column_comment":""}],"labels":[{"column_type":"varchar","column_size":"50","column_key":"","column_name":"status","table_name":"bb_appointment","column_label":"Status","db":"health4all","column_comment":""}],"relation":[{"column_type":"int","column_size":"7","column_key":"PRI","column_name":"donor_id","table_name":"blood_donor","column_label":"Donor Id","db":"health4all","column_comment":"","relation_type":"masters","active":true},{"column_type":"int","column_size":"7","column_key":"PRI","column_name":"slot_id","table_name":"bb_slot","column_label":"Slot Id","db":"health4all","column_comment":"","relation_type":"masters","active":true},{"column_type":"int","column_size":"3","column_key":"PRI","column_name":"hospital_id","table_name":"hospital","column_label":"Hospital Id","db":"health4all","column_comment":"","relation_type":"masters","active":true},{"column_type":"int","column_size":"11","column_key":"PRI","column_name":"hospital_id","table_name":"staff_previous_hospital","column_label":"Hospital Id","db":"health4all","column_comment":"","relation_type":"masters","active":true},{"column_type":"int","column_size":"7","column_key":"","column_name":"appointment_id","table_name":"bb_app_slot_link","column_label":"Appointment Id","db":"health4all","column_comment":"","relation_type":"derived","active":true},{"column_type":"int","column_size":"7","column_key":"PRI","column_name":"slot_id","table_name":"bb_slot","column_label":"Slot Id","db":"health4all","column_comment":"","relation_type":"branching_masters","active":true,"branch_on":"bb_app_slot_link"},{"column_type":"int","column_size":"3","column_key":"PRI","column_name":"hospital_id","table_name":"hospital","column_label":"Hospital Id","db":"health4all","column_comment":"","relation_type":"branching_masters","active":true,"branch_on":"bb_app_slot_link"},{"column_type":"int","column_size":"11","column_key":"PRI","column_name":"hospital_id","table_name":"staff_previous_hospital","column_label":"Hospital Id","db":"health4all","column_comment":"","relation_type":"branching_masters","active":true,"branch_on":"bb_app_slot_link"},{"column_type":"int","column_size":"3","column_key":"PRI","column_name":"hospital_id","table_name":"hospital","column_label":"Hospital Id","db":"health4all","column_comment":"","relation_type":"branching_masters","active":true,"branch_on":"bb_slot"},{"column_type":"int","column_size":"11","column_key":"PRI","column_name":"hospital_id","table_name":"staff_previous_hospital","column_label":"Hospital Id","db":"health4all","column_comment":"","relation_type":"branching_masters","active":true,"branch_on":"bb_slot"},{"column_type":"int","column_size":"6","column_key":"PRI","column_name":"village_town_id","table_name":"village_town","column_label":"Village Town Id","db":"health4all","column_comment":"","relation_type":"branching_masters","active":true,"branch_on":"hospital"},{"column_type":"int","column_size":"3","column_key":"PRI","column_name":"district_id","table_name":"district","column_label":"District Id","db":"health4all","column_comment":"","relation_type":"branching_masters","active":true,"branch_on":"staff_previous_hospital"}]}