{"entity_type":"sql_table","folder_name":"app_one/scaffold","file_name":"health4all_generic_item","extension":".json","table_type":"","app_name":"app_one","db":"health4all","table_name":"generic_item","ops":[{"op_name":"","params":{}}],"table_columns":[{"column_type":"int","column_size":"11","column_key":"PRI","column_name":"generic_item_id","table_name":"generic_item","column_label":"Generic Item Id","db":"health4all","column_comment":""},{"column_type":"varchar","column_size":"100","column_key":"","column_name":"generic_name","table_name":"generic_item","column_label":"Generic Name","db":"health4all","column_comment":""},{"column_type":"int","column_size":"11","column_key":"","column_name":"drug_type_id","table_name":"generic_item","column_label":"Drug Type Id","db":"health4all","column_comment":""},{"column_type":"int","column_size":"11","column_key":"","column_name":"item_type_id","table_name":"generic_item","column_label":"Item Type Id","db":"health4all","column_comment":""},{"column_type":"int","column_size":"11","column_key":"","column_name":"form_id","table_name":"generic_item","column_label":"Form Id","db":"health4all","column_comment":""},{"column_type":"text","column_key":"","column_name":"note","table_name":"generic_item","column_label":"Note","db":"health4all","column_comment":""},{"column_type":"text","column_key":"","column_name":"side_effect","table_name":"generic_item","column_label":"Side Effect","db":"health4all","column_comment":""}],"labels":[{"column_type":"varchar","column_size":"100","column_key":"","column_name":"generic_name","table_name":"generic_item","column_label":"Generic Name","db":"health4all","column_comment":""}],"relation":[{"column_type":"int","column_size":"20","column_key":"PRI","column_name":"drug_type_id","table_name":"drug_type","column_label":"Drug Type Id","db":"health4all","column_comment":"","relation_type":"masters","active":true},{"column_type":"int","column_size":"11","column_key":"PRI","column_name":"item_type_id","table_name":"item_type","column_label":"Item Type Id","db":"health4all","column_comment":"","relation_type":"masters","active":true},{"column_type":"int","column_size":"11","column_key":"PRI","column_name":"form_id","table_name":"form","column_label":"Form Id","db":"health4all","column_comment":"","relation_type":"masters","active":true},{"column_type":"int","column_size":"11","column_key":"","column_name":"generic_item_id","table_name":"drug_available","column_label":"Generic Item Id","db":"health4all","column_comment":"","relation_type":"derived","active":true},{"column_type":"int","column_size":"11","column_key":"","column_name":"generic_item_id","table_name":"item","column_label":"Generic Item Id","db":"health4all","column_comment":"","relation_type":"derived","active":true},{"column_type":"int","column_size":"11","column_key":"","column_name":"generic_item_id","table_name":"item_master","column_label":"Generic Item Id","db":"health4all","column_comment":"","relation_type":"derived","active":true},{"column_type":"int","column_size":"3","column_key":"PRI","column_name":"hospital_id","table_name":"hospital","column_label":"Hospital Id","db":"health4all","column_comment":"","relation_type":"branching_masters","active":true,"branch_on":"drug_available"},{"column_type":"int","column_size":"11","column_key":"PRI","column_name":"hospital_id","table_name":"staff_previous_hospital","column_label":"Hospital Id","db":"health4all","column_comment":"","relation_type":"branching_masters","active":true,"branch_on":"drug_available"},{"column_type":"int","column_size":"11","column_key":"PRI","column_name":"dosage_id","table_name":"dosage","column_label":"Dosage Id","db":"health4all","column_comment":"","relation_type":"branching_masters","active":true,"branch_on":"item"},{"column_type":"int","column_size":"6","column_key":"PRI","column_name":"item_form_id","table_name":"item_form","column_label":"Item Form Id","db":"health4all","column_comment":"","relation_type":"branching_masters","active":true,"branch_on":"item"},{"column_type":"int","column_size":"6","column_key":"PRI","column_name":"item_form_id","table_name":"item_form","column_label":"Item Form Id","db":"health4all","column_comment":"","relation_type":"branching_masters","active":true,"branch_on":"item_master"}]}