{"entity_type":"sql_table","folder_name":"app_one/scaffold","file_name":"health4all_blood_donor","extension":".json","table_type":"","app_name":"app_one","db":"health4all","table_name":"blood_donor","ops":[{"op_name":"","params":{}}],"table_columns":[{"column_type":"int","column_size":"7","column_key":"PRI","column_name":"donor_id","table_name":"blood_donor","column_label":"Donor Id","db":"health4all","column_comment":""},{"column_type":"varchar","column_size":"200","column_key":"","column_name":"name","table_name":"blood_donor","column_label":"Name","db":"health4all","column_comment":""},{"column_type":"varchar","column_size":"200","column_key":"","column_name":"parent_spouse","table_name":"blood_donor","column_label":"Parent Spouse","db":"health4all","column_comment":""},{"column_type":"varchar","column_size":"20","column_key":"","column_name":"maritial_status","table_name":"blood_donor","column_label":"Maritial Status","db":"health4all","column_comment":""},{"column_type":"varchar","column_size":"100","column_key":"","column_name":"occupation","table_name":"blood_donor","column_label":"Occupation","db":"health4all","column_comment":""},{"column_type":"varchar","column_size":"20","column_key":"","column_name":"dob","table_name":"blood_donor","column_label":"Dob","db":"health4all","column_comment":""},{"column_type":"int","column_size":"3","column_key":"","column_name":"age","table_name":"blood_donor","column_label":"Age","db":"health4all","column_comment":""},{"column_type":"char","column_size":"1","column_key":"","column_name":"sex","table_name":"blood_donor","column_label":"Sex","db":"health4all","column_comment":""},{"column_type":"varchar","column_size":"10","column_key":"","column_name":"blood_group","table_name":"blood_donor","column_label":"Blood Group","db":"health4all","column_comment":""},{"column_type":"varchar","column_size":"10","column_key":"","column_name":"sub_group","table_name":"blood_donor","column_label":"Sub Group","db":"health4all","column_comment":""},{"column_type":"varchar","column_size":"20","column_key":"","column_name":"phone","table_name":"blood_donor","column_label":"Phone","db":"health4all","column_comment":""},{"column_type":"varchar","column_size":"200","column_key":"","column_name":"email","table_name":"blood_donor","column_label":"Email","db":"health4all","column_comment":""},{"column_type":"mediumtext","column_key":"","column_name":"address","table_name":"blood_donor","column_label":"Address","db":"health4all","column_comment":""},{"column_type":"tinyint","column_size":"1","column_key":"","column_name":"alerts","table_name":"blood_donor","column_label":"Alerts","db":"health4all","column_comment":""},{"column_type":"int","column_size":"11","column_key":"","column_name":"hospital_id","table_name":"blood_donor","column_label":"Hospital Id","db":"health4all","column_comment":""}],"labels":[{"column_type":"varchar","column_size":"200","column_key":"","column_name":"name","table_name":"blood_donor","column_label":"Name","db":"health4all","column_comment":""},{"column_type":"varchar","column_size":"200","column_key":"","column_name":"parent_spouse","table_name":"blood_donor","column_label":"Parent Spouse","db":"health4all","column_comment":""},{"column_type":"varchar","column_size":"20","column_key":"","column_name":"maritial_status","table_name":"blood_donor","column_label":"Maritial Status","db":"health4all","column_comment":""},{"column_type":"varchar","column_size":"100","column_key":"","column_name":"occupation","table_name":"blood_donor","column_label":"Occupation","db":"health4all","column_comment":""},{"column_type":"varchar","column_size":"20","column_key":"","column_name":"dob","table_name":"blood_donor","column_label":"Dob","db":"health4all","column_comment":""},{"column_type":"char","column_size":"1","column_key":"","column_name":"sex","table_name":"blood_donor","column_label":"Sex","db":"health4all","column_comment":""},{"column_type":"varchar","column_size":"10","column_key":"","column_name":"blood_group","table_name":"blood_donor","column_label":"Blood Group","db":"health4all","column_comment":""},{"column_type":"varchar","column_size":"10","column_key":"","column_name":"sub_group","table_name":"blood_donor","column_label":"Sub Group","db":"health4all","column_comment":""},{"column_type":"varchar","column_size":"20","column_key":"","column_name":"phone","table_name":"blood_donor","column_label":"Phone","db":"health4all","column_comment":""},{"column_type":"varchar","column_size":"200","column_key":"","column_name":"email","table_name":"blood_donor","column_label":"Email","db":"health4all","column_comment":""}],"relation":[{"column_type":"int","column_size":"3","column_key":"PRI","column_name":"hospital_id","table_name":"hospital","column_label":"Hospital Id","db":"health4all","column_comment":"","relation_type":"masters","active":true},{"column_type":"int","column_size":"11","column_key":"PRI","column_name":"hospital_id","table_name":"staff_previous_hospital","column_label":"Hospital Id","db":"health4all","column_comment":"","relation_type":"masters","active":true},{"column_type":"int","column_size":"7","column_key":"","column_name":"donor_id","table_name":"bb_appointment","column_label":"Donor Id","db":"health4all","column_comment":"","relation_type":"derived","active":true},{"column_type":"int","column_size":"7","column_key":"","column_name":"donor_id","table_name":"bb_donation","column_label":"Donor Id","db":"health4all","column_comment":"","relation_type":"derived","active":true},{"column_type":"int","column_size":"7","column_key":"PRI","column_name":"slot_id","table_name":"bb_slot","column_label":"Slot Id","db":"health4all","column_comment":"","relation_type":"branching_masters","active":true,"branch_on":"bb_appointment"},{"column_type":"int","column_size":"3","column_key":"PRI","column_name":"hospital_id","table_name":"hospital","column_label":"Hospital Id","db":"health4all","column_comment":"","relation_type":"branching_masters","active":true,"branch_on":"bb_appointment"},{"column_type":"int","column_size":"11","column_key":"PRI","column_name":"hospital_id","table_name":"staff_previous_hospital","column_label":"Hospital Id","db":"health4all","column_comment":"","relation_type":"branching_masters","active":true,"branch_on":"bb_appointment"},{"column_type":"int","column_size":"7","column_key":"PRI","column_name":"replacement_patient_id","table_name":"bb_replacement_patient","column_label":"Replacement Patient Id","db":"health4all","column_comment":"","relation_type":"branching_masters","active":true,"branch_on":"bb_donation"},{"column_type":"int","column_size":"11","column_key":"PRI","column_name":"status_id","table_name":"bb_status","column_label":"Status Id","db":"health4all","column_comment":"","relation_type":"branching_masters","active":true,"branch_on":"bb_donation"},{"column_type":"int","column_size":"11","column_key":"PRI","column_name":"camp_id","table_name":"blood_donation_camp","column_label":"Camp Id","db":"health4all","column_comment":"","relation_type":"branching_masters","active":true,"branch_on":"bb_donation"},{"column_type":"int","column_size":"11","column_key":"PRI","column_name":"camp_id","table_name":"blood_donation_camp_date","column_label":"Camp Id","db":"health4all","column_comment":"","relation_type":"branching_masters","active":true,"branch_on":"bb_donation"},{"column_type":"int","column_size":"3","column_key":"PRI","column_name":"hospital_id","table_name":"hospital","column_label":"Hospital Id","db":"health4all","column_comment":"","relation_type":"branching_masters","active":true,"branch_on":"bb_donation"},{"column_type":"int","column_size":"11","column_key":"PRI","column_name":"hospital_id","table_name":"staff_previous_hospital","column_label":"Hospital Id","db":"health4all","column_comment":"","relation_type":"branching_masters","active":true,"branch_on":"bb_donation"}]}