{"entity_type":"sql_table","folder_name":"app_one/scaffold","file_name":"health4all_activity_done","extension":".json","table_type":"link_table","app_name":"app_one","db":"health4all","table_name":"activity_done","ops":[{"op_name":"","params":{}}],"table_columns":[{"column_type":"int","column_size":"11","column_key":"PRI","column_name":"activity_done_id","table_name":"activity_done","column_label":"Activity Done Id","db":"health4all","column_comment":""},{"column_type":"int","column_size":"11","column_key":"","column_name":"activity_id","table_name":"activity_done","column_label":"Activity Id","db":"health4all","column_comment":""},{"column_type":"decimal","column_size":"3,1","column_key":"","column_name":"score","table_name":"activity_done","column_label":"Score","db":"health4all","column_comment":""},{"column_type":"tinytext","column_key":"","column_name":"comments","table_name":"activity_done","column_label":"Comments","db":"health4all","column_comment":""},{"column_type":"date","column_key":"","column_name":"date","table_name":"activity_done","column_label":"Date","db":"health4all","column_comment":""},{"column_type":"time","column_key":"","column_name":"time","table_name":"activity_done","column_label":"Time","db":"health4all","column_comment":""},{"column_type":"int","column_size":"5","column_key":"","column_name":"user_id","table_name":"activity_done","column_label":"User Id","db":"health4all","column_comment":""},{"column_type":"timestamp","column_key":"","column_name":"datetime","table_name":"activity_done","column_label":"Datetime","db":"health4all","column_comment":""}],"labels":[],"relation":[{"column_type":"int","column_size":"6","column_key":"PRI","column_name":"activity_id","table_name":"facility_activity","column_label":"Activity Id","db":"health4all","column_comment":"","relation_type":"masters","active":true},{"column_type":"int","column_size":"7","column_key":"PRI","column_name":"user_id","table_name":"bb_user","column_label":"User Id","db":"health4all","column_comment":"","relation_type":"masters","active":true},{"column_type":"int","column_size":"4","column_key":"PRI","column_name":"user_id","table_name":"user","column_label":"User Id","db":"health4all","column_comment":"","relation_type":"masters","active":true},{"column_type":"int","column_size":"4","column_key":"PRI","column_name":"facility_area_id","table_name":"facility_area","column_label":"Facility Area Id","db":"health4all","column_comment":"","relation_type":"branching_masters","active":true,"branch_on":"facility_activity"},{"column_type":"int","column_size":"4","column_key":"PRI","column_name":"area_activity_id","table_name":"area_activity","column_label":"Area Activity Id","db":"health4all","column_comment":"","relation_type":"branching_masters","active":true,"branch_on":"facility_activity"},{"column_type":"int","column_size":"3","column_key":"PRI","column_name":"hospital_id","table_name":"hospital","column_label":"Hospital Id","db":"health4all","column_comment":"","relation_type":"branching_masters","active":true,"branch_on":"bb_user"},{"column_type":"int","column_size":"11","column_key":"PRI","column_name":"hospital_id","table_name":"staff_previous_hospital","column_label":"Hospital Id","db":"health4all","column_comment":"","relation_type":"branching_masters","active":true,"branch_on":"bb_user"},{"column_type":"int","column_size":"4","column_key":"PRI","column_name":"staff_id","table_name":"staff","column_label":"Staff Id","db":"health4all","column_comment":"","relation_type":"branching_masters","active":true,"branch_on":"user"}]}