{"entity_type":"sql_table","folder_name":"app_one/scaffold","file_name":"health4all_staff_applicant_college","extension":".json","table_type":"","app_name":"app_one","db":"health4all","table_name":"staff_applicant_college","ops":[{"op_name":"","params":{}}],"table_columns":[{"column_type":"int","column_size":"11","column_key":"PRI","column_name":"college_id","table_name":"staff_applicant_college","column_label":"College Id","db":"health4all","column_comment":""},{"column_type":"varchar","column_size":"150","column_key":"","column_name":"college_name","table_name":"staff_applicant_college","column_label":"College Name","db":"health4all","column_comment":""},{"column_type":"int","column_size":"11","column_key":"","column_name":"affiliated_to","table_name":"staff_applicant_college","column_label":"Affiliated To","db":"health4all","column_comment":""},{"column_type":"varchar","column_size":"250","column_key":"","column_name":"address","table_name":"staff_applicant_college","column_label":"Address","db":"health4all","column_comment":""},{"column_type":"int","column_size":"11","column_key":"","column_name":"district_id","table_name":"staff_applicant_college","column_label":"District Id","db":"health4all","column_comment":""},{"column_type":"varchar","column_size":"70","column_key":"","column_name":"email","table_name":"staff_applicant_college","column_label":"Email","db":"health4all","column_comment":""},{"column_type":"tinyint","column_size":"1","column_key":"","column_name":"university_flag","table_name":"staff_applicant_college","column_label":"University Flag","db":"health4all","column_comment":""},{"column_type":"tinyint","column_size":"1","column_key":"","column_name":"public_institution_flag","table_name":"staff_applicant_college","column_label":"Public Institution Flag","db":"health4all","column_comment":""}],"labels":[{"column_type":"varchar","column_size":"150","column_key":"","column_name":"college_name","table_name":"staff_applicant_college","column_label":"College Name","db":"health4all","column_comment":""},{"column_type":"varchar","column_size":"250","column_key":"","column_name":"address","table_name":"staff_applicant_college","column_label":"Address","db":"health4all","column_comment":""},{"column_type":"varchar","column_size":"70","column_key":"","column_name":"email","table_name":"staff_applicant_college","column_label":"Email","db":"health4all","column_comment":""}],"relation":[{"column_type":"int","column_size":"3","column_key":"PRI","column_name":"district_id","table_name":"district","column_label":"District Id","db":"health4all","column_comment":"","relation_type":"masters","active":true},{"column_type":"int","column_size":"11","column_key":"","column_name":"college_id","table_name":"staff_applicant_qualification","column_label":"College Id","db":"health4all","column_comment":"","relation_type":"derived","active":true},{"column_type":"int","column_size":"11","column_key":"PRI","column_name":"applicant_id","table_name":"staff_applicant","column_label":"Applicant Id","db":"health4all","column_comment":"","relation_type":"branching_masters","active":true,"branch_on":"staff_applicant_qualification"},{"column_type":"int","column_size":"6","column_key":"PRI","column_name":"qualification_id","table_name":"qualification","column_label":"Qualification Id","db":"health4all","column_comment":"","relation_type":"branching_masters","active":true,"branch_on":"staff_applicant_qualification"},{"column_type":"int","column_size":"11","column_key":"PRI","column_name":"qualification_id","table_name":"staff_applicant_qualification_master","column_label":"Qualification Id","db":"health4all","column_comment":"","relation_type":"branching_masters","active":true,"branch_on":"staff_applicant_qualification"},{"column_type":"int","column_size":"4","column_key":"PRI","column_name":"staff_id","table_name":"staff","column_label":"Staff Id","db":"health4all","column_comment":"","relation_type":"branching_masters","active":true,"branch_on":"staff_applicant_qualification"}]}