{"entity_type":"sql_table","folder_name":"app_one/scaffold","file_name":"health4all_facility_activity","extension":".json","table_type":"link_table","app_name":"app_one","db":"health4all","table_name":"facility_activity","ops":[{"op_name":"","params":{}}],"table_columns":[{"column_type":"int","column_size":"6","column_key":"PRI","column_name":"activity_id","table_name":"facility_activity","column_label":"Activity Id","db":"health4all","column_comment":""},{"column_type":"int","column_size":"2","column_key":"","column_name":"facility_area_id","table_name":"facility_activity","column_label":"Facility Area Id","db":"health4all","column_comment":""},{"column_type":"int","column_size":"3","column_key":"","column_name":"area_activity_id","table_name":"facility_activity","column_label":"Area Activity Id","db":"health4all","column_comment":""}],"labels":[],"relation":[{"column_type":"int","column_size":"4","column_key":"PRI","column_name":"facility_area_id","table_name":"facility_area","column_label":"Facility Area Id","db":"health4all","column_comment":"","relation_type":"masters","active":true},{"column_type":"int","column_size":"4","column_key":"PRI","column_name":"area_activity_id","table_name":"area_activity","column_label":"Area Activity Id","db":"health4all","column_comment":"","relation_type":"masters","active":true},{"column_type":"int","column_size":"11","column_key":"","column_name":"activity_id","table_name":"activity_done","column_label":"Activity Id","db":"health4all","column_comment":"","relation_type":"derived","active":true},{"column_type":"int","column_size":"7","column_key":"PRI","column_name":"user_id","table_name":"bb_user","column_label":"User Id","db":"health4all","column_comment":"","relation_type":"branching_masters","active":true,"branch_on":"activity_done"},{"column_type":"int","column_size":"4","column_key":"PRI","column_name":"user_id","table_name":"user","column_label":"User Id","db":"health4all","column_comment":"","relation_type":"branching_masters","active":true,"branch_on":"activity_done"},{"column_type":"int","column_size":"2","column_key":"PRI","column_name":"area_type_id","table_name":"area_types","column_label":"Area Type Id","db":"health4all","column_comment":"","relation_type":"branching_masters","active":true,"branch_on":"area_activity"}]}