{"entity_type":"sql_table","folder_name":"app_one/scaffold","file_name":"health4all_swap_request_sent","extension":".json","table_type":"link_table","app_name":"app_one","db":"health4all","table_name":"swap_request_sent","ops":[{"op_name":"","params":{}}],"table_columns":[{"column_type":"int","column_size":"11","column_key":"PRI","column_name":"swap_request_sent_id","table_name":"swap_request_sent","column_label":"Swap Request Sent Id","db":"health4all","column_comment":""},{"column_type":"int","column_size":"11","column_key":"MUL","column_name":"swap_id","table_name":"swap_request_sent","column_label":"Swap Id","db":"health4all","column_comment":""},{"column_type":"int","column_size":"11","column_key":"MUL","column_name":"staff_id_sent_to","table_name":"swap_request_sent","column_label":"Staff Id Sent To","db":"health4all","column_comment":""}],"labels":[],"relation":[{"column_type":"int","column_size":"11","column_key":"PRI","column_name":"swap_id","table_name":"swap_request","column_label":"Swap Id","db":"health4all","column_comment":"","relation_type":"masters","active":true}]}