{"entity_type":"sql_table","folder_name":"app_one/scaffold","file_name":"health4all_patient_procedure","extension":".json","table_type":"","app_name":"app_one","db":"health4all","table_name":"patient_procedure","ops":[{"op_name":"","params":{}}],"table_columns":[{"column_type":"int","column_size":"10","column_key":"PRI","column_name":"patient_procedure_id","table_name":"patient_procedure","column_label":"Patient Procedure Id","db":"health4all","column_comment":""},{"column_type":"int","column_size":"11","column_key":"","column_name":"procedure_plan_id","table_name":"patient_procedure","column_label":"Procedure Plan Id","db":"health4all","column_comment":""},{"column_type":"bigint","column_size":"10","column_key":"","column_name":"visit_id","table_name":"patient_procedure","column_label":"Visit Id","db":"health4all","column_comment":""},{"column_type":"int","column_size":"11","column_key":"","column_name":"procedure_id","table_name":"patient_procedure","column_label":"Procedure Id","db":"health4all","column_comment":""},{"column_type":"datetime","column_key":"","column_name":"procedure_datetime","table_name":"patient_procedure","column_label":"Procedure Datetime","db":"health4all","column_comment":""},{"column_type":"varchar","column_size":"12","column_key":"","column_name":"procedure_duration","table_name":"patient_procedure","column_label":"Procedure Duration","db":"health4all","column_comment":""},{"column_type":"text","column_key":"","column_name":"procedure_note","table_name":"patient_procedure","column_label":"Procedure Note","db":"health4all","column_comment":""},{"column_type":"longtext","column_key":"","column_name":"procedure_findings","table_name":"patient_procedure","column_label":"Procedure Findings","db":"health4all","column_comment":""},{"column_type":"text","column_key":"","column_name":"post_procedure","table_name":"patient_procedure","column_label":"Post Procedure","db":"health4all","column_comment":""}],"labels":[{"column_type":"varchar","column_size":"12","column_key":"","column_name":"procedure_duration","table_name":"patient_procedure","column_label":"Procedure Duration","db":"health4all","column_comment":""}],"relation":[{"column_type":"int","column_size":"11","column_key":"PRI","column_name":"procedure_plan_id","table_name":"procedure_plan","column_label":"Procedure Plan Id","db":"health4all","column_comment":"","relation_type":"masters","active":true},{"column_type":"int","column_size":"11","column_key":"PRI","column_name":"procedure_id","table_name":"procedure","column_label":"Procedure Id","db":"health4all","column_comment":"","relation_type":"masters","active":true},{"column_type":"int","column_size":"11","column_key":"","column_name":"patient_procedure_id","table_name":"procedure_staff","column_label":"Patient Procedure Id","db":"health4all","column_comment":"","relation_type":"derived","active":true},{"column_type":"int","column_size":"4","column_key":"PRI","column_name":"staff_id","table_name":"staff","column_label":"Staff Id","db":"health4all","column_comment":"","relation_type":"branching_masters","active":true,"branch_on":"procedure_staff"},{"column_type":"int","column_size":"3","column_key":"PRI","column_name":"procedure_type_id","table_name":"procedure_type","column_label":"Procedure Type Id","db":"health4all","column_comment":"","relation_type":"branching_masters","active":true,"branch_on":"procedure"}]}