{"entity_type":"sql_table","folder_name":"app_one/scaffold","file_name":"health4all_bb_user","extension":".json","table_type":"","app_name":"app_one","db":"health4all","table_name":"bb_user","ops":[{"op_name":"","params":{}}],"table_columns":[{"column_type":"int","column_size":"7","column_key":"PRI","column_name":"user_id","table_name":"bb_user","column_label":"User Id","db":"health4all","column_comment":""},{"column_type":"varchar","column_size":"200","column_key":"","column_name":"username","table_name":"bb_user","column_label":"Username","db":"health4all","column_comment":""},{"column_type":"varchar","column_size":"128","column_key":"","column_name":"password","table_name":"bb_user","column_label":"Password","db":"health4all","column_comment":""},{"column_type":"datetime","column_key":"","column_name":"registration_date","table_name":"bb_user","column_label":"Registration Date","db":"health4all","column_comment":""},{"column_type":"tinyint","column_size":"1","column_key":"","column_name":"registrar","table_name":"bb_user","column_label":"Registrar","db":"health4all","column_comment":""},{"column_type":"tinyint","column_size":"1","column_key":"","column_name":"examiner","table_name":"bb_user","column_label":"Examiner","db":"health4all","column_comment":""},{"column_type":"tinyint","column_size":"1","column_key":"","column_name":"technician","table_name":"bb_user","column_label":"Technician","db":"health4all","column_comment":""},{"column_type":"tinyint","column_size":"1","column_key":"","column_name":"screener","table_name":"bb_user","column_label":"Screener","db":"health4all","column_comment":""},{"column_type":"tinyint","column_size":"1","column_key":"","column_name":"issuer","table_name":"bb_user","column_label":"Issuer","db":"health4all","column_comment":""},{"column_type":"tinyint","column_size":"1","column_key":"","column_name":"requester","table_name":"bb_user","column_label":"Requester","db":"health4all","column_comment":""},{"column_type":"tinyint","column_size":"1","column_key":"","column_name":"admin","table_name":"bb_user","column_label":"Admin","db":"health4all","column_comment":""},{"column_type":"varchar","column_size":"200","column_key":"","column_name":"displayname","table_name":"bb_user","column_label":"Displayname","db":"health4all","column_comment":""},{"column_type":"int","column_size":"11","column_key":"","column_name":"hospital_id","table_name":"bb_user","column_label":"Hospital Id","db":"health4all","column_comment":""}],"labels":[{"column_type":"varchar","column_size":"200","column_key":"","column_name":"username","table_name":"bb_user","column_label":"Username","db":"health4all","column_comment":""},{"column_type":"varchar","column_size":"128","column_key":"","column_name":"password","table_name":"bb_user","column_label":"Password","db":"health4all","column_comment":""},{"column_type":"varchar","column_size":"200","column_key":"","column_name":"displayname","table_name":"bb_user","column_label":"Displayname","db":"health4all","column_comment":""}],"relation":[{"column_type":"int","column_size":"3","column_key":"PRI","column_name":"hospital_id","table_name":"hospital","column_label":"Hospital Id","db":"health4all","column_comment":"","relation_type":"masters","active":true},{"column_type":"int","column_size":"11","column_key":"PRI","column_name":"hospital_id","table_name":"staff_previous_hospital","column_label":"Hospital Id","db":"health4all","column_comment":"","relation_type":"masters","active":true},{"column_type":"int","column_size":"5","column_key":"","column_name":"user_id","table_name":"activity_done","column_label":"User Id","db":"health4all","column_comment":"","relation_type":"derived","active":true},{"column_type":"int","column_size":"11","column_key":"","column_name":"user_id","table_name":"helpline_email","column_label":"User Id","db":"health4all","column_comment":"","relation_type":"derived","active":true},{"column_type":"int","column_size":"11","column_key":"","column_name":"user_id","table_name":"helpline_receiver","column_label":"User Id","db":"health4all","column_comment":"","relation_type":"derived","active":true},{"column_type":"int","column_size":"11","column_key":"","column_name":"user_id","table_name":"internal_transfer","column_label":"User Id","db":"health4all","column_comment":"","relation_type":"derived","active":true},{"column_type":"int","column_size":"11","column_key":"MUL","column_name":"user_id","table_name":"patient_clinical_notes","column_label":"User Id","db":"health4all","column_comment":"","relation_type":"derived","active":true},{"column_type":"int","column_size":"4","column_key":"","column_name":"user_id","table_name":"service_record","column_label":"User Id","db":"health4all","column_comment":"","relation_type":"derived","active":true},{"column_type":"int","column_size":"4","column_key":"PRI","column_name":"user_id","table_name":"user","column_label":"User Id","db":"health4all","column_comment":"","relation_type":"derived","active":true},{"column_type":"int","column_size":"4","column_key":"","column_name":"user_id","table_name":"user_activity","column_label":"User Id","db":"health4all","column_comment":"","relation_type":"derived","active":true},{"column_type":"int","column_size":"11","column_key":"","column_name":"user_id","table_name":"user_department_link","column_label":"User Id","db":"health4all","column_comment":"","relation_type":"derived","active":true},{"column_type":"int","column_size":"11","column_key":"","column_name":"user_id","table_name":"user_function_link","column_label":"User Id","db":"health4all","column_comment":"","relation_type":"derived","active":true},{"column_type":"int","column_size":"8","column_key":"MUL","column_name":"user_id","table_name":"user_helpline_link","column_label":"User Id","db":"health4all","column_comment":"","relation_type":"derived","active":true},{"column_type":"int","column_size":"11","column_key":"","column_name":"user_id","table_name":"user_hospital_link","column_label":"User Id","db":"health4all","column_comment":"","relation_type":"derived","active":true},{"column_type":"int","column_size":"6","column_key":"PRI","column_name":"activity_id","table_name":"facility_activity","column_label":"Activity Id","db":"health4all","column_comment":"","relation_type":"branching_masters","active":true,"branch_on":"activity_done"},{"column_type":"int","column_size":"4","column_key":"PRI","column_name":"user_id","table_name":"user","column_label":"User Id","db":"health4all","column_comment":"","relation_type":"branching_masters","active":true,"branch_on":"activity_done"},{"column_type":"int","column_size":"11","column_key":"PRI","column_name":"call_id","table_name":"helpline_call","column_label":"Call Id","db":"health4all","column_comment":"","relation_type":"branching_masters","active":true,"branch_on":"helpline_email"},{"column_type":"int","column_size":"4","column_key":"PRI","column_name":"user_id","table_name":"user","column_label":"User Id","db":"health4all","column_comment":"","relation_type":"branching_masters","active":true,"branch_on":"helpline_email"},{"column_type":"int","column_size":"4","column_key":"PRI","column_name":"user_id","table_name":"user","column_label":"User Id","db":"health4all","column_comment":"","relation_type":"branching_masters","active":true,"branch_on":"helpline_receiver"},{"column_type":"int","column_size":"11","column_key":"PRI","column_name":"helpline_id","table_name":"helpline","column_label":"Helpline Id","db":"health4all","column_comment":"","relation_type":"branching_masters","active":true,"branch_on":"helpline_receiver"},{"column_type":"int","column_size":"7","column_key":"PRI","column_name":"visit_id","table_name":"mlc","column_label":"Visit Id","db":"health4all","column_comment":"","relation_type":"branching_masters","active":true,"branch_on":"internal_transfer"},{"column_type":"int","column_size":"7","column_key":"PRI","column_name":"visit_id","table_name":"patient_visit","column_label":"Visit Id","db":"health4all","column_comment":"","relation_type":"branching_masters","active":true,"branch_on":"internal_transfer"},{"column_type":"int","column_size":"3","column_key":"PRI","column_name":"department_id","table_name":"department","column_label":"Department Id","db":"health4all","column_comment":"","relation_type":"branching_masters","active":true,"branch_on":"internal_transfer"},{"column_type":"int","column_size":"4","column_key":"PRI","column_name":"area_id","table_name":"area","column_label":"Area Id","db":"health4all","column_comment":"","relation_type":"branching_masters","active":true,"branch_on":"internal_transfer"},{"column_type":"int","column_size":"4","column_key":"PRI","column_name":"user_id","table_name":"user","column_label":"User Id","db":"health4all","column_comment":"","relation_type":"branching_masters","active":true,"branch_on":"internal_transfer"},{"column_type":"int","column_size":"7","column_key":"PRI","column_name":"visit_id","table_name":"mlc","column_label":"Visit Id","db":"health4all","column_comment":"","relation_type":"branching_masters","active":true,"branch_on":"patient_clinical_notes"},{"column_type":"int","column_size":"7","column_key":"PRI","column_name":"visit_id","table_name":"patient_visit","column_label":"Visit Id","db":"health4all","column_comment":"","relation_type":"branching_masters","active":true,"branch_on":"patient_clinical_notes"},{"column_type":"int","column_size":"4","column_key":"PRI","column_name":"user_id","table_name":"user","column_label":"User Id","db":"health4all","column_comment":"","relation_type":"branching_masters","active":true,"branch_on":"patient_clinical_notes"},{"column_type":"int","column_size":"6","column_key":"PRI","column_name":"equipment_id","table_name":"equipment","column_label":"Equipment Id","db":"health4all","column_comment":"","relation_type":"branching_masters","active":true,"branch_on":"service_record"},{"column_type":"int","column_size":"4","column_key":"PRI","column_name":"user_id","table_name":"user","column_label":"User Id","db":"health4all","column_comment":"","relation_type":"branching_masters","active":true,"branch_on":"service_record"},{"column_type":"int","column_size":"11","column_key":"PRI","column_name":"vendor_id","table_name":"vendor","column_label":"Vendor Id","db":"health4all","column_comment":"","relation_type":"branching_masters","active":true,"branch_on":"service_record"},{"column_type":"int","column_size":"11","column_key":"PRI","column_name":"contact_person_id","table_name":"contact_person","column_label":"Contact Person Id","db":"health4all","column_comment":"","relation_type":"branching_masters","active":true,"branch_on":"service_record"},{"column_type":"int","column_size":"4","column_key":"PRI","column_name":"staff_id","table_name":"staff","column_label":"Staff Id","db":"health4all","column_comment":"","relation_type":"branching_masters","active":true,"branch_on":"user"},{"column_type":"int","column_size":"7","column_key":"PRI","column_name":"visit_id","table_name":"mlc","column_label":"Visit Id","db":"health4all","column_comment":"","relation_type":"branching_masters","active":true,"branch_on":"user_activity"},{"column_type":"int","column_size":"7","column_key":"PRI","column_name":"visit_id","table_name":"patient_visit","column_label":"Visit Id","db":"health4all","column_comment":"","relation_type":"branching_masters","active":true,"branch_on":"user_activity"},{"column_type":"int","column_size":"4","column_key":"PRI","column_name":"user_id","table_name":"user","column_label":"User Id","db":"health4all","column_comment":"","relation_type":"branching_masters","active":true,"branch_on":"user_activity"},{"column_type":"int","column_size":"4","column_key":"PRI","column_name":"user_id","table_name":"user","column_label":"User Id","db":"health4all","column_comment":"","relation_type":"branching_masters","active":true,"branch_on":"user_department_link"},{"column_type":"int","column_size":"3","column_key":"PRI","column_name":"department_id","table_name":"department","column_label":"Department Id","db":"health4all","column_comment":"","relation_type":"branching_masters","active":true,"branch_on":"user_department_link"},{"column_type":"int","column_size":"4","column_key":"PRI","column_name":"user_id","table_name":"user","column_label":"User Id","db":"health4all","column_comment":"","relation_type":"branching_masters","active":true,"branch_on":"user_function_link"},{"column_type":"int","column_size":"11","column_key":"PRI","column_name":"helpline_id","table_name":"helpline","column_label":"Helpline Id","db":"health4all","column_comment":"","relation_type":"branching_masters","active":true,"branch_on":"user_helpline_link"},{"column_type":"int","column_size":"4","column_key":"PRI","column_name":"user_id","table_name":"user","column_label":"User Id","db":"health4all","column_comment":"","relation_type":"branching_masters","active":true,"branch_on":"user_helpline_link"},{"column_type":"int","column_size":"4","column_key":"PRI","column_name":"user_id","table_name":"user","column_label":"User Id","db":"health4all","column_comment":"","relation_type":"branching_masters","active":true,"branch_on":"user_hospital_link"},{"column_type":"int","column_size":"3","column_key":"PRI","column_name":"hospital_id","table_name":"hospital","column_label":"Hospital Id","db":"health4all","column_comment":"","relation_type":"branching_masters","active":true,"branch_on":"user_hospital_link"},{"column_type":"int","column_size":"11","column_key":"PRI","column_name":"hospital_id","table_name":"staff_previous_hospital","column_label":"Hospital Id","db":"health4all","column_comment":"","relation_type":"branching_masters","active":true,"branch_on":"user_hospital_link"}]}