{"entity_type":"sql_table","folder_name":"app_one/scaffold","file_name":"health4all_internal_transfer","extension":".json","table_type":"link_table","app_name":"app_one","db":"health4all","table_name":"internal_transfer","ops":[{"op_name":"","params":{}}],"table_columns":[{"column_type":"int","column_size":"11","column_key":"PRI","column_name":"transfer_id","table_name":"internal_transfer","column_label":"Transfer Id","db":"health4all","column_comment":""},{"column_type":"int","column_size":"11","column_key":"","column_name":"visit_id","table_name":"internal_transfer","column_label":"Visit Id","db":"health4all","column_comment":""},{"column_type":"int","column_size":"3","column_key":"","column_name":"department_id","table_name":"internal_transfer","column_label":"Department Id","db":"health4all","column_comment":""},{"column_type":"int","column_size":"3","column_key":"","column_name":"area_id","table_name":"internal_transfer","column_label":"Area Id","db":"health4all","column_comment":""},{"column_type":"date","column_key":"","column_name":"transfer_date","table_name":"internal_transfer","column_label":"Transfer Date","db":"health4all","column_comment":""},{"column_type":"time","column_key":"","column_name":"transfer_time","table_name":"internal_transfer","column_label":"Transfer Time","db":"health4all","column_comment":""},{"column_type":"timestamp","column_key":"","column_name":"timestamp","table_name":"internal_transfer","column_label":"Timestamp","db":"health4all","column_comment":""},{"column_type":"int","column_size":"11","column_key":"","column_name":"user_id","table_name":"internal_transfer","column_label":"User Id","db":"health4all","column_comment":""}],"labels":[],"relation":[{"column_type":"int","column_size":"7","column_key":"PRI","column_name":"visit_id","table_name":"mlc","column_label":"Visit Id","db":"health4all","column_comment":"","relation_type":"masters","active":true},{"column_type":"int","column_size":"7","column_key":"PRI","column_name":"visit_id","table_name":"patient_visit","column_label":"Visit Id","db":"health4all","column_comment":"","relation_type":"masters","active":true},{"column_type":"int","column_size":"3","column_key":"PRI","column_name":"department_id","table_name":"department","column_label":"Department Id","db":"health4all","column_comment":"","relation_type":"masters","active":true},{"column_type":"int","column_size":"4","column_key":"PRI","column_name":"area_id","table_name":"area","column_label":"Area Id","db":"health4all","column_comment":"","relation_type":"masters","active":true},{"column_type":"int","column_size":"7","column_key":"PRI","column_name":"user_id","table_name":"bb_user","column_label":"User Id","db":"health4all","column_comment":"","relation_type":"masters","active":true},{"column_type":"int","column_size":"4","column_key":"PRI","column_name":"user_id","table_name":"user","column_label":"User Id","db":"health4all","column_comment":"","relation_type":"masters","active":true},{"column_type":"int","column_size":"3","column_key":"PRI","column_name":"hospital_id","table_name":"hospital","column_label":"Hospital Id","db":"health4all","column_comment":"","relation_type":"branching_masters","active":true,"branch_on":"patient_visit"},{"column_type":"int","column_size":"11","column_key":"PRI","column_name":"hospital_id","table_name":"staff_previous_hospital","column_label":"Hospital Id","db":"health4all","column_comment":"","relation_type":"branching_masters","active":true,"branch_on":"patient_visit"},{"column_type":"int","column_size":"11","column_key":"PRI","column_name":"visit_name_id","table_name":"visit_name","column_label":"Visit Name Id","db":"health4all","column_comment":"","relation_type":"branching_masters","active":true,"branch_on":"patient_visit"},{"column_type":"int","column_size":"11","column_key":"PRI","column_name":"patient_id","table_name":"bb_external_patient","column_label":"Patient Id","db":"health4all","column_comment":"","relation_type":"branching_masters","active":true,"branch_on":"patient_visit"},{"column_type":"int","column_size":"7","column_key":"PRI","column_name":"patient_id","table_name":"patient","column_label":"Patient Id","db":"health4all","column_comment":"","relation_type":"branching_masters","active":true,"branch_on":"patient_visit"},{"column_type":"int","column_size":"3","column_key":"PRI","column_name":"department_id","table_name":"department","column_label":"Department Id","db":"health4all","column_comment":"","relation_type":"branching_masters","active":true,"branch_on":"patient_visit"},{"column_type":"int","column_size":"11","column_key":"PRI","column_name":"insurance_id","table_name":"insurance","column_label":"Insurance Id","db":"health4all","column_comment":"","relation_type":"branching_masters","active":true,"branch_on":"patient_visit"},{"column_type":"int","column_size":"3","column_key":"PRI","column_name":"hospital_id","table_name":"hospital","column_label":"Hospital Id","db":"health4all","column_comment":"","relation_type":"branching_masters","active":true,"branch_on":"department"},{"column_type":"int","column_size":"11","column_key":"PRI","column_name":"hospital_id","table_name":"staff_previous_hospital","column_label":"Hospital Id","db":"health4all","column_comment":"","relation_type":"branching_masters","active":true,"branch_on":"department"},{"column_type":"int","column_size":"3","column_key":"PRI","column_name":"department_id","table_name":"department","column_label":"Department Id","db":"health4all","column_comment":"","relation_type":"branching_masters","active":true,"branch_on":"area"},{"column_type":"int","column_size":"2","column_key":"PRI","column_name":"area_type_id","table_name":"area_types","column_label":"Area Type Id","db":"health4all","column_comment":"","relation_type":"branching_masters","active":true,"branch_on":"area"},{"column_type":"int","column_size":"3","column_key":"PRI","column_name":"hospital_id","table_name":"hospital","column_label":"Hospital Id","db":"health4all","column_comment":"","relation_type":"branching_masters","active":true,"branch_on":"bb_user"},{"column_type":"int","column_size":"11","column_key":"PRI","column_name":"hospital_id","table_name":"staff_previous_hospital","column_label":"Hospital Id","db":"health4all","column_comment":"","relation_type":"branching_masters","active":true,"branch_on":"bb_user"},{"column_type":"int","column_size":"4","column_key":"PRI","column_name":"staff_id","table_name":"staff","column_label":"Staff Id","db":"health4all","column_comment":"","relation_type":"branching_masters","active":true,"branch_on":"user"}]}