{"entity_type":"sql_table","folder_name":"app_one/scaffold","file_name":"health4all_dashboards","extension":".json","table_type":"","app_name":"app_one","db":"health4all","table_name":"dashboards","ops":[{"op_name":"","params":{}}],"table_columns":[{"column_type":"int","column_size":"11","column_key":"PRI","column_name":"dashboard_id","table_name":"dashboards","column_label":"Dashboard Id","db":"health4all","column_comment":""},{"column_type":"varchar","column_size":"100","column_key":"","column_name":"organization","table_name":"dashboards","column_label":"Organization","db":"health4all","column_comment":""},{"column_type":"varchar","column_size":"30","column_key":"UNI","column_name":"short_name","table_name":"dashboards","column_label":"Short Name","db":"health4all","column_comment":""},{"column_type":"varchar","column_size":"50","column_key":"","column_name":"type6","table_name":"dashboards","column_label":"Type6","db":"health4all","column_comment":""},{"column_type":"varchar","column_size":"50","column_key":"","column_name":"state","table_name":"dashboards","column_label":"State","db":"health4all","column_comment":""},{"column_type":"varchar","column_size":"100","column_key":"","column_name":"logo","table_name":"dashboards","column_label":"Logo","db":"health4all","column_comment":""},{"column_type":"varchar","column_size":"20","column_key":"","column_name":"state_alias","table_name":"dashboards","column_label":"State Alias","db":"health4all","column_comment":""},{"column_type":"varchar","column_size":"20","column_key":"","column_name":"org_label","table_name":"dashboards","column_label":"Org Label","db":"health4all","column_comment":""}],"labels":[{"column_type":"varchar","column_size":"100","column_key":"","column_name":"organization","table_name":"dashboards","column_label":"Organization","db":"health4all","column_comment":""},{"column_type":"varchar","column_size":"30","column_key":"UNI","column_name":"short_name","table_name":"dashboards","column_label":"Short Name","db":"health4all","column_comment":""},{"column_type":"varchar","column_size":"50","column_key":"","column_name":"type6","table_name":"dashboards","column_label":"Type6","db":"health4all","column_comment":""},{"column_type":"varchar","column_size":"50","column_key":"","column_name":"state","table_name":"dashboards","column_label":"State","db":"health4all","column_comment":""},{"column_type":"varchar","column_size":"100","column_key":"","column_name":"logo","table_name":"dashboards","column_label":"Logo","db":"health4all","column_comment":""},{"column_type":"varchar","column_size":"20","column_key":"","column_name":"state_alias","table_name":"dashboards","column_label":"State Alias","db":"health4all","column_comment":""},{"column_type":"varchar","column_size":"20","column_key":"","column_name":"org_label","table_name":"dashboards","column_label":"Org Label","db":"health4all","column_comment":""}],"relation":[]}