{"entity_type":"sql_table","folder_name":"app_one/scaffold","file_name":"health4all_patient_visit","extension":".json","table_type":"","app_name":"app_one","db":"health4all","table_name":"patient_visit","ops":[{"op_name":"","params":{}}],"table_columns":[{"column_type":"int","column_size":"7","column_key":"PRI","column_name":"visit_id","table_name":"patient_visit","column_label":"Visit Id","db":"health4all","column_comment":""},{"column_type":"int","column_size":"11","column_key":"MUL","column_name":"hospital_id","table_name":"patient_visit","column_label":"Hospital Id","db":"health4all","column_comment":""},{"column_type":"int","column_size":"7","column_key":"","column_name":"admit_id","table_name":"patient_visit","column_label":"Admit Id","db":"health4all","column_comment":""},{"column_type":"varchar","column_size":"8","column_key":"MUL","column_name":"visit_type","table_name":"patient_visit","column_label":"Visit Type","db":"health4all","column_comment":""},{"column_type":"int","column_size":"11","column_key":"","column_name":"visit_name_id","table_name":"patient_visit","column_label":"Visit Name Id","db":"health4all","column_comment":""},{"column_type":"int","column_size":"7","column_key":"MUL","column_name":"patient_id","table_name":"patient_visit","column_label":"Patient Id","db":"health4all","column_comment":""},{"column_type":"int","column_size":"7","column_key":"MUL","column_name":"hosp_file_no","table_name":"patient_visit","column_label":"Hosp File No","db":"health4all","column_comment":""},{"column_type":"date","column_key":"MUL","column_name":"admit_date","table_name":"patient_visit","column_label":"Admit Date","db":"health4all","column_comment":""},{"column_type":"time","column_key":"","column_name":"admit_time","table_name":"patient_visit","column_label":"Admit Time","db":"health4all","column_comment":""},{"column_type":"int","column_size":"3","column_key":"MUL","column_name":"department_id","table_name":"patient_visit","column_label":"Department Id","db":"health4all","column_comment":""},{"column_type":"int","column_size":"11","column_key":"MUL","column_name":"unit","table_name":"patient_visit","column_label":"Unit","db":"health4all","column_comment":""},{"column_type":"int","column_size":"11","column_key":"MUL","column_name":"area","table_name":"patient_visit","column_label":"Area","db":"health4all","column_comment":""},{"column_type":"int","column_size":"11","column_key":"","column_name":"doctor_id","table_name":"patient_visit","column_label":"Doctor Id","db":"health4all","column_comment":""},{"column_type":"varchar","column_size":"50","column_key":"","column_name":"nurse","table_name":"patient_visit","column_label":"Nurse","db":"health4all","column_comment":""},{"column_type":"varchar","column_size":"1","column_key":"","column_name":"insurance_case","table_name":"patient_visit","column_label":"Insurance Case","db":"health4all","column_comment":""},{"column_type":"int","column_size":"11","column_key":"","column_name":"insurance_id","table_name":"patient_visit","column_label":"Insurance Id","db":"health4all","column_comment":""},{"column_type":"varchar","column_size":"10","column_key":"","column_name":"insurance_no","table_name":"patient_visit","column_label":"Insurance No","db":"health4all","column_comment":""},{"column_type":"varchar","column_size":"500","column_key":"","column_name":"presenting_complaints","table_name":"patient_visit","column_label":"Presenting Complaints","db":"health4all","column_comment":""},{"column_type":"varchar","column_size":"500","column_key":"","column_name":"past_history","table_name":"patient_visit","column_label":"Past History","db":"health4all","column_comment":""},{"column_type":"longtext","column_key":"","column_name":"family_history","table_name":"patient_visit","column_label":"Family History","db":"health4all","column_comment":""},{"column_type":"int","column_size":"6","column_key":"","column_name":"admit_weight","table_name":"patient_visit","column_label":"Admit Weight","db":"health4all","column_comment":""},{"column_type":"int","column_size":"3","column_key":"","column_name":"pulse_rate","table_name":"patient_visit","column_label":"Pulse Rate","db":"health4all","column_comment":""},{"column_type":"int","column_size":"3","column_key":"","column_name":"respiratory_rate","table_name":"patient_visit","column_label":"Respiratory Rate","db":"health4all","column_comment":""},{"column_type":"int","column_size":"3","column_key":"","column_name":"temperature","table_name":"patient_visit","column_label":"Temperature","db":"health4all","column_comment":""},{"column_type":"int","column_size":"3","column_key":"","column_name":"sbp","table_name":"patient_visit","column_label":"Sbp","db":"health4all","column_comment":""},{"column_type":"int","column_size":"3","column_key":"","column_name":"dbp","table_name":"patient_visit","column_label":"Dbp","db":"health4all","column_comment":""},{"column_type":"int","column_size":"3","column_key":"","column_name":"spo2","table_name":"patient_visit","column_label":"Spo2","db":"health4all","column_comment":""},{"column_type":"double","column_key":"","column_name":"blood_sugar","table_name":"patient_visit","column_label":"Blood Sugar","db":"health4all","column_comment":""},{"column_type":"double","column_key":"","column_name":"hb","table_name":"patient_visit","column_label":"Hb","db":"health4all","column_comment":""},{"column_type":"double","column_key":"","column_name":"hb1ac","table_name":"patient_visit","column_label":"Hb1ac","db":"health4all","column_comment":""},{"column_type":"longtext","column_key":"","column_name":"clinical_findings","table_name":"patient_visit","column_label":"Clinical Findings","db":"health4all","column_comment":""},{"column_type":"text","column_key":"","column_name":"cvs","table_name":"patient_visit","column_label":"Cvs","db":"health4all","column_comment":""},{"column_type":"text","column_key":"","column_name":"rs","table_name":"patient_visit","column_label":"Rs","db":"health4all","column_comment":""},{"column_type":"text","column_key":"","column_name":"pa","table_name":"patient_visit","column_label":"Pa","db":"health4all","column_comment":""},{"column_type":"text","column_key":"","column_name":"cns","table_name":"patient_visit","column_label":"Cns","db":"health4all","column_comment":""},{"column_type":"text","column_key":"","column_name":"cxr","table_name":"patient_visit","column_label":"Cxr","db":"health4all","column_comment":""},{"column_type":"varchar","column_size":"500","column_key":"","column_name":"provisional_diagnosis","table_name":"patient_visit","column_label":"Provisional Diagnosis","db":"health4all","column_comment":""},{"column_type":"int","column_size":"11","column_key":"","column_name":"signed_consultation","table_name":"patient_visit","column_label":"Signed Consultation","db":"health4all","column_comment":""},{"column_type":"varchar","column_size":"500","column_key":"","column_name":"final_diagnosis","table_name":"patient_visit","column_label":"Final Diagnosis","db":"health4all","column_comment":""},{"column_type":"text","column_key":"","column_name":"decision","table_name":"patient_visit","column_label":"Decision","db":"health4all","column_comment":""},{"column_type":"text","column_key":"","column_name":"advise","table_name":"patient_visit","column_label":"Advise","db":"health4all","column_comment":""},{"column_type":"varchar","column_size":"4","column_key":"","column_name":"icd_10","table_name":"patient_visit","column_label":"Icd 10","db":"health4all","column_comment":""},{"column_type":"varchar","column_size":"1","column_key":"","column_name":"icd_10_ext","table_name":"patient_visit","column_label":"Icd 10 Ext","db":"health4all","column_comment":""},{"column_type":"int","column_size":"6","column_key":"","column_name":"discharge_weight","table_name":"patient_visit","column_label":"Discharge Weight","db":"health4all","column_comment":""},{"column_type":"varchar","column_size":"11","column_key":"","column_name":"outcome","table_name":"patient_visit","column_label":"Outcome","db":"health4all","column_comment":""},{"column_type":"date","column_key":"","column_name":"outcome_date","table_name":"patient_visit","column_label":"Outcome Date","db":"health4all","column_comment":""},{"column_type":"time","column_key":"","column_name":"outcome_time","table_name":"patient_visit","column_label":"Outcome Time","db":"health4all","column_comment":""},{"column_type":"date","column_key":"","column_name":"ip_file_received","table_name":"patient_visit","column_label":"Ip File Received","db":"health4all","column_comment":""},{"column_type":"tinyint","column_size":"1","column_key":"","column_name":"mlc","table_name":"patient_visit","column_label":"Mlc","db":"health4all","column_comment":""},{"column_type":"varchar","column_size":"25","column_key":"","column_name":"arrival_mode","table_name":"patient_visit","column_label":"Arrival Mode","db":"health4all","column_comment":""},{"column_type":"int","column_size":"11","column_key":"","column_name":"refereal_hospital_id","table_name":"patient_visit","column_label":"Refereal Hospital Id","db":"health4all","column_comment":""},{"column_type":"int","column_size":"11","column_key":"","column_name":"insert_by_user_id","table_name":"patient_visit","column_label":"Insert By User Id","db":"health4all","column_comment":""},{"column_type":"int","column_size":"11","column_key":"","column_name":"update_by_user_id","table_name":"patient_visit","column_label":"Update By User Id","db":"health4all","column_comment":""},{"column_type":"datetime","column_key":"","column_name":"insert_datetime","table_name":"patient_visit","column_label":"Insert Datetime","db":"health4all","column_comment":""},{"column_type":"datetime","column_key":"","column_name":"update_datetime","table_name":"patient_visit","column_label":"Update Datetime","db":"health4all","column_comment":""},{"column_type":"int","column_size":"11","column_key":"","column_name":"temp_visit_id","table_name":"patient_visit","column_label":"Temp Visit Id","db":"health4all","column_comment":""}],"labels":[{"column_type":"varchar","column_size":"8","column_key":"MUL","column_name":"visit_type","table_name":"patient_visit","column_label":"Visit Type","db":"health4all","column_comment":""},{"column_type":"varchar","column_size":"50","column_key":"","column_name":"nurse","table_name":"patient_visit","column_label":"Nurse","db":"health4all","column_comment":""},{"column_type":"varchar","column_size":"1","column_key":"","column_name":"insurance_case","table_name":"patient_visit","column_label":"Insurance Case","db":"health4all","column_comment":""},{"column_type":"varchar","column_size":"10","column_key":"","column_name":"insurance_no","table_name":"patient_visit","column_label":"Insurance No","db":"health4all","column_comment":""},{"column_type":"varchar","column_size":"500","column_key":"","column_name":"presenting_complaints","table_name":"patient_visit","column_label":"Presenting Complaints","db":"health4all","column_comment":""},{"column_type":"varchar","column_size":"500","column_key":"","column_name":"past_history","table_name":"patient_visit","column_label":"Past History","db":"health4all","column_comment":""},{"column_type":"varchar","column_size":"500","column_key":"","column_name":"provisional_diagnosis","table_name":"patient_visit","column_label":"Provisional Diagnosis","db":"health4all","column_comment":""},{"column_type":"varchar","column_size":"500","column_key":"","column_name":"final_diagnosis","table_name":"patient_visit","column_label":"Final Diagnosis","db":"health4all","column_comment":""},{"column_type":"varchar","column_size":"4","column_key":"","column_name":"icd_10","table_name":"patient_visit","column_label":"Icd 10","db":"health4all","column_comment":""},{"column_type":"varchar","column_size":"1","column_key":"","column_name":"icd_10_ext","table_name":"patient_visit","column_label":"Icd 10 Ext","db":"health4all","column_comment":""},{"column_type":"varchar","column_size":"11","column_key":"","column_name":"outcome","table_name":"patient_visit","column_label":"Outcome","db":"health4all","column_comment":""},{"column_type":"varchar","column_size":"25","column_key":"","column_name":"arrival_mode","table_name":"patient_visit","column_label":"Arrival Mode","db":"health4all","column_comment":""}],"relation":[{"column_type":"int","column_size":"3","column_key":"PRI","column_name":"hospital_id","table_name":"hospital","column_label":"Hospital Id","db":"health4all","column_comment":"","relation_type":"masters","active":true},{"column_type":"int","column_size":"11","column_key":"PRI","column_name":"hospital_id","table_name":"staff_previous_hospital","column_label":"Hospital Id","db":"health4all","column_comment":"","relation_type":"masters","active":true},{"column_type":"int","column_size":"11","column_key":"PRI","column_name":"visit_name_id","table_name":"visit_name","column_label":"Visit Name Id","db":"health4all","column_comment":"","relation_type":"masters","active":true},{"column_type":"int","column_size":"11","column_key":"PRI","column_name":"patient_id","table_name":"bb_external_patient","column_label":"Patient Id","db":"health4all","column_comment":"","relation_type":"masters","active":true},{"column_type":"int","column_size":"7","column_key":"PRI","column_name":"patient_id","table_name":"patient","column_label":"Patient Id","db":"health4all","column_comment":"","relation_type":"masters","active":true},{"column_type":"int","column_size":"3","column_key":"PRI","column_name":"department_id","table_name":"department","column_label":"Department Id","db":"health4all","column_comment":"","relation_type":"masters","active":true},{"column_type":"int","column_size":"11","column_key":"PRI","column_name":"insurance_id","table_name":"insurance","column_label":"Insurance Id","db":"health4all","column_comment":"","relation_type":"masters","active":true},{"column_type":"int","column_size":"7","column_key":"MUL","column_name":"visit_id","table_name":"antenatal_visit","column_label":"Visit Id","db":"health4all","column_comment":"","relation_type":"derived","active":true},{"column_type":"int","column_size":"10","column_key":"","column_name":"visit_id","table_name":"blood_request","column_label":"Visit Id","db":"health4all","column_comment":"","relation_type":"derived","active":true},{"column_type":"int","column_size":"11","column_key":"","column_name":"visit_id","table_name":"dicom","column_label":"Visit Id","db":"health4all","column_comment":"","relation_type":"derived","active":true},{"column_type":"int","column_size":"11","column_key":"","column_name":"visit_id","table_name":"follow_up","column_label":"Visit Id","db":"health4all","column_comment":"","relation_type":"derived","active":true},{"column_type":"int","column_size":"11","column_key":"","column_name":"visit_id","table_name":"helpline_call","column_label":"Visit Id","db":"health4all","column_comment":"","relation_type":"derived","active":true},{"column_type":"int","column_size":"11","column_key":"","column_name":"visit_id","table_name":"internal_transfer","column_label":"Visit Id","db":"health4all","column_comment":"","relation_type":"derived","active":true},{"column_type":"int","column_size":"7","column_key":"","column_name":"visit_id","table_name":"menstrual_history","column_label":"Visit Id","db":"health4all","column_comment":"","relation_type":"derived","active":true},{"column_type":"int","column_size":"7","column_key":"PRI","column_name":"visit_id","table_name":"mlc","column_label":"Visit Id","db":"health4all","column_comment":"","relation_type":"derived","active":true},{"column_type":"int","column_size":"11","column_key":"MUL","column_name":"visit_id","table_name":"patient_clinical_notes","column_label":"Visit Id","db":"health4all","column_comment":"","relation_type":"derived","active":true},{"column_type":"bigint","column_size":"10","column_key":"","column_name":"visit_id","table_name":"patient_procedure","column_label":"Visit Id","db":"health4all","column_comment":"","relation_type":"derived","active":true},{"column_type":"bigint","column_size":"10","column_key":"","column_name":"visit_id","table_name":"patient_treatment","column_label":"Visit Id","db":"health4all","column_comment":"","relation_type":"derived","active":true},{"column_type":"int","column_size":"11","column_key":"","column_name":"visit_id","table_name":"prescription","column_label":"Visit Id","db":"health4all","column_comment":"","relation_type":"derived","active":true},{"column_type":"int","column_size":"11","column_key":"","column_name":"visit_id","table_name":"procedure_plan","column_label":"Visit Id","db":"health4all","column_comment":"","relation_type":"derived","active":true},{"column_type":"int","column_size":"6","column_key":"MUL","column_name":"visit_id","table_name":"test_order","column_label":"Visit Id","db":"health4all","column_comment":"","relation_type":"derived","active":true},{"column_type":"int","column_size":"11","column_key":"","column_name":"visit_id","table_name":"transport","column_label":"Visit Id","db":"health4all","column_comment":"","relation_type":"derived","active":true},{"column_type":"int","column_size":"7","column_key":"","column_name":"visit_id","table_name":"user_activity","column_label":"Visit Id","db":"health4all","column_comment":"","relation_type":"derived","active":true},{"column_type":"int","column_size":"7","column_key":"PRI","column_name":"visit_id","table_name":"mlc","column_label":"Visit Id","db":"health4all","column_comment":"","relation_type":"branching_masters","active":true,"branch_on":"antenatal_visit"},{"column_type":"int","column_size":"4","column_key":"PRI","column_name":"staff_id","table_name":"staff","column_label":"Staff Id","db":"health4all","column_comment":"","relation_type":"branching_masters","active":true,"branch_on":"blood_request"},{"column_type":"int","column_size":"11","column_key":"PRI","column_name":"patient_id","table_name":"bb_external_patient","column_label":"Patient Id","db":"health4all","column_comment":"","relation_type":"branching_masters","active":true,"branch_on":"blood_request"},{"column_type":"int","column_size":"7","column_key":"PRI","column_name":"patient_id","table_name":"patient","column_label":"Patient Id","db":"health4all","column_comment":"","relation_type":"branching_masters","active":true,"branch_on":"blood_request"},{"column_type":"int","column_size":"7","column_key":"PRI","column_name":"visit_id","table_name":"mlc","column_label":"Visit Id","db":"health4all","column_comment":"","relation_type":"branching_masters","active":true,"branch_on":"blood_request"},{"column_type":"int","column_size":"3","column_key":"PRI","column_name":"hospital_id","table_name":"hospital","column_label":"Hospital Id","db":"health4all","column_comment":"","relation_type":"branching_masters","active":true,"branch_on":"blood_request"},{"column_type":"int","column_size":"11","column_key":"PRI","column_name":"hospital_id","table_name":"staff_previous_hospital","column_label":"Hospital Id","db":"health4all","column_comment":"","relation_type":"branching_masters","active":true,"branch_on":"blood_request"},{"column_type":"int","column_size":"7","column_key":"PRI","column_name":"visit_id","table_name":"mlc","column_label":"Visit Id","db":"health4all","column_comment":"","relation_type":"branching_masters","active":true,"branch_on":"dicom"},{"column_type":"int","column_size":"6","column_key":"PRI","column_name":"test_id","table_name":"test","column_label":"Test Id","db":"health4all","column_comment":"","relation_type":"branching_masters","active":true,"branch_on":"dicom"},{"column_type":"int","column_size":"7","column_key":"PRI","column_name":"visit_id","table_name":"mlc","column_label":"Visit Id","db":"health4all","column_comment":"","relation_type":"branching_masters","active":true,"branch_on":"follow_up"},{"column_type":"int","column_size":"11","column_key":"PRI","column_name":"follow_up_status_id","table_name":"follow_up_status","column_label":"Follow Up Status Id","db":"health4all","column_comment":"","relation_type":"branching_masters","active":true,"branch_on":"follow_up"},{"column_type":"int","column_size":"4","column_key":"PRI","column_name":"staff_id","table_name":"staff","column_label":"Staff Id","db":"health4all","column_comment":"","relation_type":"branching_masters","active":true,"branch_on":"follow_up"},{"column_type":"int","column_size":"11","column_key":"PRI","column_name":"caller_type_id","table_name":"helpline_caller_type","column_label":"Caller Type Id","db":"health4all","column_comment":"","relation_type":"branching_masters","active":true,"branch_on":"helpline_call"},{"column_type":"int","column_size":"11","column_key":"PRI","column_name":"call_category_id","table_name":"helpline_call_category","column_label":"Call Category Id","db":"health4all","column_comment":"","relation_type":"branching_masters","active":true,"branch_on":"helpline_call"},{"column_type":"int","column_size":"3","column_key":"PRI","column_name":"hospital_id","table_name":"hospital","column_label":"Hospital Id","db":"health4all","column_comment":"","relation_type":"branching_masters","active":true,"branch_on":"helpline_call"},{"column_type":"int","column_size":"11","column_key":"PRI","column_name":"hospital_id","table_name":"staff_previous_hospital","column_label":"Hospital Id","db":"health4all","column_comment":"","relation_type":"branching_masters","active":true,"branch_on":"helpline_call"},{"column_type":"int","column_size":"7","column_key":"PRI","column_name":"visit_id","table_name":"mlc","column_label":"Visit Id","db":"health4all","column_comment":"","relation_type":"branching_masters","active":true,"branch_on":"helpline_call"},{"column_type":"int","column_size":"11","column_key":"PRI","column_name":"resolution_status_id","table_name":"helpline_resolution_status","column_label":"Resolution Status Id","db":"health4all","column_comment":"","relation_type":"branching_masters","active":true,"branch_on":"helpline_call"},{"column_type":"int","column_size":"11","column_key":"PRI","column_name":"call_group_id","table_name":"helpline_call_group","column_label":"Call Group Id","db":"health4all","column_comment":"","relation_type":"branching_masters","active":true,"branch_on":"helpline_call"},{"column_type":"int","column_size":"7","column_key":"PRI","column_name":"visit_id","table_name":"mlc","column_label":"Visit Id","db":"health4all","column_comment":"","relation_type":"branching_masters","active":true,"branch_on":"internal_transfer"},{"column_type":"int","column_size":"3","column_key":"PRI","column_name":"department_id","table_name":"department","column_label":"Department Id","db":"health4all","column_comment":"","relation_type":"branching_masters","active":true,"branch_on":"internal_transfer"},{"column_type":"int","column_size":"4","column_key":"PRI","column_name":"area_id","table_name":"area","column_label":"Area Id","db":"health4all","column_comment":"","relation_type":"branching_masters","active":true,"branch_on":"internal_transfer"},{"column_type":"int","column_size":"7","column_key":"PRI","column_name":"user_id","table_name":"bb_user","column_label":"User Id","db":"health4all","column_comment":"","relation_type":"branching_masters","active":true,"branch_on":"internal_transfer"},{"column_type":"int","column_size":"4","column_key":"PRI","column_name":"user_id","table_name":"user","column_label":"User Id","db":"health4all","column_comment":"","relation_type":"branching_masters","active":true,"branch_on":"internal_transfer"},{"column_type":"int","column_size":"7","column_key":"PRI","column_name":"visit_id","table_name":"mlc","column_label":"Visit Id","db":"health4all","column_comment":"","relation_type":"branching_masters","active":true,"branch_on":"menstrual_history"},{"column_type":"int","column_size":"7","column_key":"PRI","column_name":"visit_id","table_name":"mlc","column_label":"Visit Id","db":"health4all","column_comment":"","relation_type":"branching_masters","active":true,"branch_on":"patient_clinical_notes"},{"column_type":"int","column_size":"7","column_key":"PRI","column_name":"user_id","table_name":"bb_user","column_label":"User Id","db":"health4all","column_comment":"","relation_type":"branching_masters","active":true,"branch_on":"patient_clinical_notes"},{"column_type":"int","column_size":"4","column_key":"PRI","column_name":"user_id","table_name":"user","column_label":"User Id","db":"health4all","column_comment":"","relation_type":"branching_masters","active":true,"branch_on":"patient_clinical_notes"},{"column_type":"int","column_size":"11","column_key":"PRI","column_name":"procedure_plan_id","table_name":"procedure_plan","column_label":"Procedure Plan Id","db":"health4all","column_comment":"","relation_type":"branching_masters","active":true,"branch_on":"patient_procedure"},{"column_type":"int","column_size":"7","column_key":"PRI","column_name":"visit_id","table_name":"mlc","column_label":"Visit Id","db":"health4all","column_comment":"","relation_type":"branching_masters","active":true,"branch_on":"patient_procedure"},{"column_type":"int","column_size":"11","column_key":"PRI","column_name":"procedure_id","table_name":"procedure","column_label":"Procedure Id","db":"health4all","column_comment":"","relation_type":"branching_masters","active":true,"branch_on":"patient_procedure"},{"column_type":"int","column_size":"7","column_key":"PRI","column_name":"visit_id","table_name":"mlc","column_label":"Visit Id","db":"health4all","column_comment":"","relation_type":"branching_masters","active":true,"branch_on":"patient_treatment"},{"column_type":"int","column_size":"7","column_key":"PRI","column_name":"visit_id","table_name":"mlc","column_label":"Visit Id","db":"health4all","column_comment":"","relation_type":"branching_masters","active":true,"branch_on":"prescription"},{"column_type":"int","column_size":"11","column_key":"PRI","column_name":"item_id","table_name":"item","column_label":"Item Id","db":"health4all","column_comment":"","relation_type":"branching_masters","active":true,"branch_on":"prescription"},{"column_type":"int","column_size":"11","column_key":"PRI","column_name":"item_id","table_name":"item_master","column_label":"Item Id","db":"health4all","column_comment":"","relation_type":"branching_masters","active":true,"branch_on":"prescription"},{"column_type":"int","column_size":"4","column_key":"PRI","column_name":"unit_id","table_name":"unit","column_label":"Unit Id","db":"health4all","column_comment":"","relation_type":"branching_masters","active":true,"branch_on":"prescription"},{"column_type":"int","column_size":"7","column_key":"PRI","column_name":"visit_id","table_name":"mlc","column_label":"Visit Id","db":"health4all","column_comment":"","relation_type":"branching_masters","active":true,"branch_on":"procedure_plan"},{"column_type":"int","column_size":"11","column_key":"PRI","column_name":"procedure_id","table_name":"procedure","column_label":"Procedure Id","db":"health4all","column_comment":"","relation_type":"branching_masters","active":true,"branch_on":"procedure_plan"},{"column_type":"int","column_size":"7","column_key":"PRI","column_name":"visit_id","table_name":"mlc","column_label":"Visit Id","db":"health4all","column_comment":"","relation_type":"branching_masters","active":true,"branch_on":"test_order"},{"column_type":"int","column_size":"6","column_key":"PRI","column_name":"test_area_id","table_name":"test_area","column_label":"Test Area Id","db":"health4all","column_comment":"","relation_type":"branching_masters","active":true,"branch_on":"test_order"},{"column_type":"int","column_size":"3","column_key":"PRI","column_name":"hospital_id","table_name":"hospital","column_label":"Hospital Id","db":"health4all","column_comment":"","relation_type":"branching_masters","active":true,"branch_on":"test_order"},{"column_type":"int","column_size":"11","column_key":"PRI","column_name":"hospital_id","table_name":"staff_previous_hospital","column_label":"Hospital Id","db":"health4all","column_comment":"","relation_type":"branching_masters","active":true,"branch_on":"test_order"},{"column_type":"int","column_size":"7","column_key":"PRI","column_name":"visit_id","table_name":"mlc","column_label":"Visit Id","db":"health4all","column_comment":"","relation_type":"branching_masters","active":true,"branch_on":"transport"},{"column_type":"int","column_size":"4","column_key":"PRI","column_name":"staff_id","table_name":"staff","column_label":"Staff Id","db":"health4all","column_comment":"","relation_type":"branching_masters","active":true,"branch_on":"transport"},{"column_type":"int","column_size":"7","column_key":"PRI","column_name":"visit_id","table_name":"mlc","column_label":"Visit Id","db":"health4all","column_comment":"","relation_type":"branching_masters","active":true,"branch_on":"user_activity"},{"column_type":"int","column_size":"7","column_key":"PRI","column_name":"user_id","table_name":"bb_user","column_label":"User Id","db":"health4all","column_comment":"","relation_type":"branching_masters","active":true,"branch_on":"user_activity"},{"column_type":"int","column_size":"4","column_key":"PRI","column_name":"user_id","table_name":"user","column_label":"User Id","db":"health4all","column_comment":"","relation_type":"branching_masters","active":true,"branch_on":"user_activity"}]}