{"entity_type":"sql_table","folder_name":"app_one/scaffold","file_name":"health4all_ci_sessions","extension":".json","table_type":"","app_name":"app_one","db":"health4all","table_name":"ci_sessions","ops":[{"op_name":"","params":{}}],"table_columns":[{"column_type":"varchar","column_size":"40","column_key":"PRI","column_name":"session_id","table_name":"ci_sessions","column_label":"Session Id","db":"health4all","column_comment":""},{"column_type":"varchar","column_size":"45","column_key":"","column_name":"ip_address","table_name":"ci_sessions","column_label":"Ip Address","db":"health4all","column_comment":""},{"column_type":"varchar","column_size":"120","column_key":"","column_name":"user_agent","table_name":"ci_sessions","column_label":"User Agent","db":"health4all","column_comment":""},{"column_type":"int","column_size":"10","column_key":"MUL","column_name":"last_activity","table_name":"ci_sessions","column_label":"Last Activity","db":"health4all","column_comment":""},{"column_type":"text","column_key":"","column_name":"user_data","table_name":"ci_sessions","column_label":"User Data","db":"health4all","column_comment":""}],"labels":[{"column_type":"varchar","column_size":"40","column_key":"PRI","column_name":"session_id","table_name":"ci_sessions","column_label":"Session Id","db":"health4all","column_comment":""},{"column_type":"varchar","column_size":"45","column_key":"","column_name":"ip_address","table_name":"ci_sessions","column_label":"Ip Address","db":"health4all","column_comment":""},{"column_type":"varchar","column_size":"120","column_key":"","column_name":"user_agent","table_name":"ci_sessions","column_label":"User Agent","db":"health4all","column_comment":""}],"relation":[{"column_type":"varchar","column_size":"128","column_key":"PRI","column_name":"session_id","table_name":"sessions","column_label":"Session Id","db":"health4all","column_comment":"","relation_type":"derived","active":true}]}