{"entity_type":"sql_table","folder_name":"app_one/scaffold","file_name":"health4all_treatment_type","extension":".json","table_type":"","app_name":"app_one","db":"health4all","table_name":"treatment_type","ops":[{"op_name":"","params":{}}],"table_columns":[{"column_type":"int","column_size":"3","column_key":"PRI","column_name":"treatment_type_id","table_name":"treatment_type","column_label":"Treatment Type Id","db":"health4all","column_comment":""},{"column_type":"varchar","column_size":"50","column_key":"","column_name":"treatment_type","table_name":"treatment_type","column_label":"Treatment Type","db":"health4all","column_comment":""}],"labels":[{"column_type":"varchar","column_size":"50","column_key":"","column_name":"treatment_type","table_name":"treatment_type","column_label":"Treatment Type","db":"health4all","column_comment":""}],"relation":[]}