{"entity_type":"sql_table","folder_name":"app_one/scaffold","file_name":"health4all_procedure_type","extension":".json","table_type":"","app_name":"app_one","db":"health4all","table_name":"procedure_type","ops":[{"op_name":"","params":{}}],"table_columns":[{"column_type":"int","column_size":"3","column_key":"PRI","column_name":"procedure_type_id","table_name":"procedure_type","column_label":"Procedure Type Id","db":"health4all","column_comment":""},{"column_type":"varchar","column_size":"50","column_key":"","column_name":"procedure_type","table_name":"procedure_type","column_label":"Procedure Type","db":"health4all","column_comment":""}],"labels":[{"column_type":"varchar","column_size":"50","column_key":"","column_name":"procedure_type","table_name":"procedure_type","column_label":"Procedure Type","db":"health4all","column_comment":""}],"relation":[{"column_type":"int","column_size":"11","column_key":"","column_name":"procedure_type_id","table_name":"procedure","column_label":"Procedure Type Id","db":"health4all","column_comment":"","relation_type":"derived","active":true}]}