{"entity_type":"sql_table","folder_name":"app_one/scaffold","file_name":"health4all_item_master","extension":".json","table_type":"","app_name":"app_one","db":"health4all","table_name":"item_master","ops":[{"op_name":"","params":{}}],"table_columns":[{"column_type":"int","column_size":"11","column_key":"PRI","column_name":"item_id","table_name":"item_master","column_label":"Item Id","db":"health4all","column_comment":""},{"column_type":"varchar","column_size":"50","column_key":"","column_name":"item_name","table_name":"item_master","column_label":"Item Name","db":"health4all","column_comment":""},{"column_type":"int","column_size":"11","column_key":"","column_name":"generic_item_id","table_name":"item_master","column_label":"Generic Item Id","db":"health4all","column_comment":""},{"column_type":"int","column_size":"11","column_key":"","column_name":"item_form_id","table_name":"item_master","column_label":"Item Form Id","db":"health4all","column_comment":""},{"column_type":"varchar","column_size":"30","column_key":"","column_name":"description","table_name":"item_master","column_label":"Description","db":"health4all","column_comment":""},{"column_type":"int","column_size":"11","column_key":"","column_name":"model","table_name":"item_master","column_label":"Model","db":"health4all","column_comment":""},{"column_type":"int","column_size":"11","column_key":"","column_name":"serial_number","table_name":"item_master","column_label":"Serial Number","db":"health4all","column_comment":""},{"column_type":"int","column_size":"11","column_key":"","column_name":"asset_number","table_name":"item_master","column_label":"Asset Number","db":"health4all","column_comment":""}],"labels":[{"column_type":"varchar","column_size":"50","column_key":"","column_name":"item_name","table_name":"item_master","column_label":"Item Name","db":"health4all","column_comment":""},{"column_type":"varchar","column_size":"30","column_key":"","column_name":"description","table_name":"item_master","column_label":"Description","db":"health4all","column_comment":""}],"relation":[{"column_type":"int","column_size":"11","column_key":"PRI","column_name":"generic_item_id","table_name":"generic_item","column_label":"Generic Item Id","db":"health4all","column_comment":"","relation_type":"masters","active":true},{"column_type":"int","column_size":"6","column_key":"PRI","column_name":"item_form_id","table_name":"item_form","column_label":"Item Form Id","db":"health4all","column_comment":"","relation_type":"masters","active":true},{"column_type":"int","column_size":"6","column_key":"","column_name":"item_id","table_name":"indent_item","column_label":"Item Id","db":"health4all","column_comment":"","relation_type":"derived","active":true},{"column_type":"int","column_size":"11","column_key":"PRI","column_name":"item_id","table_name":"item","column_label":"Item Id","db":"health4all","column_comment":"","relation_type":"derived","active":true},{"column_type":"int","column_size":"11","column_key":"","column_name":"item_id","table_name":"item_batch","column_label":"Item Id","db":"health4all","column_comment":"","relation_type":"derived","active":true},{"column_type":"int","column_size":"11","column_key":"","column_name":"item_id","table_name":"prescription","column_label":"Item Id","db":"health4all","column_comment":"","relation_type":"derived","active":true},{"column_type":"int","column_size":"3","column_key":"PRI","column_name":"hospital_id","table_name":"hospital","column_label":"Hospital Id","db":"health4all","column_comment":"","relation_type":"branching_masters","active":true,"branch_on":"indent_item"},{"column_type":"int","column_size":"11","column_key":"PRI","column_name":"hospital_id","table_name":"staff_previous_hospital","column_label":"Hospital Id","db":"health4all","column_comment":"","relation_type":"branching_masters","active":true,"branch_on":"indent_item"},{"column_type":"int","column_size":"6","column_key":"PRI","column_name":"indent_id","table_name":"indent","column_label":"Indent Id","db":"health4all","column_comment":"","relation_type":"branching_masters","active":true,"branch_on":"indent_item"},{"column_type":"int","column_size":"11","column_key":"PRI","column_name":"item_id","table_name":"item","column_label":"Item Id","db":"health4all","column_comment":"","relation_type":"branching_masters","active":true,"branch_on":"indent_item"},{"column_type":"int","column_size":"11","column_key":"PRI","column_name":"generic_item_id","table_name":"generic_item","column_label":"Generic Item Id","db":"health4all","column_comment":"","relation_type":"branching_masters","active":true,"branch_on":"item"},{"column_type":"int","column_size":"11","column_key":"PRI","column_name":"dosage_id","table_name":"dosage","column_label":"Dosage Id","db":"health4all","column_comment":"","relation_type":"branching_masters","active":true,"branch_on":"item"},{"column_type":"int","column_size":"6","column_key":"PRI","column_name":"item_form_id","table_name":"item_form","column_label":"Item Form Id","db":"health4all","column_comment":"","relation_type":"branching_masters","active":true,"branch_on":"item"},{"column_type":"int","column_size":"11","column_key":"PRI","column_name":"item_id","table_name":"item","column_label":"Item Id","db":"health4all","column_comment":"","relation_type":"branching_masters","active":true,"branch_on":"item_batch"},{"column_type":"int","column_size":"7","column_key":"PRI","column_name":"visit_id","table_name":"mlc","column_label":"Visit Id","db":"health4all","column_comment":"","relation_type":"branching_masters","active":true,"branch_on":"prescription"},{"column_type":"int","column_size":"7","column_key":"PRI","column_name":"visit_id","table_name":"patient_visit","column_label":"Visit Id","db":"health4all","column_comment":"","relation_type":"branching_masters","active":true,"branch_on":"prescription"},{"column_type":"int","column_size":"11","column_key":"PRI","column_name":"item_id","table_name":"item","column_label":"Item Id","db":"health4all","column_comment":"","relation_type":"branching_masters","active":true,"branch_on":"prescription"},{"column_type":"int","column_size":"4","column_key":"PRI","column_name":"unit_id","table_name":"unit","column_label":"Unit Id","db":"health4all","column_comment":"","relation_type":"branching_masters","active":true,"branch_on":"prescription"}]}