{"entity_type":"sql_table","folder_name":"app_one/scaffold","file_name":"health4all_leave_type","extension":".json","table_type":"","app_name":"app_one","db":"health4all","table_name":"leave_type","ops":[{"op_name":"","params":{}}],"table_columns":[{"column_type":"int","column_size":"11","column_key":"PRI","column_name":"leave_type_id","table_name":"leave_type","column_label":"Leave Type Id","db":"health4all","column_comment":""},{"column_type":"varchar","column_size":"20","column_key":"","column_name":"leave_type","table_name":"leave_type","column_label":"Leave Type","db":"health4all","column_comment":""},{"column_type":"varchar","column_size":"60","column_key":"","column_name":"note","table_name":"leave_type","column_label":"Note","db":"health4all","column_comment":""}],"labels":[{"column_type":"varchar","column_size":"20","column_key":"","column_name":"leave_type","table_name":"leave_type","column_label":"Leave Type","db":"health4all","column_comment":""},{"column_type":"varchar","column_size":"60","column_key":"","column_name":"note","table_name":"leave_type","column_label":"Note","db":"health4all","column_comment":""}],"relation":[{"column_type":"int","column_size":"11","column_key":"MUL","column_name":"leave_type_id","table_name":"leave","column_label":"Leave Type Id","db":"health4all","column_comment":"","relation_type":"derived","active":true},{"column_type":"int","column_size":"4","column_key":"PRI","column_name":"staff_id","table_name":"staff","column_label":"Staff Id","db":"health4all","column_comment":"","relation_type":"branching_masters","active":true,"branch_on":"leave"}]}