{"entity_type":"sql_table","folder_name":"app_one/scaffold","file_name":"health4all_helpline","extension":".json","table_type":"","app_name":"app_one","db":"health4all","table_name":"helpline","ops":[{"op_name":"","params":{}}],"table_columns":[{"column_type":"int","column_size":"11","column_key":"PRI","column_name":"helpline_id","table_name":"helpline","column_label":"Helpline Id","db":"health4all","column_comment":""},{"column_type":"varchar","column_size":"20","column_key":"","column_name":"helpline","table_name":"helpline","column_label":"Helpline","db":"health4all","column_comment":""},{"column_type":"varchar","column_size":"20","column_key":"","column_name":"note","table_name":"helpline","column_label":"Note","db":"health4all","column_comment":""}],"labels":[{"column_type":"varchar","column_size":"20","column_key":"","column_name":"helpline","table_name":"helpline","column_label":"Helpline","db":"health4all","column_comment":""},{"column_type":"varchar","column_size":"20","column_key":"","column_name":"note","table_name":"helpline","column_label":"Note","db":"health4all","column_comment":""}],"relation":[{"column_type":"int","column_size":"11","column_key":"","column_name":"helpline_id","table_name":"helpline_receiver","column_label":"Helpline Id","db":"health4all","column_comment":"caller_id of telecom provider","relation_type":"derived","active":true},{"column_type":"int","column_size":"11","column_key":"","column_name":"helpline_id","table_name":"helpline_receiver_link","column_label":"Helpline Id","db":"health4all","column_comment":"","relation_type":"derived","active":true},{"column_type":"int","column_size":"11","column_key":"MUL","column_name":"helpline_id","table_name":"user_helpline_link","column_label":"Helpline Id","db":"health4all","column_comment":"","relation_type":"derived","active":true},{"column_type":"int","column_size":"7","column_key":"PRI","column_name":"user_id","table_name":"bb_user","column_label":"User Id","db":"health4all","column_comment":"","relation_type":"branching_masters","active":true,"branch_on":"helpline_receiver"},{"column_type":"int","column_size":"4","column_key":"PRI","column_name":"user_id","table_name":"user","column_label":"User Id","db":"health4all","column_comment":"","relation_type":"branching_masters","active":true,"branch_on":"helpline_receiver"},{"column_type":"int","column_size":"11","column_key":"PRI","column_name":"receiver_id","table_name":"helpline_receiver","column_label":"Receiver Id","db":"health4all","column_comment":"","relation_type":"branching_masters","active":true,"branch_on":"helpline_receiver_link"},{"column_type":"int","column_size":"7","column_key":"PRI","column_name":"user_id","table_name":"bb_user","column_label":"User Id","db":"health4all","column_comment":"","relation_type":"branching_masters","active":true,"branch_on":"user_helpline_link"},{"column_type":"int","column_size":"4","column_key":"PRI","column_name":"user_id","table_name":"user","column_label":"User Id","db":"health4all","column_comment":"","relation_type":"branching_masters","active":true,"branch_on":"user_helpline_link"}]}