{"entity_type":"sql_table","folder_name":"app_one/scaffold","file_name":"health4all_dosage","extension":".json","table_type":"","app_name":"app_one","db":"health4all","table_name":"dosage","ops":[{"op_name":"","params":{}}],"table_columns":[{"column_type":"int","column_size":"11","column_key":"PRI","column_name":"dosage_id","table_name":"dosage","column_label":"Dosage Id","db":"health4all","column_comment":""},{"column_type":"varchar","column_size":"30","column_key":"","column_name":"dosage_unit","table_name":"dosage","column_label":"Dosage Unit","db":"health4all","column_comment":"ml, gm, etc..."},{"column_type":"float","column_key":"","column_name":"dosage","table_name":"dosage","column_label":"Dosage","db":"health4all","column_comment":"number specifiying the value."}],"labels":[{"column_type":"varchar","column_size":"30","column_key":"","column_name":"dosage_unit","table_name":"dosage","column_label":"Dosage Unit","db":"health4all","column_comment":"ml, gm, etc..."}],"relation":[{"column_type":"int","column_size":"11","column_key":"","column_name":"dosage_id","table_name":"item","column_label":"Dosage Id","db":"health4all","column_comment":"","relation_type":"derived","active":true},{"column_type":"int","column_size":"11","column_key":"PRI","column_name":"generic_item_id","table_name":"generic_item","column_label":"Generic Item Id","db":"health4all","column_comment":"","relation_type":"branching_masters","active":true,"branch_on":"item"},{"column_type":"int","column_size":"6","column_key":"PRI","column_name":"item_form_id","table_name":"item_form","column_label":"Item Form Id","db":"health4all","column_comment":"","relation_type":"branching_masters","active":true,"branch_on":"item"}]}