{"entity_type":"sql_table","folder_name":"app_one/scaffold","file_name":"health4all_menstrual_history","extension":".json","table_type":"","app_name":"app_one","db":"health4all","table_name":"menstrual_history","ops":[{"op_name":"","params":{}}],"table_columns":[{"column_type":"int","column_size":"7","column_key":"PRI","column_name":"menstrual_history_id","table_name":"menstrual_history","column_label":"Menstrual History Id","db":"health4all","column_comment":""},{"column_type":"int","column_size":"7","column_key":"","column_name":"visit_id","table_name":"menstrual_history","column_label":"Visit Id","db":"health4all","column_comment":""},{"column_type":"varchar","column_size":"50","column_key":"","column_name":"regularity","table_name":"menstrual_history","column_label":"Regularity","db":"health4all","column_comment":""},{"column_type":"varchar","column_size":"5","column_key":"","column_name":"cycle","table_name":"menstrual_history","column_label":"Cycle","db":"health4all","column_comment":""},{"column_type":"varchar","column_size":"10","column_key":"","column_name":"flow_amount","table_name":"menstrual_history","column_label":"Flow Amount","db":"health4all","column_comment":""},{"column_type":"binary","column_size":"3","column_key":"","column_name":"dysmenorrhea","table_name":"menstrual_history","column_label":"Dysmenorrhea","db":"health4all","column_comment":""}],"labels":[{"column_type":"varchar","column_size":"50","column_key":"","column_name":"regularity","table_name":"menstrual_history","column_label":"Regularity","db":"health4all","column_comment":""},{"column_type":"varchar","column_size":"5","column_key":"","column_name":"cycle","table_name":"menstrual_history","column_label":"Cycle","db":"health4all","column_comment":""},{"column_type":"varchar","column_size":"10","column_key":"","column_name":"flow_amount","table_name":"menstrual_history","column_label":"Flow Amount","db":"health4all","column_comment":""}],"relation":[{"column_type":"int","column_size":"7","column_key":"PRI","column_name":"visit_id","table_name":"mlc","column_label":"Visit Id","db":"health4all","column_comment":"","relation_type":"masters","active":true},{"column_type":"int","column_size":"7","column_key":"PRI","column_name":"visit_id","table_name":"patient_visit","column_label":"Visit Id","db":"health4all","column_comment":"","relation_type":"masters","active":true},{"column_type":"int","column_size":"3","column_key":"PRI","column_name":"hospital_id","table_name":"hospital","column_label":"Hospital Id","db":"health4all","column_comment":"","relation_type":"branching_masters","active":true,"branch_on":"patient_visit"},{"column_type":"int","column_size":"11","column_key":"PRI","column_name":"hospital_id","table_name":"staff_previous_hospital","column_label":"Hospital Id","db":"health4all","column_comment":"","relation_type":"branching_masters","active":true,"branch_on":"patient_visit"},{"column_type":"int","column_size":"11","column_key":"PRI","column_name":"visit_name_id","table_name":"visit_name","column_label":"Visit Name Id","db":"health4all","column_comment":"","relation_type":"branching_masters","active":true,"branch_on":"patient_visit"},{"column_type":"int","column_size":"11","column_key":"PRI","column_name":"patient_id","table_name":"bb_external_patient","column_label":"Patient Id","db":"health4all","column_comment":"","relation_type":"branching_masters","active":true,"branch_on":"patient_visit"},{"column_type":"int","column_size":"7","column_key":"PRI","column_name":"patient_id","table_name":"patient","column_label":"Patient Id","db":"health4all","column_comment":"","relation_type":"branching_masters","active":true,"branch_on":"patient_visit"},{"column_type":"int","column_size":"3","column_key":"PRI","column_name":"department_id","table_name":"department","column_label":"Department Id","db":"health4all","column_comment":"","relation_type":"branching_masters","active":true,"branch_on":"patient_visit"},{"column_type":"int","column_size":"11","column_key":"PRI","column_name":"insurance_id","table_name":"insurance","column_label":"Insurance Id","db":"health4all","column_comment":"","relation_type":"branching_masters","active":true,"branch_on":"patient_visit"}]}