{"entity_type":"sql_table","folder_name":"app_one/scaffold","file_name":"health4all_blood_grouping","extension":".json","table_type":"","app_name":"app_one","db":"health4all","table_name":"blood_grouping","ops":[{"op_name":"","params":{}}],"table_columns":[{"column_type":"int","column_size":"11","column_key":"PRI","column_name":"grouping_id","table_name":"blood_grouping","column_label":"Grouping Id","db":"health4all","column_comment":""},{"column_type":"int","column_size":"11","column_key":"UNI","column_name":"donation_id","table_name":"blood_grouping","column_label":"Donation Id","db":"health4all","column_comment":""},{"column_type":"varchar","column_size":"10","column_key":"","column_name":"blood_group","table_name":"blood_grouping","column_label":"Blood Group","db":"health4all","column_comment":""},{"column_type":"varchar","column_size":"5","column_key":"","column_name":"sub_group","table_name":"blood_grouping","column_label":"Sub Group","db":"health4all","column_comment":""},{"column_type":"varchar","column_size":"5","column_key":"","column_name":"anti_a","table_name":"blood_grouping","column_label":"Anti A","db":"health4all","column_comment":""},{"column_type":"varchar","column_size":"5","column_key":"","column_name":"anti_b","table_name":"blood_grouping","column_label":"Anti B","db":"health4all","column_comment":""},{"column_type":"varchar","column_size":"5","column_key":"","column_name":"anti_ab","table_name":"blood_grouping","column_label":"Anti Ab","db":"health4all","column_comment":""},{"column_type":"varchar","column_size":"5","column_key":"","column_name":"anti_d","table_name":"blood_grouping","column_label":"Anti D","db":"health4all","column_comment":""},{"column_type":"varchar","column_size":"5","column_key":"","column_name":"a_cells","table_name":"blood_grouping","column_label":"A Cells","db":"health4all","column_comment":""},{"column_type":"varchar","column_size":"5","column_key":"","column_name":"b_cells","table_name":"blood_grouping","column_label":"B Cells","db":"health4all","column_comment":""},{"column_type":"varchar","column_size":"5","column_key":"","column_name":"o_cells","table_name":"blood_grouping","column_label":"O Cells","db":"health4all","column_comment":""},{"column_type":"varchar","column_size":"5","column_key":"","column_name":"du","table_name":"blood_grouping","column_label":"Du","db":"health4all","column_comment":""},{"column_type":"int","column_size":"11","column_key":"","column_name":"forward_done_by","table_name":"blood_grouping","column_label":"Forward Done By","db":"health4all","column_comment":""},{"column_type":"int","column_size":"11","column_key":"","column_name":"reverse_done_by","table_name":"blood_grouping","column_label":"Reverse Done By","db":"health4all","column_comment":""},{"column_type":"date","column_key":"","column_name":"grouping_date","table_name":"blood_grouping","column_label":"Grouping Date","db":"health4all","column_comment":""},{"column_type":"int","column_size":"11","column_key":"","column_name":"hospital_id","table_name":"blood_grouping","column_label":"Hospital Id","db":"health4all","column_comment":""}],"labels":[{"column_type":"varchar","column_size":"10","column_key":"","column_name":"blood_group","table_name":"blood_grouping","column_label":"Blood Group","db":"health4all","column_comment":""},{"column_type":"varchar","column_size":"5","column_key":"","column_name":"sub_group","table_name":"blood_grouping","column_label":"Sub Group","db":"health4all","column_comment":""},{"column_type":"varchar","column_size":"5","column_key":"","column_name":"anti_a","table_name":"blood_grouping","column_label":"Anti A","db":"health4all","column_comment":""},{"column_type":"varchar","column_size":"5","column_key":"","column_name":"anti_b","table_name":"blood_grouping","column_label":"Anti B","db":"health4all","column_comment":""},{"column_type":"varchar","column_size":"5","column_key":"","column_name":"anti_ab","table_name":"blood_grouping","column_label":"Anti Ab","db":"health4all","column_comment":""},{"column_type":"varchar","column_size":"5","column_key":"","column_name":"anti_d","table_name":"blood_grouping","column_label":"Anti D","db":"health4all","column_comment":""},{"column_type":"varchar","column_size":"5","column_key":"","column_name":"a_cells","table_name":"blood_grouping","column_label":"A Cells","db":"health4all","column_comment":""},{"column_type":"varchar","column_size":"5","column_key":"","column_name":"b_cells","table_name":"blood_grouping","column_label":"B Cells","db":"health4all","column_comment":""},{"column_type":"varchar","column_size":"5","column_key":"","column_name":"o_cells","table_name":"blood_grouping","column_label":"O Cells","db":"health4all","column_comment":""},{"column_type":"varchar","column_size":"5","column_key":"","column_name":"du","table_name":"blood_grouping","column_label":"Du","db":"health4all","column_comment":""}],"relation":[{"column_type":"int","column_size":"7","column_key":"PRI","column_name":"donation_id","table_name":"bb_donation","column_label":"Donation Id","db":"health4all","column_comment":"","relation_type":"masters","active":true},{"column_type":"int","column_size":"3","column_key":"PRI","column_name":"hospital_id","table_name":"hospital","column_label":"Hospital Id","db":"health4all","column_comment":"","relation_type":"masters","active":true},{"column_type":"int","column_size":"11","column_key":"PRI","column_name":"hospital_id","table_name":"staff_previous_hospital","column_label":"Hospital Id","db":"health4all","column_comment":"","relation_type":"masters","active":true},{"column_type":"int","column_size":"7","column_key":"PRI","column_name":"donor_id","table_name":"blood_donor","column_label":"Donor Id","db":"health4all","column_comment":"","relation_type":"branching_masters","active":true,"branch_on":"bb_donation"},{"column_type":"int","column_size":"7","column_key":"PRI","column_name":"replacement_patient_id","table_name":"bb_replacement_patient","column_label":"Replacement Patient Id","db":"health4all","column_comment":"","relation_type":"branching_masters","active":true,"branch_on":"bb_donation"},{"column_type":"int","column_size":"11","column_key":"PRI","column_name":"status_id","table_name":"bb_status","column_label":"Status Id","db":"health4all","column_comment":"","relation_type":"branching_masters","active":true,"branch_on":"bb_donation"},{"column_type":"int","column_size":"11","column_key":"PRI","column_name":"camp_id","table_name":"blood_donation_camp","column_label":"Camp Id","db":"health4all","column_comment":"","relation_type":"branching_masters","active":true,"branch_on":"bb_donation"},{"column_type":"int","column_size":"11","column_key":"PRI","column_name":"camp_id","table_name":"blood_donation_camp_date","column_label":"Camp Id","db":"health4all","column_comment":"","relation_type":"branching_masters","active":true,"branch_on":"bb_donation"},{"column_type":"int","column_size":"3","column_key":"PRI","column_name":"hospital_id","table_name":"hospital","column_label":"Hospital Id","db":"health4all","column_comment":"","relation_type":"branching_masters","active":true,"branch_on":"bb_donation"},{"column_type":"int","column_size":"11","column_key":"PRI","column_name":"hospital_id","table_name":"staff_previous_hospital","column_label":"Hospital Id","db":"health4all","column_comment":"","relation_type":"branching_masters","active":true,"branch_on":"bb_donation"},{"column_type":"int","column_size":"6","column_key":"PRI","column_name":"village_town_id","table_name":"village_town","column_label":"Village Town Id","db":"health4all","column_comment":"","relation_type":"branching_masters","active":true,"branch_on":"hospital"},{"column_type":"int","column_size":"3","column_key":"PRI","column_name":"district_id","table_name":"district","column_label":"District Id","db":"health4all","column_comment":"","relation_type":"branching_masters","active":true,"branch_on":"staff_previous_hospital"}]}