{"entity_type":"sql_table","folder_name":"app_one/scaffold","file_name":"health4all_patient_treatment","extension":".json","table_type":"","app_name":"app_one","db":"health4all","table_name":"patient_treatment","ops":[{"op_name":"","params":{}}],"table_columns":[{"column_type":"int","column_size":"10","column_key":"PRI","column_name":"treatment_id","table_name":"patient_treatment","column_label":"Treatment Id","db":"health4all","column_comment":""},{"column_type":"bigint","column_size":"10","column_key":"","column_name":"visit_id","table_name":"patient_treatment","column_label":"Visit Id","db":"health4all","column_comment":""},{"column_type":"varchar","column_size":"20","column_key":"","column_name":"treatment_type","table_name":"patient_treatment","column_label":"Treatment Type","db":"health4all","column_comment":""},{"column_type":"varchar","column_size":"50","column_key":"","column_name":"treatment","table_name":"patient_treatment","column_label":"Treatment","db":"health4all","column_comment":""},{"column_type":"date","column_key":"","column_name":"treatment_date","table_name":"patient_treatment","column_label":"Treatment Date","db":"health4all","column_comment":""},{"column_type":"time","column_key":"","column_name":"treatment_time","table_name":"patient_treatment","column_label":"Treatment Time","db":"health4all","column_comment":""},{"column_type":"varchar","column_size":"12","column_key":"","column_name":"duration","table_name":"patient_treatment","column_label":"Duration","db":"health4all","column_comment":""},{"column_type":"varchar","column_size":"300","column_key":"","column_name":"notes","table_name":"patient_treatment","column_label":"Notes","db":"health4all","column_comment":""}],"labels":[{"column_type":"varchar","column_size":"20","column_key":"","column_name":"treatment_type","table_name":"patient_treatment","column_label":"Treatment Type","db":"health4all","column_comment":""},{"column_type":"varchar","column_size":"50","column_key":"","column_name":"treatment","table_name":"patient_treatment","column_label":"Treatment","db":"health4all","column_comment":""},{"column_type":"varchar","column_size":"12","column_key":"","column_name":"duration","table_name":"patient_treatment","column_label":"Duration","db":"health4all","column_comment":""},{"column_type":"varchar","column_size":"300","column_key":"","column_name":"notes","table_name":"patient_treatment","column_label":"Notes","db":"health4all","column_comment":""}],"relation":[]}