{"entity_type":"sql_table","folder_name":"app_one/scaffold","file_name":"health4all_follow_up_status","extension":".json","table_type":"","app_name":"app_one","db":"health4all","table_name":"follow_up_status","ops":[{"op_name":"","params":{}}],"table_columns":[{"column_type":"int","column_size":"11","column_key":"PRI","column_name":"follow_up_status_id","table_name":"follow_up_status","column_label":"Follow Up Status Id","db":"health4all","column_comment":""},{"column_type":"varchar","column_size":"20","column_key":"","column_name":"follow_up_status","table_name":"follow_up_status","column_label":"Follow Up Status","db":"health4all","column_comment":""}],"labels":[{"column_type":"varchar","column_size":"20","column_key":"","column_name":"follow_up_status","table_name":"follow_up_status","column_label":"Follow Up Status","db":"health4all","column_comment":""}],"relation":[{"column_type":"int","column_size":"11","column_key":"","column_name":"follow_up_status_id","table_name":"follow_up","column_label":"Follow Up Status Id","db":"health4all","column_comment":"","relation_type":"derived","active":true},{"column_type":"int","column_size":"7","column_key":"PRI","column_name":"visit_id","table_name":"mlc","column_label":"Visit Id","db":"health4all","column_comment":"","relation_type":"branching_masters","active":true,"branch_on":"follow_up"},{"column_type":"int","column_size":"7","column_key":"PRI","column_name":"visit_id","table_name":"patient_visit","column_label":"Visit Id","db":"health4all","column_comment":"","relation_type":"branching_masters","active":true,"branch_on":"follow_up"},{"column_type":"int","column_size":"4","column_key":"PRI","column_name":"staff_id","table_name":"staff","column_label":"Staff Id","db":"health4all","column_comment":"","relation_type":"branching_masters","active":true,"branch_on":"follow_up"}]}