{"entity_type":"sql_table","folder_name":"app_one/scaffold","file_name":"health4all_sample_status","extension":".json","table_type":"","app_name":"app_one","db":"health4all","table_name":"sample_status","ops":[{"op_name":"","params":{}}],"table_columns":[{"column_type":"int","column_size":"6","column_key":"PRI","column_name":"sample_status_id","table_name":"sample_status","column_label":"Sample Status Id","db":"health4all","column_comment":""},{"column_type":"varchar","column_size":"50","column_key":"","column_name":"sample_status","table_name":"sample_status","column_label":"Sample Status","db":"health4all","column_comment":""}],"labels":[{"column_type":"varchar","column_size":"50","column_key":"","column_name":"sample_status","table_name":"sample_status","column_label":"Sample Status","db":"health4all","column_comment":""}],"relation":[{"column_type":"int","column_size":"4","column_key":"","column_name":"sample_status_id","table_name":"test_sample","column_label":"Sample Status Id","db":"health4all","column_comment":"","relation_type":"derived","active":true},{"column_type":"int","column_size":"6","column_key":"PRI","column_name":"order_id","table_name":"test_order","column_label":"Order Id","db":"health4all","column_comment":"","relation_type":"branching_masters","active":true,"branch_on":"test_sample"},{"column_type":"int","column_size":"6","column_key":"PRI","column_name":"specimen_type_id","table_name":"specimen_type","column_label":"Specimen Type Id","db":"health4all","column_comment":"","relation_type":"branching_masters","active":true,"branch_on":"test_sample"}]}