{"entity_type":"sql_table","folder_name":"app_one/scaffold","file_name":"health4all_bb_slot","extension":".json","table_type":"link_table","app_name":"app_one","db":"health4all","table_name":"bb_slot","ops":[{"op_name":"","params":{}}],"table_columns":[{"column_type":"int","column_size":"7","column_key":"PRI","column_name":"slot_id","table_name":"bb_slot","column_label":"Slot Id","db":"health4all","column_comment":""},{"column_type":"date","column_key":"","column_name":"date","table_name":"bb_slot","column_label":"Date","db":"health4all","column_comment":""},{"column_type":"time","column_key":"","column_name":"from_time","table_name":"bb_slot","column_label":"From Time","db":"health4all","column_comment":""},{"column_type":"time","column_key":"","column_name":"to_time","table_name":"bb_slot","column_label":"To Time","db":"health4all","column_comment":""},{"column_type":"int","column_size":"3","column_key":"","column_name":"no_appointments","table_name":"bb_slot","column_label":"No Appointments","db":"health4all","column_comment":""},{"column_type":"int","column_size":"11","column_key":"","column_name":"hospital_id","table_name":"bb_slot","column_label":"Hospital Id","db":"health4all","column_comment":""}],"labels":[],"relation":[{"column_type":"int","column_size":"3","column_key":"PRI","column_name":"hospital_id","table_name":"hospital","column_label":"Hospital Id","db":"health4all","column_comment":"","relation_type":"masters","active":true},{"column_type":"int","column_size":"11","column_key":"PRI","column_name":"hospital_id","table_name":"staff_previous_hospital","column_label":"Hospital Id","db":"health4all","column_comment":"","relation_type":"masters","active":true},{"column_type":"int","column_size":"7","column_key":"","column_name":"slot_id","table_name":"bb_app_slot_link","column_label":"Slot Id","db":"health4all","column_comment":"","relation_type":"derived","active":true},{"column_type":"int","column_size":"7","column_key":"","column_name":"slot_id","table_name":"bb_appointment","column_label":"Slot Id","db":"health4all","column_comment":"","relation_type":"derived","active":true},{"column_type":"int","column_size":"7","column_key":"PRI","column_name":"appointment_id","table_name":"bb_appointment","column_label":"Appointment Id","db":"health4all","column_comment":"","relation_type":"branching_masters","active":true,"branch_on":"bb_app_slot_link"},{"column_type":"int","column_size":"3","column_key":"PRI","column_name":"hospital_id","table_name":"hospital","column_label":"Hospital Id","db":"health4all","column_comment":"","relation_type":"branching_masters","active":true,"branch_on":"bb_app_slot_link"},{"column_type":"int","column_size":"11","column_key":"PRI","column_name":"hospital_id","table_name":"staff_previous_hospital","column_label":"Hospital Id","db":"health4all","column_comment":"","relation_type":"branching_masters","active":true,"branch_on":"bb_app_slot_link"},{"column_type":"int","column_size":"7","column_key":"PRI","column_name":"donor_id","table_name":"blood_donor","column_label":"Donor Id","db":"health4all","column_comment":"","relation_type":"branching_masters","active":true,"branch_on":"bb_appointment"},{"column_type":"int","column_size":"3","column_key":"PRI","column_name":"hospital_id","table_name":"hospital","column_label":"Hospital Id","db":"health4all","column_comment":"","relation_type":"branching_masters","active":true,"branch_on":"bb_appointment"},{"column_type":"int","column_size":"11","column_key":"PRI","column_name":"hospital_id","table_name":"staff_previous_hospital","column_label":"Hospital Id","db":"health4all","column_comment":"","relation_type":"branching_masters","active":true,"branch_on":"bb_appointment"}]}