{"entity_type":"sql_table","folder_name":"app_one/scaffold","file_name":"health4all_supply_chain_party","extension":".json","table_type":"","app_name":"app_one","db":"health4all","table_name":"supply_chain_party","ops":[{"op_name":"","params":{}}],"table_columns":[{"column_type":"int","column_size":"11","column_key":"PRI","column_name":"supply_chain_party_id","table_name":"supply_chain_party","column_label":"Supply Chain Party Id","db":"health4all","column_comment":""},{"column_type":"varchar","column_size":"150","column_key":"","column_name":"supply_chain_party_name","table_name":"supply_chain_party","column_label":"Supply Chain Party Name","db":"health4all","column_comment":""},{"column_type":"int","column_size":"11","column_key":"","column_name":"hospital_id","table_name":"supply_chain_party","column_label":"Hospital Id","db":"health4all","column_comment":""},{"column_type":"int","column_size":"11","column_key":"","column_name":"department_id","table_name":"supply_chain_party","column_label":"Department Id","db":"health4all","column_comment":""},{"column_type":"int","column_size":"11","column_key":"","column_name":"area_id","table_name":"supply_chain_party","column_label":"Area Id","db":"health4all","column_comment":""},{"column_type":"int","column_size":"11","column_key":"","column_name":"vendor_id","table_name":"supply_chain_party","column_label":"Vendor Id","db":"health4all","column_comment":""}],"labels":[{"column_type":"varchar","column_size":"150","column_key":"","column_name":"supply_chain_party_name","table_name":"supply_chain_party","column_label":"Supply Chain Party Name","db":"health4all","column_comment":""}],"relation":[{"column_type":"int","column_size":"3","column_key":"PRI","column_name":"hospital_id","table_name":"hospital","column_label":"Hospital Id","db":"health4all","column_comment":"","relation_type":"masters","active":true},{"column_type":"int","column_size":"11","column_key":"PRI","column_name":"hospital_id","table_name":"staff_previous_hospital","column_label":"Hospital Id","db":"health4all","column_comment":"","relation_type":"masters","active":true},{"column_type":"int","column_size":"3","column_key":"PRI","column_name":"department_id","table_name":"department","column_label":"Department Id","db":"health4all","column_comment":"","relation_type":"masters","active":true},{"column_type":"int","column_size":"4","column_key":"PRI","column_name":"area_id","table_name":"area","column_label":"Area Id","db":"health4all","column_comment":"","relation_type":"masters","active":true},{"column_type":"int","column_size":"11","column_key":"PRI","column_name":"vendor_id","table_name":"vendor","column_label":"Vendor Id","db":"health4all","column_comment":"","relation_type":"masters","active":true},{"column_type":"int","column_size":"6","column_key":"PRI","column_name":"village_town_id","table_name":"village_town","column_label":"Village Town Id","db":"health4all","column_comment":"","relation_type":"branching_masters","active":true,"branch_on":"hospital"},{"column_type":"int","column_size":"3","column_key":"PRI","column_name":"district_id","table_name":"district","column_label":"District Id","db":"health4all","column_comment":"","relation_type":"branching_masters","active":true,"branch_on":"staff_previous_hospital"},{"column_type":"int","column_size":"3","column_key":"PRI","column_name":"hospital_id","table_name":"hospital","column_label":"Hospital Id","db":"health4all","column_comment":"","relation_type":"branching_masters","active":true,"branch_on":"department"},{"column_type":"int","column_size":"11","column_key":"PRI","column_name":"hospital_id","table_name":"staff_previous_hospital","column_label":"Hospital Id","db":"health4all","column_comment":"","relation_type":"branching_masters","active":true,"branch_on":"department"},{"column_type":"int","column_size":"3","column_key":"PRI","column_name":"department_id","table_name":"department","column_label":"Department Id","db":"health4all","column_comment":"","relation_type":"branching_masters","active":true,"branch_on":"area"},{"column_type":"int","column_size":"2","column_key":"PRI","column_name":"area_type_id","table_name":"area_types","column_label":"Area Type Id","db":"health4all","column_comment":"","relation_type":"branching_masters","active":true,"branch_on":"area"},{"column_type":"int","column_size":"11","column_key":"PRI","column_name":"vendor_type_id","table_name":"vendor_type","column_label":"Vendor Type Id","db":"health4all","column_comment":"","relation_type":"branching_masters","active":true,"branch_on":"vendor"},{"column_type":"int","column_size":"11","column_key":"PRI","column_name":"contact_person_id","table_name":"contact_person","column_label":"Contact Person Id","db":"health4all","column_comment":"","relation_type":"branching_masters","active":true,"branch_on":"vendor"}]}