{"entity_type":"sql_table","folder_name":"app_one/scaffold","file_name":"health4all_procedure","extension":".json","table_type":"","app_name":"app_one","db":"health4all","table_name":"procedure","ops":[{"op_name":"","params":{}}],"table_columns":[{"column_type":"int","column_size":"11","column_key":"PRI","column_name":"procedure_id","table_name":"procedure","column_label":"Procedure Id","db":"health4all","column_comment":""},{"column_type":"varchar","column_size":"100","column_key":"","column_name":"procedure_name","table_name":"procedure","column_label":"Procedure Name","db":"health4all","column_comment":""},{"column_type":"int","column_size":"11","column_key":"","column_name":"procedure_type_id","table_name":"procedure","column_label":"Procedure Type Id","db":"health4all","column_comment":""}],"labels":[{"column_type":"varchar","column_size":"100","column_key":"","column_name":"procedure_name","table_name":"procedure","column_label":"Procedure Name","db":"health4all","column_comment":""}],"relation":[{"column_type":"int","column_size":"3","column_key":"PRI","column_name":"procedure_type_id","table_name":"procedure_type","column_label":"Procedure Type Id","db":"health4all","column_comment":"","relation_type":"masters","active":true},{"column_type":"int","column_size":"11","column_key":"","column_name":"procedure_id","table_name":"patient_procedure","column_label":"Procedure Id","db":"health4all","column_comment":"","relation_type":"derived","active":true},{"column_type":"int","column_size":"11","column_key":"","column_name":"procedure_id","table_name":"procedure_plan","column_label":"Procedure Id","db":"health4all","column_comment":"","relation_type":"derived","active":true},{"column_type":"int","column_size":"11","column_key":"PRI","column_name":"procedure_plan_id","table_name":"procedure_plan","column_label":"Procedure Plan Id","db":"health4all","column_comment":"","relation_type":"branching_masters","active":true,"branch_on":"patient_procedure"},{"column_type":"int","column_size":"7","column_key":"PRI","column_name":"visit_id","table_name":"mlc","column_label":"Visit Id","db":"health4all","column_comment":"","relation_type":"branching_masters","active":true,"branch_on":"patient_procedure"},{"column_type":"int","column_size":"7","column_key":"PRI","column_name":"visit_id","table_name":"patient_visit","column_label":"Visit Id","db":"health4all","column_comment":"","relation_type":"branching_masters","active":true,"branch_on":"patient_procedure"},{"column_type":"int","column_size":"7","column_key":"PRI","column_name":"visit_id","table_name":"mlc","column_label":"Visit Id","db":"health4all","column_comment":"","relation_type":"branching_masters","active":true,"branch_on":"procedure_plan"},{"column_type":"int","column_size":"7","column_key":"PRI","column_name":"visit_id","table_name":"patient_visit","column_label":"Visit Id","db":"health4all","column_comment":"","relation_type":"branching_masters","active":true,"branch_on":"procedure_plan"}]}