{"entity_type":"sql_table","folder_name":"app_one/scaffold","file_name":"health4all_blood_issue","extension":".json","table_type":"link_table","app_name":"app_one","db":"health4all","table_name":"blood_issue","ops":[{"op_name":"","params":{}}],"table_columns":[{"column_type":"int","column_size":"7","column_key":"PRI","column_name":"issue_id","table_name":"blood_issue","column_label":"Issue Id","db":"health4all","column_comment":""},{"column_type":"datetime","column_key":"","column_name":"issue_date","table_name":"blood_issue","column_label":"Issue Date","db":"health4all","column_comment":""},{"column_type":"time","column_key":"","column_name":"issue_time","table_name":"blood_issue","column_label":"Issue Time","db":"health4all","column_comment":""},{"column_type":"int","column_size":"7","column_key":"","column_name":"request_id","table_name":"blood_issue","column_label":"Request Id","db":"health4all","column_comment":""},{"column_type":"int","column_size":"7","column_key":"","column_name":"issued_by","table_name":"blood_issue","column_label":"Issued By","db":"health4all","column_comment":"user id"},{"column_type":"int","column_size":"5","column_key":"","column_name":"cross_matched_by","table_name":"blood_issue","column_label":"Cross Matched By","db":"health4all","column_comment":""},{"column_type":"int","column_size":"11","column_key":"","column_name":"hospital_id","table_name":"blood_issue","column_label":"Hospital Id","db":"health4all","column_comment":""}],"labels":[],"relation":[{"column_type":"int","column_size":"7","column_key":"PRI","column_name":"request_id","table_name":"blood_request","column_label":"Request Id","db":"health4all","column_comment":"","relation_type":"masters","active":true},{"column_type":"int","column_size":"4","column_key":"PRI","column_name":"request_id","table_name":"service_record","column_label":"Request Id","db":"health4all","column_comment":"","relation_type":"masters","active":true},{"column_type":"int","column_size":"3","column_key":"PRI","column_name":"hospital_id","table_name":"hospital","column_label":"Hospital Id","db":"health4all","column_comment":"","relation_type":"masters","active":true},{"column_type":"int","column_size":"11","column_key":"PRI","column_name":"hospital_id","table_name":"staff_previous_hospital","column_label":"Hospital Id","db":"health4all","column_comment":"","relation_type":"masters","active":true},{"column_type":"int","column_size":"7","column_key":"","column_name":"issue_id","table_name":"bb_issued_inventory","column_label":"Issue Id","db":"health4all","column_comment":"","relation_type":"derived","active":true},{"column_type":"int","column_size":"7","column_key":"PRI","column_name":"inventory_id","table_name":"blood_inventory","column_label":"Inventory Id","db":"health4all","column_comment":"","relation_type":"branching_masters","active":true,"branch_on":"bb_issued_inventory"},{"column_type":"int","column_size":"6","column_key":"PRI","column_name":"equipment_id","table_name":"equipment","column_label":"Equipment Id","db":"health4all","column_comment":"","relation_type":"branching_masters","active":true,"branch_on":"service_record"},{"column_type":"int","column_size":"7","column_key":"PRI","column_name":"user_id","table_name":"bb_user","column_label":"User Id","db":"health4all","column_comment":"","relation_type":"branching_masters","active":true,"branch_on":"service_record"},{"column_type":"int","column_size":"4","column_key":"PRI","column_name":"user_id","table_name":"user","column_label":"User Id","db":"health4all","column_comment":"","relation_type":"branching_masters","active":true,"branch_on":"service_record"},{"column_type":"int","column_size":"11","column_key":"PRI","column_name":"vendor_id","table_name":"vendor","column_label":"Vendor Id","db":"health4all","column_comment":"","relation_type":"branching_masters","active":true,"branch_on":"service_record"},{"column_type":"int","column_size":"11","column_key":"PRI","column_name":"contact_person_id","table_name":"contact_person","column_label":"Contact Person Id","db":"health4all","column_comment":"","relation_type":"branching_masters","active":true,"branch_on":"service_record"},{"column_type":"int","column_size":"6","column_key":"PRI","column_name":"village_town_id","table_name":"village_town","column_label":"Village Town Id","db":"health4all","column_comment":"","relation_type":"branching_masters","active":true,"branch_on":"hospital"},{"column_type":"int","column_size":"3","column_key":"PRI","column_name":"district_id","table_name":"district","column_label":"District Id","db":"health4all","column_comment":"","relation_type":"branching_masters","active":true,"branch_on":"staff_previous_hospital"}]}