{"entity_type":"sql_table","folder_name":"app_one/scaffold","file_name":"health4all_bb_issued_inventory","extension":".json","table_type":"link_table","app_name":"app_one","db":"health4all","table_name":"bb_issued_inventory","ops":[{"op_name":"","params":{}}],"table_columns":[{"column_type":"int","column_size":"7","column_key":"PRI","column_name":"issued_inventory_id","table_name":"bb_issued_inventory","column_label":"Issued Inventory Id","db":"health4all","column_comment":""},{"column_type":"int","column_size":"7","column_key":"","column_name":"issue_id","table_name":"bb_issued_inventory","column_label":"Issue Id","db":"health4all","column_comment":""},{"column_type":"int","column_size":"7","column_key":"","column_name":"inventory_id","table_name":"bb_issued_inventory","column_label":"Inventory Id","db":"health4all","column_comment":""}],"labels":[],"relation":[{"column_type":"int","column_size":"7","column_key":"PRI","column_name":"issue_id","table_name":"blood_issue","column_label":"Issue Id","db":"health4all","column_comment":"","relation_type":"masters","active":true},{"column_type":"int","column_size":"7","column_key":"PRI","column_name":"inventory_id","table_name":"blood_inventory","column_label":"Inventory Id","db":"health4all","column_comment":"","relation_type":"masters","active":true},{"column_type":"int","column_size":"7","column_key":"PRI","column_name":"request_id","table_name":"blood_request","column_label":"Request Id","db":"health4all","column_comment":"","relation_type":"branching_masters","active":true,"branch_on":"blood_issue"},{"column_type":"int","column_size":"4","column_key":"PRI","column_name":"request_id","table_name":"service_record","column_label":"Request Id","db":"health4all","column_comment":"","relation_type":"branching_masters","active":true,"branch_on":"blood_issue"},{"column_type":"int","column_size":"3","column_key":"PRI","column_name":"hospital_id","table_name":"hospital","column_label":"Hospital Id","db":"health4all","column_comment":"","relation_type":"branching_masters","active":true,"branch_on":"blood_issue"},{"column_type":"int","column_size":"11","column_key":"PRI","column_name":"hospital_id","table_name":"staff_previous_hospital","column_label":"Hospital Id","db":"health4all","column_comment":"","relation_type":"branching_masters","active":true,"branch_on":"blood_issue"},{"column_type":"int","column_size":"11","column_key":"PRI","column_name":"status_id","table_name":"bb_status","column_label":"Status Id","db":"health4all","column_comment":"","relation_type":"branching_masters","active":true,"branch_on":"blood_inventory"},{"column_type":"int","column_size":"7","column_key":"PRI","column_name":"donation_id","table_name":"bb_donation","column_label":"Donation Id","db":"health4all","column_comment":"","relation_type":"branching_masters","active":true,"branch_on":"blood_inventory"},{"column_type":"int","column_size":"3","column_key":"PRI","column_name":"hospital_id","table_name":"hospital","column_label":"Hospital Id","db":"health4all","column_comment":"","relation_type":"branching_masters","active":true,"branch_on":"blood_inventory"},{"column_type":"int","column_size":"11","column_key":"PRI","column_name":"hospital_id","table_name":"staff_previous_hospital","column_label":"Hospital Id","db":"health4all","column_comment":"","relation_type":"branching_masters","active":true,"branch_on":"blood_inventory"}]}