{"entity_type":"sql_table","folder_name":"app_one/scaffold","file_name":"health4all_helpline_call","extension":".json","table_type":"","app_name":"app_one","db":"health4all","table_name":"helpline_call","ops":[{"op_name":"","params":{}}],"table_columns":[{"column_type":"int","column_size":"11","column_key":"PRI","column_name":"call_id","table_name":"helpline_call","column_label":"Call Id","db":"health4all","column_comment":""},{"column_type":"varchar","column_size":"100","column_key":"","column_name":"callsid","table_name":"helpline_call","column_label":"Callsid","db":"health4all","column_comment":""},{"column_type":"varchar","column_size":"20","column_key":"","column_name":"from_number","table_name":"helpline_call","column_label":"From Number","db":"health4all","column_comment":""},{"column_type":"varchar","column_size":"20","column_key":"","column_name":"to_number","table_name":"helpline_call","column_label":"To Number","db":"health4all","column_comment":""},{"column_type":"varchar","column_size":"20","column_key":"","column_name":"direction","table_name":"helpline_call","column_label":"Direction","db":"health4all","column_comment":""},{"column_type":"time","column_key":"","column_name":"dial_call_duration","table_name":"helpline_call","column_label":"Dial Call Duration","db":"health4all","column_comment":""},{"column_type":"datetime","column_key":"","column_name":"start_time","table_name":"helpline_call","column_label":"Start Time","db":"health4all","column_comment":""},{"column_type":"datetime","column_key":"","column_name":"current_server_time","table_name":"helpline_call","column_label":"Current Server Time","db":"health4all","column_comment":""},{"column_type":"datetime","column_key":"","column_name":"end_time","table_name":"helpline_call","column_label":"End Time","db":"health4all","column_comment":""},{"column_type":"varchar","column_size":"20","column_key":"","column_name":"call_type","table_name":"helpline_call","column_label":"Call Type","db":"health4all","column_comment":""},{"column_type":"varchar","column_size":"100","column_key":"","column_name":"recording_url","table_name":"helpline_call","column_label":"Recording Url","db":"health4all","column_comment":""},{"column_type":"varchar","column_size":"20","column_key":"","column_name":"dial_whom_number","table_name":"helpline_call","column_label":"Dial Whom Number","db":"health4all","column_comment":""},{"column_type":"int","column_size":"11","column_key":"","column_name":"caller_type_id","table_name":"helpline_call","column_label":"Caller Type Id","db":"health4all","column_comment":""},{"column_type":"int","column_size":"11","column_key":"","column_name":"call_category_id","table_name":"helpline_call","column_label":"Call Category Id","db":"health4all","column_comment":""},{"column_type":"int","column_size":"11","column_key":"","column_name":"hospital_id","table_name":"helpline_call","column_label":"Hospital Id","db":"health4all","column_comment":""},{"column_type":"varchar","column_size":"2","column_key":"","column_name":"ip_op","table_name":"helpline_call","column_label":"Ip Op","db":"health4all","column_comment":""},{"column_type":"int","column_size":"11","column_key":"","column_name":"visit_id","table_name":"helpline_call","column_label":"Visit Id","db":"health4all","column_comment":""},{"column_type":"int","column_size":"11","column_key":"","column_name":"resolution_status_id","table_name":"helpline_call","column_label":"Resolution Status Id","db":"health4all","column_comment":""},{"column_type":"text","column_key":"","column_name":"note","table_name":"helpline_call","column_label":"Note","db":"health4all","column_comment":""},{"column_type":"timestamp","column_key":"","column_name":"create_date_time","table_name":"helpline_call","column_label":"Create Date Time","db":"health4all","column_comment":""},{"column_type":"timestamp","column_key":"","column_name":"update_date_time","table_name":"helpline_call","column_label":"Update Date Time","db":"health4all","column_comment":""},{"column_type":"tinyint","column_size":"1","column_key":"","column_name":"updated","table_name":"helpline_call","column_label":"Updated","db":"health4all","column_comment":""},{"column_type":"datetime","column_key":"","column_name":"resolution_date_time","table_name":"helpline_call","column_label":"Resolution Date Time","db":"health4all","column_comment":""},{"column_type":"int","column_size":"11","column_key":"","column_name":"call_group_id","table_name":"helpline_call","column_label":"Call Group Id","db":"health4all","column_comment":""}],"labels":[{"column_type":"varchar","column_size":"100","column_key":"","column_name":"callsid","table_name":"helpline_call","column_label":"Callsid","db":"health4all","column_comment":""},{"column_type":"varchar","column_size":"20","column_key":"","column_name":"from_number","table_name":"helpline_call","column_label":"From Number","db":"health4all","column_comment":""},{"column_type":"varchar","column_size":"20","column_key":"","column_name":"to_number","table_name":"helpline_call","column_label":"To Number","db":"health4all","column_comment":""},{"column_type":"varchar","column_size":"20","column_key":"","column_name":"direction","table_name":"helpline_call","column_label":"Direction","db":"health4all","column_comment":""},{"column_type":"varchar","column_size":"20","column_key":"","column_name":"call_type","table_name":"helpline_call","column_label":"Call Type","db":"health4all","column_comment":""},{"column_type":"varchar","column_size":"100","column_key":"","column_name":"recording_url","table_name":"helpline_call","column_label":"Recording Url","db":"health4all","column_comment":""},{"column_type":"varchar","column_size":"20","column_key":"","column_name":"dial_whom_number","table_name":"helpline_call","column_label":"Dial Whom Number","db":"health4all","column_comment":""},{"column_type":"varchar","column_size":"2","column_key":"","column_name":"ip_op","table_name":"helpline_call","column_label":"Ip Op","db":"health4all","column_comment":""}],"relation":[{"column_type":"int","column_size":"11","column_key":"PRI","column_name":"caller_type_id","table_name":"helpline_caller_type","column_label":"Caller Type Id","db":"health4all","column_comment":"","relation_type":"masters","active":true},{"column_type":"int","column_size":"11","column_key":"PRI","column_name":"call_category_id","table_name":"helpline_call_category","column_label":"Call Category Id","db":"health4all","column_comment":"","relation_type":"masters","active":true},{"column_type":"int","column_size":"3","column_key":"PRI","column_name":"hospital_id","table_name":"hospital","column_label":"Hospital Id","db":"health4all","column_comment":"","relation_type":"masters","active":true},{"column_type":"int","column_size":"11","column_key":"PRI","column_name":"hospital_id","table_name":"staff_previous_hospital","column_label":"Hospital Id","db":"health4all","column_comment":"","relation_type":"masters","active":true},{"column_type":"int","column_size":"7","column_key":"PRI","column_name":"visit_id","table_name":"mlc","column_label":"Visit Id","db":"health4all","column_comment":"","relation_type":"masters","active":true},{"column_type":"int","column_size":"7","column_key":"PRI","column_name":"visit_id","table_name":"patient_visit","column_label":"Visit Id","db":"health4all","column_comment":"","relation_type":"masters","active":true},{"column_type":"int","column_size":"11","column_key":"PRI","column_name":"resolution_status_id","table_name":"helpline_resolution_status","column_label":"Resolution Status Id","db":"health4all","column_comment":"","relation_type":"masters","active":true},{"column_type":"int","column_size":"11","column_key":"PRI","column_name":"call_group_id","table_name":"helpline_call_group","column_label":"Call Group Id","db":"health4all","column_comment":"","relation_type":"masters","active":true},{"column_type":"int","column_size":"11","column_key":"","column_name":"call_id","table_name":"helpline_email","column_label":"Call Id","db":"health4all","column_comment":"","relation_type":"derived","active":true},{"column_type":"int","column_size":"7","column_key":"PRI","column_name":"user_id","table_name":"bb_user","column_label":"User Id","db":"health4all","column_comment":"","relation_type":"branching_masters","active":true,"branch_on":"helpline_email"},{"column_type":"int","column_size":"4","column_key":"PRI","column_name":"user_id","table_name":"user","column_label":"User Id","db":"health4all","column_comment":"","relation_type":"branching_masters","active":true,"branch_on":"helpline_email"},{"column_type":"int","column_size":"6","column_key":"PRI","column_name":"village_town_id","table_name":"village_town","column_label":"Village Town Id","db":"health4all","column_comment":"","relation_type":"branching_masters","active":true,"branch_on":"hospital"},{"column_type":"int","column_size":"3","column_key":"PRI","column_name":"district_id","table_name":"district","column_label":"District Id","db":"health4all","column_comment":"","relation_type":"branching_masters","active":true,"branch_on":"staff_previous_hospital"},{"column_type":"int","column_size":"3","column_key":"PRI","column_name":"hospital_id","table_name":"hospital","column_label":"Hospital Id","db":"health4all","column_comment":"","relation_type":"branching_masters","active":true,"branch_on":"patient_visit"},{"column_type":"int","column_size":"11","column_key":"PRI","column_name":"hospital_id","table_name":"staff_previous_hospital","column_label":"Hospital Id","db":"health4all","column_comment":"","relation_type":"branching_masters","active":true,"branch_on":"patient_visit"},{"column_type":"int","column_size":"11","column_key":"PRI","column_name":"visit_name_id","table_name":"visit_name","column_label":"Visit Name Id","db":"health4all","column_comment":"","relation_type":"branching_masters","active":true,"branch_on":"patient_visit"},{"column_type":"int","column_size":"11","column_key":"PRI","column_name":"patient_id","table_name":"bb_external_patient","column_label":"Patient Id","db":"health4all","column_comment":"","relation_type":"branching_masters","active":true,"branch_on":"patient_visit"},{"column_type":"int","column_size":"7","column_key":"PRI","column_name":"patient_id","table_name":"patient","column_label":"Patient Id","db":"health4all","column_comment":"","relation_type":"branching_masters","active":true,"branch_on":"patient_visit"},{"column_type":"int","column_size":"3","column_key":"PRI","column_name":"department_id","table_name":"department","column_label":"Department Id","db":"health4all","column_comment":"","relation_type":"branching_masters","active":true,"branch_on":"patient_visit"},{"column_type":"int","column_size":"11","column_key":"PRI","column_name":"insurance_id","table_name":"insurance","column_label":"Insurance Id","db":"health4all","column_comment":"","relation_type":"branching_masters","active":true,"branch_on":"patient_visit"}]}