{"entity_type":"sql_table","folder_name":"app_one/scaffold","file_name":"health4all_user_function","extension":".json","table_type":"","app_name":"app_one","db":"health4all","table_name":"user_function","ops":[{"op_name":"","params":{}}],"table_columns":[{"column_type":"int","column_size":"11","column_key":"PRI","column_name":"user_function_id","table_name":"user_function","column_label":"User Function Id","db":"health4all","column_comment":""},{"column_type":"varchar","column_size":"50","column_key":"","column_name":"user_function","table_name":"user_function","column_label":"User Function","db":"health4all","column_comment":""},{"column_type":"varchar","column_size":"100","column_key":"","column_name":"user_function_display","table_name":"user_function","column_label":"User Function Display","db":"health4all","column_comment":""},{"column_type":"text","column_key":"","column_name":"description","table_name":"user_function","column_label":"Description","db":"health4all","column_comment":""}],"labels":[{"column_type":"varchar","column_size":"50","column_key":"","column_name":"user_function","table_name":"user_function","column_label":"User Function","db":"health4all","column_comment":""},{"column_type":"varchar","column_size":"100","column_key":"","column_name":"user_function_display","table_name":"user_function","column_label":"User Function Display","db":"health4all","column_comment":""}],"relation":[]}