{"entity_type":"sql_table","folder_name":"app_one/scaffold","file_name":"health4all_service_record","extension":".json","table_type":"","app_name":"app_one","db":"health4all","table_name":"service_record","ops":[{"op_name":"","params":{}}],"table_columns":[{"column_type":"int","column_size":"4","column_key":"PRI","column_name":"request_id","table_name":"service_record","column_label":"Request Id","db":"health4all","column_comment":""},{"column_type":"int","column_size":"6","column_key":"","column_name":"equipment_id","table_name":"service_record","column_label":"Equipment Id","db":"health4all","column_comment":""},{"column_type":"int","column_size":"4","column_key":"","column_name":"user_id","table_name":"service_record","column_label":"User Id","db":"health4all","column_comment":""},{"column_type":"date","column_key":"","column_name":"call_date","table_name":"service_record","column_label":"Call Date","db":"health4all","column_comment":""},{"column_type":"time","column_key":"","column_name":"call_time","table_name":"service_record","column_label":"Call Time","db":"health4all","column_comment":""},{"column_type":"varchar","column_size":"50","column_key":"","column_name":"call_information_type","table_name":"service_record","column_label":"Call Information Type","db":"health4all","column_comment":""},{"column_type":"varchar","column_size":"500","column_key":"","column_name":"call_information","table_name":"service_record","column_label":"Call Information","db":"health4all","column_comment":""},{"column_type":"int","column_size":"10","column_key":"","column_name":"vendor_id","table_name":"service_record","column_label":"Vendor Id","db":"health4all","column_comment":""},{"column_type":"varchar","column_size":"50","column_key":"","column_name":"contact_person_id","table_name":"service_record","column_label":"Contact Person Id","db":"health4all","column_comment":""},{"column_type":"varchar","column_size":"50","column_key":"","column_name":"service_provider","table_name":"service_record","column_label":"Service Provider","db":"health4all","column_comment":""},{"column_type":"varchar","column_size":"50","column_key":"","column_name":"service_person","table_name":"service_record","column_label":"Service Person","db":"health4all","column_comment":""},{"column_type":"varchar","column_size":"500","column_key":"","column_name":"service_person_remarks","table_name":"service_record","column_label":"Service Person Remarks","db":"health4all","column_comment":""},{"column_type":"date","column_key":"","column_name":"service_date","table_name":"service_record","column_label":"Service Date","db":"health4all","column_comment":""},{"column_type":"time","column_key":"","column_name":"service_time","table_name":"service_record","column_label":"Service Time","db":"health4all","column_comment":""},{"column_type":"varchar","column_size":"17","column_key":"","column_name":"problem_status","table_name":"service_record","column_label":"Problem Status","db":"health4all","column_comment":""},{"column_type":"tinyint","column_size":"1","column_key":"","column_name":"working_status","table_name":"service_record","column_label":"Working Status","db":"health4all","column_comment":""}],"labels":[{"column_type":"varchar","column_size":"50","column_key":"","column_name":"call_information_type","table_name":"service_record","column_label":"Call Information Type","db":"health4all","column_comment":""},{"column_type":"varchar","column_size":"500","column_key":"","column_name":"call_information","table_name":"service_record","column_label":"Call Information","db":"health4all","column_comment":""},{"column_type":"varchar","column_size":"50","column_key":"","column_name":"contact_person_id","table_name":"service_record","column_label":"Contact Person Id","db":"health4all","column_comment":""},{"column_type":"varchar","column_size":"50","column_key":"","column_name":"service_provider","table_name":"service_record","column_label":"Service Provider","db":"health4all","column_comment":""},{"column_type":"varchar","column_size":"50","column_key":"","column_name":"service_person","table_name":"service_record","column_label":"Service Person","db":"health4all","column_comment":""},{"column_type":"varchar","column_size":"500","column_key":"","column_name":"service_person_remarks","table_name":"service_record","column_label":"Service Person Remarks","db":"health4all","column_comment":""},{"column_type":"varchar","column_size":"17","column_key":"","column_name":"problem_status","table_name":"service_record","column_label":"Problem Status","db":"health4all","column_comment":""}],"relation":[{"column_type":"int","column_size":"6","column_key":"PRI","column_name":"equipment_id","table_name":"equipment","column_label":"Equipment Id","db":"health4all","column_comment":"","relation_type":"masters","active":true},{"column_type":"int","column_size":"7","column_key":"PRI","column_name":"user_id","table_name":"bb_user","column_label":"User Id","db":"health4all","column_comment":"","relation_type":"masters","active":true},{"column_type":"int","column_size":"4","column_key":"PRI","column_name":"user_id","table_name":"user","column_label":"User Id","db":"health4all","column_comment":"","relation_type":"masters","active":true},{"column_type":"int","column_size":"11","column_key":"PRI","column_name":"vendor_id","table_name":"vendor","column_label":"Vendor Id","db":"health4all","column_comment":"","relation_type":"masters","active":true},{"column_type":"int","column_size":"7","column_key":"","column_name":"request_id","table_name":"blood_issue","column_label":"Request Id","db":"health4all","column_comment":"","relation_type":"derived","active":true},{"column_type":"int","column_size":"7","column_key":"PRI","column_name":"request_id","table_name":"blood_request","column_label":"Request Id","db":"health4all","column_comment":"","relation_type":"derived","active":true},{"column_type":"int","column_size":"7","column_key":"PRI","column_name":"request_id","table_name":"blood_request","column_label":"Request Id","db":"health4all","column_comment":"","relation_type":"branching_masters","active":true,"branch_on":"blood_issue"},{"column_type":"int","column_size":"3","column_key":"PRI","column_name":"hospital_id","table_name":"hospital","column_label":"Hospital Id","db":"health4all","column_comment":"","relation_type":"branching_masters","active":true,"branch_on":"blood_issue"},{"column_type":"int","column_size":"11","column_key":"PRI","column_name":"hospital_id","table_name":"staff_previous_hospital","column_label":"Hospital Id","db":"health4all","column_comment":"","relation_type":"branching_masters","active":true,"branch_on":"blood_issue"},{"column_type":"int","column_size":"4","column_key":"PRI","column_name":"staff_id","table_name":"staff","column_label":"Staff Id","db":"health4all","column_comment":"","relation_type":"branching_masters","active":true,"branch_on":"blood_request"},{"column_type":"int","column_size":"11","column_key":"PRI","column_name":"patient_id","table_name":"bb_external_patient","column_label":"Patient Id","db":"health4all","column_comment":"","relation_type":"branching_masters","active":true,"branch_on":"blood_request"},{"column_type":"int","column_size":"7","column_key":"PRI","column_name":"patient_id","table_name":"patient","column_label":"Patient Id","db":"health4all","column_comment":"","relation_type":"branching_masters","active":true,"branch_on":"blood_request"},{"column_type":"int","column_size":"7","column_key":"PRI","column_name":"visit_id","table_name":"mlc","column_label":"Visit Id","db":"health4all","column_comment":"","relation_type":"branching_masters","active":true,"branch_on":"blood_request"},{"column_type":"int","column_size":"7","column_key":"PRI","column_name":"visit_id","table_name":"patient_visit","column_label":"Visit Id","db":"health4all","column_comment":"","relation_type":"branching_masters","active":true,"branch_on":"blood_request"},{"column_type":"int","column_size":"3","column_key":"PRI","column_name":"hospital_id","table_name":"hospital","column_label":"Hospital Id","db":"health4all","column_comment":"","relation_type":"branching_masters","active":true,"branch_on":"blood_request"},{"column_type":"int","column_size":"11","column_key":"PRI","column_name":"hospital_id","table_name":"staff_previous_hospital","column_label":"Hospital Id","db":"health4all","column_comment":"","relation_type":"branching_masters","active":true,"branch_on":"blood_request"},{"column_type":"int","column_size":"4","column_key":"PRI","column_name":"staff_id","table_name":"staff","column_label":"Staff Id","db":"health4all","column_comment":"","relation_type":"branching_masters","active":true,"branch_on":"user"},{"column_type":"int","column_size":"11","column_key":"PRI","column_name":"vendor_type_id","table_name":"vendor_type","column_label":"Vendor Type Id","db":"health4all","column_comment":"","relation_type":"branching_masters","active":true,"branch_on":"vendor"},{"column_type":"int","column_size":"11","column_key":"PRI","column_name":"contact_person_id","table_name":"contact_person","column_label":"Contact Person Id","db":"health4all","column_comment":"","relation_type":"branching_masters","active":true,"branch_on":"vendor"}]}