{"entity_type":"sql_table","folder_name":"app_one/scaffold","file_name":"health4all_antibiotic","extension":".json","table_type":"","app_name":"app_one","db":"health4all","table_name":"antibiotic","ops":[{"op_name":"","params":{}}],"table_columns":[{"column_type":"int","column_size":"6","column_key":"PRI","column_name":"antibiotic_id","table_name":"antibiotic","column_label":"Antibiotic Id","db":"health4all","column_comment":""},{"column_type":"varchar","column_size":"50","column_key":"","column_name":"antibiotic","table_name":"antibiotic","column_label":"Antibiotic","db":"health4all","column_comment":""},{"column_type":"int","column_size":"11","column_key":"","column_name":"hospital_id","table_name":"antibiotic","column_label":"Hospital Id","db":"health4all","column_comment":""},{"column_type":"int","column_size":"11","column_key":"","column_name":"temp_antibiotic_id","table_name":"antibiotic","column_label":"Temp Antibiotic Id","db":"health4all","column_comment":""}],"labels":[{"column_type":"varchar","column_size":"50","column_key":"","column_name":"antibiotic","table_name":"antibiotic","column_label":"Antibiotic","db":"health4all","column_comment":""}],"relation":[{"column_type":"int","column_size":"3","column_key":"PRI","column_name":"hospital_id","table_name":"hospital","column_label":"Hospital Id","db":"health4all","column_comment":"","relation_type":"masters","active":true},{"column_type":"int","column_size":"11","column_key":"PRI","column_name":"hospital_id","table_name":"staff_previous_hospital","column_label":"Hospital Id","db":"health4all","column_comment":"","relation_type":"masters","active":true},{"column_type":"int","column_size":"6","column_key":"MUL","column_name":"antibiotic_id","table_name":"antibiotic_test","column_label":"Antibiotic Id","db":"health4all","column_comment":"","relation_type":"derived","active":true},{"column_type":"int","column_size":"6","column_key":"PRI","column_name":"micro_organism_test_id","table_name":"micro_organism_test","column_label":"Micro Organism Test Id","db":"health4all","column_comment":"","relation_type":"branching_masters","active":true,"branch_on":"antibiotic_test"},{"column_type":"int","column_size":"3","column_key":"PRI","column_name":"district_id","table_name":"district","column_label":"District Id","db":"health4all","column_comment":"","relation_type":"branching_masters","active":true,"branch_on":"staff_previous_hospital"}]}