{"entity_type":"sql_table","folder_name":"app_one/scaffold","file_name":"health4all_equipment","extension":".json","table_type":"","app_name":"app_one","db":"health4all","table_name":"equipment","ops":[{"op_name":"","params":{}}],"table_columns":[{"column_type":"int","column_size":"6","column_key":"PRI","column_name":"equipment_id","table_name":"equipment","column_label":"Equipment Id","db":"health4all","column_comment":""},{"column_type":"int","column_size":"3","column_key":"","column_name":"equipment_type_id","table_name":"equipment","column_label":"Equipment Type Id","db":"health4all","column_comment":""},{"column_type":"varchar","column_size":"100","column_key":"","column_name":"make","table_name":"equipment","column_label":"Make","db":"health4all","column_comment":""},{"column_type":"varchar","column_size":"20","column_key":"","column_name":"model","table_name":"equipment","column_label":"Model","db":"health4all","column_comment":""},{"column_type":"varchar","column_size":"100","column_key":"","column_name":"serial_number","table_name":"equipment","column_label":"Serial Number","db":"health4all","column_comment":""},{"column_type":"varchar","column_size":"100","column_key":"","column_name":"asset_number","table_name":"equipment","column_label":"Asset Number","db":"health4all","column_comment":""},{"column_type":"varchar","column_size":"100","column_key":"","column_name":"procured_by","table_name":"equipment","column_label":"Procured By","db":"health4all","column_comment":""},{"column_type":"int","column_size":"9","column_key":"","column_name":"cost","table_name":"equipment","column_label":"Cost","db":"health4all","column_comment":""},{"column_type":"varchar","column_size":"100","column_key":"","column_name":"supplier","table_name":"equipment","column_label":"Supplier","db":"health4all","column_comment":""},{"column_type":"int","column_size":"6","column_key":"","column_name":"vendor_id","table_name":"equipment","column_label":"Vendor Id","db":"health4all","column_comment":""},{"column_type":"date","column_key":"","column_name":"supply_date","table_name":"equipment","column_label":"Supply Date","db":"health4all","column_comment":""},{"column_type":"date","column_key":"","column_name":"warranty_start_date","table_name":"equipment","column_label":"Warranty Start Date","db":"health4all","column_comment":""},{"column_type":"date","column_key":"","column_name":"warranty_end_date","table_name":"equipment","column_label":"Warranty End Date","db":"health4all","column_comment":""},{"column_type":"varchar","column_size":"50","column_key":"","column_name":"service_engineer","table_name":"equipment","column_label":"Service Engineer","db":"health4all","column_comment":""},{"column_type":"varchar","column_size":"30","column_key":"","column_name":"service_engineer_contact","table_name":"equipment","column_label":"Service Engineer Contact","db":"health4all","column_comment":""},{"column_type":"int","column_size":"6","column_key":"","column_name":"service_person_id","table_name":"equipment","column_label":"Service Person Id","db":"health4all","column_comment":"Contact person id"},{"column_type":"int","column_size":"3","column_key":"","column_name":"hospital_id","table_name":"equipment","column_label":"Hospital Id","db":"health4all","column_comment":""},{"column_type":"int","column_size":"2","column_key":"","column_name":"department_id","table_name":"equipment","column_label":"Department Id","db":"health4all","column_comment":""},{"column_type":"int","column_size":"6","column_key":"","column_name":"area_id","table_name":"equipment","column_label":"Area Id","db":"health4all","column_comment":""},{"column_type":"int","column_size":"6","column_key":"","column_name":"unit_id","table_name":"equipment","column_label":"Unit Id","db":"health4all","column_comment":""},{"column_type":"int","column_size":"4","column_key":"","column_name":"staff_id","table_name":"equipment","column_label":"Staff Id","db":"health4all","column_comment":""},{"column_type":"tinyint","column_size":"1","column_key":"","column_name":"equipment_status","table_name":"equipment","column_label":"Equipment Status","db":"health4all","column_comment":""}],"labels":[{"column_type":"varchar","column_size":"100","column_key":"","column_name":"make","table_name":"equipment","column_label":"Make","db":"health4all","column_comment":""},{"column_type":"varchar","column_size":"20","column_key":"","column_name":"model","table_name":"equipment","column_label":"Model","db":"health4all","column_comment":""},{"column_type":"varchar","column_size":"100","column_key":"","column_name":"serial_number","table_name":"equipment","column_label":"Serial Number","db":"health4all","column_comment":""},{"column_type":"varchar","column_size":"100","column_key":"","column_name":"asset_number","table_name":"equipment","column_label":"Asset Number","db":"health4all","column_comment":""},{"column_type":"varchar","column_size":"100","column_key":"","column_name":"procured_by","table_name":"equipment","column_label":"Procured By","db":"health4all","column_comment":""},{"column_type":"varchar","column_size":"100","column_key":"","column_name":"supplier","table_name":"equipment","column_label":"Supplier","db":"health4all","column_comment":""},{"column_type":"varchar","column_size":"50","column_key":"","column_name":"service_engineer","table_name":"equipment","column_label":"Service Engineer","db":"health4all","column_comment":""},{"column_type":"varchar","column_size":"30","column_key":"","column_name":"service_engineer_contact","table_name":"equipment","column_label":"Service Engineer Contact","db":"health4all","column_comment":""}],"relation":[{"column_type":"int","column_size":"3","column_key":"PRI","column_name":"equipment_type_id","table_name":"equipment_type","column_label":"Equipment Type Id","db":"health4all","column_comment":"","relation_type":"masters","active":true},{"column_type":"int","column_size":"11","column_key":"PRI","column_name":"vendor_id","table_name":"vendor","column_label":"Vendor Id","db":"health4all","column_comment":"","relation_type":"masters","active":true},{"column_type":"int","column_size":"3","column_key":"PRI","column_name":"hospital_id","table_name":"hospital","column_label":"Hospital Id","db":"health4all","column_comment":"","relation_type":"masters","active":true},{"column_type":"int","column_size":"11","column_key":"PRI","column_name":"hospital_id","table_name":"staff_previous_hospital","column_label":"Hospital Id","db":"health4all","column_comment":"","relation_type":"masters","active":true},{"column_type":"int","column_size":"3","column_key":"PRI","column_name":"department_id","table_name":"department","column_label":"Department Id","db":"health4all","column_comment":"","relation_type":"masters","active":true},{"column_type":"int","column_size":"4","column_key":"PRI","column_name":"area_id","table_name":"area","column_label":"Area Id","db":"health4all","column_comment":"","relation_type":"masters","active":true},{"column_type":"int","column_size":"4","column_key":"PRI","column_name":"unit_id","table_name":"unit","column_label":"Unit Id","db":"health4all","column_comment":"","relation_type":"masters","active":true},{"column_type":"int","column_size":"4","column_key":"PRI","column_name":"staff_id","table_name":"staff","column_label":"Staff Id","db":"health4all","column_comment":"","relation_type":"masters","active":true},{"column_type":"int","column_size":"6","column_key":"","column_name":"equipment_id","table_name":"equipment_maintenance_contract","column_label":"Equipment Id","db":"health4all","column_comment":"","relation_type":"derived","active":true},{"column_type":"int","column_size":"6","column_key":"","column_name":"equipment_id","table_name":"service_record","column_label":"Equipment Id","db":"health4all","column_comment":"","relation_type":"derived","active":true},{"column_type":"int","column_size":"11","column_key":"PRI","column_name":"vendor_id","table_name":"vendor","column_label":"Vendor Id","db":"health4all","column_comment":"","relation_type":"branching_masters","active":true,"branch_on":"equipment_maintenance_contract"},{"column_type":"int","column_size":"7","column_key":"PRI","column_name":"user_id","table_name":"bb_user","column_label":"User Id","db":"health4all","column_comment":"","relation_type":"branching_masters","active":true,"branch_on":"service_record"},{"column_type":"int","column_size":"4","column_key":"PRI","column_name":"user_id","table_name":"user","column_label":"User Id","db":"health4all","column_comment":"","relation_type":"branching_masters","active":true,"branch_on":"service_record"},{"column_type":"int","column_size":"11","column_key":"PRI","column_name":"vendor_id","table_name":"vendor","column_label":"Vendor Id","db":"health4all","column_comment":"","relation_type":"branching_masters","active":true,"branch_on":"service_record"},{"column_type":"int","column_size":"11","column_key":"PRI","column_name":"contact_person_id","table_name":"contact_person","column_label":"Contact Person Id","db":"health4all","column_comment":"","relation_type":"branching_masters","active":true,"branch_on":"service_record"},{"column_type":"int","column_size":"6","column_key":"PRI","column_name":"village_town_id","table_name":"village_town","column_label":"Village Town Id","db":"health4all","column_comment":"","relation_type":"branching_masters","active":true,"branch_on":"hospital"},{"column_type":"int","column_size":"3","column_key":"PRI","column_name":"district_id","table_name":"district","column_label":"District Id","db":"health4all","column_comment":"","relation_type":"branching_masters","active":true,"branch_on":"staff_previous_hospital"},{"column_type":"int","column_size":"3","column_key":"PRI","column_name":"hospital_id","table_name":"hospital","column_label":"Hospital Id","db":"health4all","column_comment":"","relation_type":"branching_masters","active":true,"branch_on":"department"},{"column_type":"int","column_size":"11","column_key":"PRI","column_name":"hospital_id","table_name":"staff_previous_hospital","column_label":"Hospital Id","db":"health4all","column_comment":"","relation_type":"branching_masters","active":true,"branch_on":"department"},{"column_type":"int","column_size":"3","column_key":"PRI","column_name":"department_id","table_name":"department","column_label":"Department Id","db":"health4all","column_comment":"","relation_type":"branching_masters","active":true,"branch_on":"area"},{"column_type":"int","column_size":"2","column_key":"PRI","column_name":"area_type_id","table_name":"area_types","column_label":"Area Type Id","db":"health4all","column_comment":"","relation_type":"branching_masters","active":true,"branch_on":"area"},{"column_type":"int","column_size":"3","column_key":"PRI","column_name":"department_id","table_name":"department","column_label":"Department Id","db":"health4all","column_comment":"","relation_type":"branching_masters","active":true,"branch_on":"unit"},{"column_type":"int","column_size":"3","column_key":"PRI","column_name":"hospital_id","table_name":"hospital","column_label":"Hospital Id","db":"health4all","column_comment":"","relation_type":"branching_masters","active":true,"branch_on":"staff"},{"column_type":"int","column_size":"11","column_key":"PRI","column_name":"hospital_id","table_name":"staff_previous_hospital","column_label":"Hospital Id","db":"health4all","column_comment":"","relation_type":"branching_masters","active":true,"branch_on":"staff"},{"column_type":"int","column_size":"3","column_key":"PRI","column_name":"department_id","table_name":"department","column_label":"Department Id","db":"health4all","column_comment":"","relation_type":"branching_masters","active":true,"branch_on":"staff"},{"column_type":"int","column_size":"4","column_key":"PRI","column_name":"unit_id","table_name":"unit","column_label":"Unit Id","db":"health4all","column_comment":"","relation_type":"branching_masters","active":true,"branch_on":"staff"},{"column_type":"int","column_size":"4","column_key":"PRI","column_name":"area_id","table_name":"area","column_label":"Area Id","db":"health4all","column_comment":"","relation_type":"branching_masters","active":true,"branch_on":"staff"},{"column_type":"int","column_size":"11","column_key":"PRI","column_name":"staff_category_id","table_name":"staff_category","column_label":"Staff Category Id","db":"health4all","column_comment":"","relation_type":"branching_masters","active":true,"branch_on":"staff"},{"column_type":"int","column_size":"6","column_key":"PRI","column_name":"staff_role_id","table_name":"staff_role","column_label":"Staff Role Id","db":"health4all","column_comment":"","relation_type":"branching_masters","active":true,"branch_on":"staff"},{"column_type":"int","column_size":"6","column_key":"PRI","column_name":"qualification_id","table_name":"qualification","column_label":"Qualification Id","db":"health4all","column_comment":"","relation_type":"branching_masters","active":true,"branch_on":"staff"},{"column_type":"int","column_size":"11","column_key":"PRI","column_name":"qualification_id","table_name":"staff_applicant_qualification_master","column_label":"Qualification Id","db":"health4all","column_comment":"","relation_type":"branching_masters","active":true,"branch_on":"staff"}]}