{"entity_type":"sql_table","folder_name":"app_one/scaffold","file_name":"health4all_swap_request","extension":".json","table_type":"link_table","app_name":"app_one","db":"health4all","table_name":"swap_request","ops":[{"op_name":"","params":{}}],"table_columns":[{"column_type":"int","column_size":"11","column_key":"PRI","column_name":"swap_id","table_name":"swap_request","column_label":"Swap Id","db":"health4all","column_comment":""},{"column_type":"int","column_size":"11","column_key":"MUL","column_name":"roaster_id_requested","table_name":"swap_request","column_label":"Roaster Id Requested","db":"health4all","column_comment":""},{"column_type":"int","column_size":"11","column_key":"MUL","column_name":"shift_id_requested","table_name":"swap_request","column_label":"Shift Id Requested","db":"health4all","column_comment":""},{"column_type":"timestamp","column_key":"","column_name":"request_timestamp","table_name":"swap_request","column_label":"Request Timestamp","db":"health4all","column_comment":""},{"column_type":"int","column_size":"1","column_key":"","column_name":"swap_status","table_name":"swap_request","column_label":"Swap Status","db":"health4all","column_comment":""},{"column_type":"int","column_size":"11","column_key":"MUL","column_name":"roaster_id_accepted","table_name":"swap_request","column_label":"Roaster Id Accepted","db":"health4all","column_comment":""}],"labels":[],"relation":[{"column_type":"int","column_size":"11","column_key":"MUL","column_name":"swap_id","table_name":"swap_request_sent","column_label":"Swap Id","db":"health4all","column_comment":"","relation_type":"derived","active":true}]}