{"entity_type":"sql_table","folder_name":"app_one/scaffold","file_name":"health4all_print_layout","extension":".json","table_type":"","app_name":"app_one","db":"health4all","table_name":"print_layout","ops":[{"op_name":"","params":{}}],"table_columns":[{"column_type":"int","column_size":"6","column_key":"PRI","column_name":"print_layout_id","table_name":"print_layout","column_label":"Print Layout Id","db":"health4all","column_comment":""},{"column_type":"varchar","column_size":"100","column_key":"","column_name":"print_layout_name","table_name":"print_layout","column_label":"Print Layout Name","db":"health4all","column_comment":""},{"column_type":"varchar","column_size":"100","column_key":"","column_name":"print_layout_page","table_name":"print_layout","column_label":"Print Layout Page","db":"health4all","column_comment":""}],"labels":[{"column_type":"varchar","column_size":"100","column_key":"","column_name":"print_layout_name","table_name":"print_layout","column_label":"Print Layout Name","db":"health4all","column_comment":""},{"column_type":"varchar","column_size":"100","column_key":"","column_name":"print_layout_page","table_name":"print_layout","column_label":"Print Layout Page","db":"health4all","column_comment":""}],"relation":[{"column_type":"int","column_size":"6","column_key":"","column_name":"print_layout_id","table_name":"form","column_label":"Print Layout Id","db":"health4all","column_comment":"","relation_type":"derived","active":true},{"column_type":"int","column_size":"3","column_key":"PRI","column_name":"hospital_id","table_name":"hospital","column_label":"Hospital Id","db":"health4all","column_comment":"","relation_type":"branching_masters","active":true,"branch_on":"form"},{"column_type":"int","column_size":"11","column_key":"PRI","column_name":"hospital_id","table_name":"staff_previous_hospital","column_label":"Hospital Id","db":"health4all","column_comment":"","relation_type":"branching_masters","active":true,"branch_on":"form"}]}