{"entity_type":"sql_table","folder_name":"app_one/scaffold","file_name":"health4all_specimen_type","extension":".json","table_type":"","app_name":"app_one","db":"health4all","table_name":"specimen_type","ops":[{"op_name":"","params":{}}],"table_columns":[{"column_type":"int","column_size":"6","column_key":"PRI","column_name":"specimen_type_id","table_name":"specimen_type","column_label":"Specimen Type Id","db":"health4all","column_comment":""},{"column_type":"varchar","column_size":"100","column_key":"","column_name":"specimen_type","table_name":"specimen_type","column_label":"Specimen Type","db":"health4all","column_comment":"Eg. Sputum, Urine, CSF, etc."},{"column_type":"int","column_size":"11","column_key":"","column_name":"hospital_id","table_name":"specimen_type","column_label":"Hospital Id","db":"health4all","column_comment":""},{"column_type":"int","column_size":"11","column_key":"","column_name":"temp_specimen_type_id","table_name":"specimen_type","column_label":"Temp Specimen Type Id","db":"health4all","column_comment":""}],"labels":[{"column_type":"varchar","column_size":"100","column_key":"","column_name":"specimen_type","table_name":"specimen_type","column_label":"Specimen Type","db":"health4all","column_comment":"Eg. Sputum, Urine, CSF, etc."}],"relation":[{"column_type":"int","column_size":"3","column_key":"PRI","column_name":"hospital_id","table_name":"hospital","column_label":"Hospital Id","db":"health4all","column_comment":"","relation_type":"masters","active":true},{"column_type":"int","column_size":"11","column_key":"PRI","column_name":"hospital_id","table_name":"staff_previous_hospital","column_label":"Hospital Id","db":"health4all","column_comment":"","relation_type":"masters","active":true},{"column_type":"int","column_size":"6","column_key":"","column_name":"specimen_type_id","table_name":"test_sample","column_label":"Specimen Type Id","db":"health4all","column_comment":"","relation_type":"derived","active":true},{"column_type":"int","column_size":"6","column_key":"PRI","column_name":"order_id","table_name":"test_order","column_label":"Order Id","db":"health4all","column_comment":"","relation_type":"branching_masters","active":true,"branch_on":"test_sample"},{"column_type":"int","column_size":"6","column_key":"PRI","column_name":"sample_status_id","table_name":"sample_status","column_label":"Sample Status Id","db":"health4all","column_comment":"","relation_type":"branching_masters","active":true,"branch_on":"test_sample"},{"column_type":"int","column_size":"3","column_key":"PRI","column_name":"district_id","table_name":"district","column_label":"District Id","db":"health4all","column_comment":"","relation_type":"branching_masters","active":true,"branch_on":"staff_previous_hospital"}]}