{"entity_type":"sql_table","folder_name":"app_one/scaffold","file_name":"health4all_drug_available","extension":".json","table_type":"link_table","app_name":"app_one","db":"health4all","table_name":"drug_available","ops":[{"op_name":"","params":{}}],"table_columns":[{"column_type":"int","column_size":"11","column_key":"PRI","column_name":"drug_avl_id","table_name":"drug_available","column_label":"Drug Avl Id","db":"health4all","column_comment":""},{"column_type":"int","column_size":"11","column_key":"","column_name":"generic_item_id","table_name":"drug_available","column_label":"Generic Item Id","db":"health4all","column_comment":""},{"column_type":"int","column_size":"11","column_key":"","column_name":"hospital_id","table_name":"drug_available","column_label":"Hospital Id","db":"health4all","column_comment":""}],"labels":[],"relation":[{"column_type":"int","column_size":"11","column_key":"PRI","column_name":"generic_item_id","table_name":"generic_item","column_label":"Generic Item Id","db":"health4all","column_comment":"","relation_type":"masters","active":true},{"column_type":"int","column_size":"3","column_key":"PRI","column_name":"hospital_id","table_name":"hospital","column_label":"Hospital Id","db":"health4all","column_comment":"","relation_type":"masters","active":true},{"column_type":"int","column_size":"11","column_key":"PRI","column_name":"hospital_id","table_name":"staff_previous_hospital","column_label":"Hospital Id","db":"health4all","column_comment":"","relation_type":"masters","active":true},{"column_type":"int","column_size":"20","column_key":"PRI","column_name":"drug_type_id","table_name":"drug_type","column_label":"Drug Type Id","db":"health4all","column_comment":"","relation_type":"branching_masters","active":true,"branch_on":"generic_item"},{"column_type":"int","column_size":"11","column_key":"PRI","column_name":"item_type_id","table_name":"item_type","column_label":"Item Type Id","db":"health4all","column_comment":"","relation_type":"branching_masters","active":true,"branch_on":"generic_item"},{"column_type":"int","column_size":"11","column_key":"PRI","column_name":"form_id","table_name":"form","column_label":"Form Id","db":"health4all","column_comment":"","relation_type":"branching_masters","active":true,"branch_on":"generic_item"},{"column_type":"int","column_size":"6","column_key":"PRI","column_name":"village_town_id","table_name":"village_town","column_label":"Village Town Id","db":"health4all","column_comment":"","relation_type":"branching_masters","active":true,"branch_on":"hospital"},{"column_type":"int","column_size":"3","column_key":"PRI","column_name":"district_id","table_name":"district","column_label":"District Id","db":"health4all","column_comment":"","relation_type":"branching_masters","active":true,"branch_on":"staff_previous_hospital"}]}