{"entity_type":"sql_table","folder_name":"app_one/scaffold","file_name":"health4all_bb_donation","extension":".json","table_type":"","app_name":"app_one","db":"health4all","table_name":"bb_donation","ops":[{"op_name":"","params":{}}],"table_columns":[{"column_type":"int","column_size":"7","column_key":"PRI","column_name":"donation_id","table_name":"bb_donation","column_label":"Donation Id","db":"health4all","column_comment":""},{"column_type":"int","column_size":"7","column_key":"","column_name":"donor_id","table_name":"bb_donation","column_label":"Donor Id","db":"health4all","column_comment":""},{"column_type":"int","column_size":"7","column_key":"","column_name":"replacement_patient_id","table_name":"bb_donation","column_label":"Replacement Patient Id","db":"health4all","column_comment":""},{"column_type":"varchar","column_size":"10","column_key":"","column_name":"weight","table_name":"bb_donation","column_label":"Weight","db":"health4all","column_comment":""},{"column_type":"int","column_size":"4","column_key":"","column_name":"pulse","table_name":"bb_donation","column_label":"Pulse","db":"health4all","column_comment":""},{"column_type":"varchar","column_size":"10","column_key":"","column_name":"hb","table_name":"bb_donation","column_label":"Hb","db":"health4all","column_comment":""},{"column_type":"varchar","column_size":"10","column_key":"","column_name":"sbp","table_name":"bb_donation","column_label":"Sbp","db":"health4all","column_comment":""},{"column_type":"varchar","column_size":"10","column_key":"","column_name":"dbp","table_name":"bb_donation","column_label":"Dbp","db":"health4all","column_comment":""},{"column_type":"varchar","column_size":"10","column_key":"","column_name":"temperature","table_name":"bb_donation","column_label":"Temperature","db":"health4all","column_comment":""},{"column_type":"varchar","column_size":"10","column_key":"","column_name":"blood_unit_num","table_name":"bb_donation","column_label":"Blood Unit Num","db":"health4all","column_comment":""},{"column_type":"varchar","column_size":"20","column_key":"","column_name":"segment_num","table_name":"bb_donation","column_label":"Segment Num","db":"health4all","column_comment":""},{"column_type":"varchar","column_size":"20","column_key":"","column_name":"bag_type","table_name":"bb_donation","column_label":"Bag Type","db":"health4all","column_comment":""},{"column_type":"int","column_size":"5","column_key":"","column_name":"collected_by","table_name":"bb_donation","column_label":"Collected By","db":"health4all","column_comment":""},{"column_type":"date","column_key":"","column_name":"donation_date","table_name":"bb_donation","column_label":"Donation Date","db":"health4all","column_comment":""},{"column_type":"varchar","column_size":"100","column_key":"","column_name":"status","table_name":"bb_donation","column_label":"Status","db":"health4all","column_comment":""},{"column_type":"int","column_size":"11","column_key":"","column_name":"status_id","table_name":"bb_donation","column_label":"Status Id","db":"health4all","column_comment":""},{"column_type":"int","column_size":"11","column_key":"","column_name":"camp_id","table_name":"bb_donation","column_label":"Camp Id","db":"health4all","column_comment":""},{"column_type":"int","column_size":"11","column_key":"","column_name":"hospital_id","table_name":"bb_donation","column_label":"Hospital Id","db":"health4all","column_comment":""},{"column_type":"tinyint","column_size":"1","column_key":"","column_name":"screening_result","table_name":"bb_donation","column_label":"Screening Result","db":"health4all","column_comment":""},{"column_type":"time","column_key":"","column_name":"donation_time","table_name":"bb_donation","column_label":"Donation Time","db":"health4all","column_comment":""}],"labels":[{"column_type":"varchar","column_size":"10","column_key":"","column_name":"weight","table_name":"bb_donation","column_label":"Weight","db":"health4all","column_comment":""},{"column_type":"varchar","column_size":"10","column_key":"","column_name":"hb","table_name":"bb_donation","column_label":"Hb","db":"health4all","column_comment":""},{"column_type":"varchar","column_size":"10","column_key":"","column_name":"sbp","table_name":"bb_donation","column_label":"Sbp","db":"health4all","column_comment":""},{"column_type":"varchar","column_size":"10","column_key":"","column_name":"dbp","table_name":"bb_donation","column_label":"Dbp","db":"health4all","column_comment":""},{"column_type":"varchar","column_size":"10","column_key":"","column_name":"temperature","table_name":"bb_donation","column_label":"Temperature","db":"health4all","column_comment":""},{"column_type":"varchar","column_size":"10","column_key":"","column_name":"blood_unit_num","table_name":"bb_donation","column_label":"Blood Unit Num","db":"health4all","column_comment":""},{"column_type":"varchar","column_size":"20","column_key":"","column_name":"segment_num","table_name":"bb_donation","column_label":"Segment Num","db":"health4all","column_comment":""},{"column_type":"varchar","column_size":"20","column_key":"","column_name":"bag_type","table_name":"bb_donation","column_label":"Bag Type","db":"health4all","column_comment":""},{"column_type":"varchar","column_size":"100","column_key":"","column_name":"status","table_name":"bb_donation","column_label":"Status","db":"health4all","column_comment":""}],"relation":[{"column_type":"int","column_size":"7","column_key":"PRI","column_name":"donor_id","table_name":"blood_donor","column_label":"Donor Id","db":"health4all","column_comment":"","relation_type":"masters","active":true},{"column_type":"int","column_size":"7","column_key":"PRI","column_name":"replacement_patient_id","table_name":"bb_replacement_patient","column_label":"Replacement Patient Id","db":"health4all","column_comment":"","relation_type":"masters","active":true},{"column_type":"int","column_size":"11","column_key":"PRI","column_name":"status_id","table_name":"bb_status","column_label":"Status Id","db":"health4all","column_comment":"","relation_type":"masters","active":true},{"column_type":"int","column_size":"11","column_key":"PRI","column_name":"camp_id","table_name":"blood_donation_camp","column_label":"Camp Id","db":"health4all","column_comment":"","relation_type":"masters","active":true},{"column_type":"int","column_size":"11","column_key":"PRI","column_name":"camp_id","table_name":"blood_donation_camp_date","column_label":"Camp Id","db":"health4all","column_comment":"","relation_type":"masters","active":true},{"column_type":"int","column_size":"3","column_key":"PRI","column_name":"hospital_id","table_name":"hospital","column_label":"Hospital Id","db":"health4all","column_comment":"","relation_type":"masters","active":true},{"column_type":"int","column_size":"11","column_key":"PRI","column_name":"hospital_id","table_name":"staff_previous_hospital","column_label":"Hospital Id","db":"health4all","column_comment":"","relation_type":"masters","active":true},{"column_type":"int","column_size":"100","column_key":"","column_name":"donation_id","table_name":"bb_donation_cancel","column_label":"Donation Id","db":"health4all","column_comment":"","relation_type":"derived","active":true},{"column_type":"int","column_size":"11","column_key":"UNI","column_name":"donation_id","table_name":"blood_grouping","column_label":"Donation Id","db":"health4all","column_comment":"","relation_type":"derived","active":true},{"column_type":"int","column_size":"7","column_key":"MUL","column_name":"donation_id","table_name":"blood_inventory","column_label":"Donation Id","db":"health4all","column_comment":"","relation_type":"derived","active":true},{"column_type":"int","column_size":"7","column_key":"UNI","column_name":"donation_id","table_name":"blood_screening","column_label":"Donation Id","db":"health4all","column_comment":"","relation_type":"derived","active":true},{"column_type":"int","column_size":"3","column_key":"PRI","column_name":"hospital_id","table_name":"hospital","column_label":"Hospital Id","db":"health4all","column_comment":"","relation_type":"branching_masters","active":true,"branch_on":"blood_grouping"},{"column_type":"int","column_size":"11","column_key":"PRI","column_name":"hospital_id","table_name":"staff_previous_hospital","column_label":"Hospital Id","db":"health4all","column_comment":"","relation_type":"branching_masters","active":true,"branch_on":"blood_grouping"},{"column_type":"int","column_size":"11","column_key":"PRI","column_name":"status_id","table_name":"bb_status","column_label":"Status Id","db":"health4all","column_comment":"","relation_type":"branching_masters","active":true,"branch_on":"blood_inventory"},{"column_type":"int","column_size":"3","column_key":"PRI","column_name":"hospital_id","table_name":"hospital","column_label":"Hospital Id","db":"health4all","column_comment":"","relation_type":"branching_masters","active":true,"branch_on":"blood_inventory"},{"column_type":"int","column_size":"11","column_key":"PRI","column_name":"hospital_id","table_name":"staff_previous_hospital","column_label":"Hospital Id","db":"health4all","column_comment":"","relation_type":"branching_masters","active":true,"branch_on":"blood_inventory"},{"column_type":"int","column_size":"3","column_key":"PRI","column_name":"hospital_id","table_name":"hospital","column_label":"Hospital Id","db":"health4all","column_comment":"","relation_type":"branching_masters","active":true,"branch_on":"blood_screening"},{"column_type":"int","column_size":"11","column_key":"PRI","column_name":"hospital_id","table_name":"staff_previous_hospital","column_label":"Hospital Id","db":"health4all","column_comment":"","relation_type":"branching_masters","active":true,"branch_on":"blood_screening"},{"column_type":"int","column_size":"6","column_key":"PRI","column_name":"village_town_id","table_name":"village_town","column_label":"Village Town Id","db":"health4all","column_comment":"","relation_type":"branching_masters","active":true,"branch_on":"hospital"},{"column_type":"int","column_size":"3","column_key":"PRI","column_name":"district_id","table_name":"district","column_label":"District Id","db":"health4all","column_comment":"","relation_type":"branching_masters","active":true,"branch_on":"staff_previous_hospital"}]}