{"entity_type":"sql_table","folder_name":"app_one/scaffold","file_name":"health4all_staff_applicant_score","extension":".json","table_type":"","app_name":"app_one","db":"health4all","table_name":"staff_applicant_score","ops":[{"op_name":"","params":{}}],"table_columns":[{"column_type":"int","column_size":"11","column_key":"PRI","column_name":"score_id","table_name":"staff_applicant_score","column_label":"Score Id","db":"health4all","column_comment":""},{"column_type":"int","column_size":"11","column_key":"","column_name":"parameter_id","table_name":"staff_applicant_score","column_label":"Parameter Id","db":"health4all","column_comment":""},{"column_type":"int","column_size":"11","column_key":"","column_name":"applicant_id","table_name":"staff_applicant_score","column_label":"Applicant Id","db":"health4all","column_comment":""},{"column_type":"int","column_size":"11","column_key":"","column_name":"drive_id","table_name":"staff_applicant_score","column_label":"Drive Id","db":"health4all","column_comment":""},{"column_type":"varchar","column_size":"300","column_key":"","column_name":"score","table_name":"staff_applicant_score","column_label":"Score","db":"health4all","column_comment":""}],"labels":[{"column_type":"varchar","column_size":"300","column_key":"","column_name":"score","table_name":"staff_applicant_score","column_label":"Score","db":"health4all","column_comment":""}],"relation":[{"column_type":"int","column_size":"11","column_key":"PRI","column_name":"parameter_id","table_name":"staff_selection_parameter","column_label":"Parameter Id","db":"health4all","column_comment":"","relation_type":"masters","active":true},{"column_type":"int","column_size":"11","column_key":"PRI","column_name":"applicant_id","table_name":"staff_applicant","column_label":"Applicant Id","db":"health4all","column_comment":"","relation_type":"masters","active":true},{"column_type":"int","column_size":"11","column_key":"PRI","column_name":"drive_id","table_name":"staff_recruitment_drive","column_label":"Drive Id","db":"health4all","column_comment":"","relation_type":"masters","active":true},{"column_type":"int","column_size":"11","column_key":"PRI","column_name":"drive_id","table_name":"staff_recruitment_drive","column_label":"Drive Id","db":"health4all","column_comment":"","relation_type":"branching_masters","active":true,"branch_on":"staff_selection_parameter"},{"column_type":"int","column_size":"3","column_key":"PRI","column_name":"district_id","table_name":"district","column_label":"District Id","db":"health4all","column_comment":"","relation_type":"branching_masters","active":true,"branch_on":"staff_applicant"},{"column_type":"int","column_size":"11","column_key":"PRI","column_name":"drive_id","table_name":"staff_recruitment_drive","column_label":"Drive Id","db":"health4all","column_comment":"","relation_type":"branching_masters","active":true,"branch_on":"staff_applicant"},{"column_type":"int","column_size":"4","column_key":"PRI","column_name":"staff_id","table_name":"staff","column_label":"Staff Id","db":"health4all","column_comment":"","relation_type":"branching_masters","active":true,"branch_on":"staff_applicant"}]}