{"entity_type":"sql_table","folder_name":"app_one/scaffold","file_name":"health4all_hr_transaction_type","extension":".json","table_type":"","app_name":"app_one","db":"health4all","table_name":"hr_transaction_type","ops":[{"op_name":"","params":{}}],"table_columns":[{"column_type":"int","column_size":"2","column_key":"PRI","column_name":"hr_transaction_type_id","table_name":"hr_transaction_type","column_label":"Hr Transaction Type Id","db":"health4all","column_comment":""},{"column_type":"varchar","column_size":"15","column_key":"","column_name":"hr_transaction_type","table_name":"hr_transaction_type","column_label":"Hr Transaction Type","db":"health4all","column_comment":""},{"column_type":"int","column_size":"1","column_key":"","column_name":"display_flag","table_name":"hr_transaction_type","column_label":"Display Flag","db":"health4all","column_comment":""}],"labels":[{"column_type":"varchar","column_size":"15","column_key":"","column_name":"hr_transaction_type","table_name":"hr_transaction_type","column_label":"Hr Transaction Type","db":"health4all","column_comment":""}],"relation":[{"column_type":"int","column_size":"2","column_key":"","column_name":"hr_transaction_type_id","table_name":"hr_transaction","column_label":"Hr Transaction Type Id","db":"health4all","column_comment":"","relation_type":"derived","active":true},{"column_type":"int","column_size":"4","column_key":"PRI","column_name":"staff_id","table_name":"staff","column_label":"Staff Id","db":"health4all","column_comment":"","relation_type":"branching_masters","active":true,"branch_on":"hr_transaction"}]}