{"entity_type":"sql_table","folder_name":"app_one/scaffold","file_name":"health4all_facility","extension":".json","table_type":"","app_name":"app_one","db":"health4all","table_name":"facility","ops":[{"op_name":"","params":{}}],"table_columns":[{"column_type":"int","column_size":"4","column_key":"PRI","column_name":"facility_id","table_name":"facility","column_label":"Facility Id","db":"health4all","column_comment":""},{"column_type":"varchar","column_size":"100","column_key":"","column_name":"facility_name","table_name":"facility","column_label":"Facility Name","db":"health4all","column_comment":""},{"column_type":"int","column_size":"2","column_key":"","column_name":"facility_type_id","table_name":"facility","column_label":"Facility Type Id","db":"health4all","column_comment":""},{"column_type":"int","column_size":"200","column_key":"","column_name":"address","table_name":"facility","column_label":"Address","db":"health4all","column_comment":""},{"column_type":"int","column_size":"4","column_key":"","column_name":"village_town_id","table_name":"facility","column_label":"Village Town Id","db":"health4all","column_comment":""},{"column_type":"decimal","column_size":"6,6","column_key":"","column_name":"latitude","table_name":"facility","column_label":"Latitude","db":"health4all","column_comment":""},{"column_type":"decimal","column_size":"6,6","column_key":"","column_name":"longitude","table_name":"facility","column_label":"Longitude","db":"health4all","column_comment":""}],"labels":[{"column_type":"varchar","column_size":"100","column_key":"","column_name":"facility_name","table_name":"facility","column_label":"Facility Name","db":"health4all","column_comment":""}],"relation":[{"column_type":"int","column_size":"2","column_key":"PRI","column_name":"facility_type_id","table_name":"facility_type","column_label":"Facility Type Id","db":"health4all","column_comment":"","relation_type":"masters","active":true},{"column_type":"int","column_size":"6","column_key":"PRI","column_name":"village_town_id","table_name":"village_town","column_label":"Village Town Id","db":"health4all","column_comment":"","relation_type":"masters","active":true},{"column_type":"int","column_size":"4","column_key":"","column_name":"facility_id","table_name":"facility_area","column_label":"Facility Id","db":"health4all","column_comment":"","relation_type":"derived","active":true},{"column_type":"int","column_size":"4","column_key":"","column_name":"facility_id","table_name":"vendor_contracts","column_label":"Facility Id","db":"health4all","column_comment":"","relation_type":"derived","active":true},{"column_type":"int","column_size":"3","column_key":"PRI","column_name":"department_id","table_name":"department","column_label":"Department Id","db":"health4all","column_comment":"","relation_type":"branching_masters","active":true,"branch_on":"facility_area"},{"column_type":"int","column_size":"2","column_key":"PRI","column_name":"area_type_id","table_name":"area_types","column_label":"Area Type Id","db":"health4all","column_comment":"","relation_type":"branching_masters","active":true,"branch_on":"facility_area"},{"column_type":"int","column_size":"11","column_key":"PRI","column_name":"vendor_id","table_name":"vendor","column_label":"Vendor Id","db":"health4all","column_comment":"","relation_type":"branching_masters","active":true,"branch_on":"vendor_contracts"}]}