{"entity_type":"sql_table","folder_name":"app_one/scaffold","file_name":"health4all_audiology","extension":".json","table_type":"","app_name":"app_one","db":"health4all","table_name":"audiology","ops":[{"op_name":"","params":{}}],"table_columns":[{"column_type":"int","column_size":"7","column_key":"PRI","column_name":"aud_test_id","table_name":"audiology","column_label":"Aud Test Id","db":"health4all","column_comment":""},{"column_type":"date","column_key":"","column_name":"date_of_test","table_name":"audiology","column_label":"Date Of Test","db":"health4all","column_comment":""},{"column_type":"varchar","column_size":"20","column_key":"","column_name":"type_of_test","table_name":"audiology","column_label":"Type Of Test","db":"health4all","column_comment":""},{"column_type":"int","column_size":"7","column_key":"","column_name":"ip_no","table_name":"audiology","column_label":"Ip No","db":"health4all","column_comment":""},{"column_type":"int","column_size":"7","column_key":"","column_name":"test_no","table_name":"audiology","column_label":"Test No","db":"health4all","column_comment":""},{"column_type":"varchar","column_size":"20","column_key":"","column_name":"oael_outcome","table_name":"audiology","column_label":"Oael Outcome","db":"health4all","column_comment":""},{"column_type":"varchar","column_size":"20","column_key":"","column_name":"oaer_outcome","table_name":"audiology","column_label":"Oaer Outcome","db":"health4all","column_comment":""},{"column_type":"varchar","column_size":"50","column_key":"","column_name":"remarks","table_name":"audiology","column_label":"Remarks","db":"health4all","column_comment":""},{"column_type":"int","column_size":"5","column_key":"","column_name":"staff_id","table_name":"audiology","column_label":"Staff Id","db":"health4all","column_comment":""}],"labels":[{"column_type":"varchar","column_size":"20","column_key":"","column_name":"type_of_test","table_name":"audiology","column_label":"Type Of Test","db":"health4all","column_comment":""},{"column_type":"varchar","column_size":"20","column_key":"","column_name":"oael_outcome","table_name":"audiology","column_label":"Oael Outcome","db":"health4all","column_comment":""},{"column_type":"varchar","column_size":"20","column_key":"","column_name":"oaer_outcome","table_name":"audiology","column_label":"Oaer Outcome","db":"health4all","column_comment":""},{"column_type":"varchar","column_size":"50","column_key":"","column_name":"remarks","table_name":"audiology","column_label":"Remarks","db":"health4all","column_comment":""}],"relation":[{"column_type":"int","column_size":"4","column_key":"PRI","column_name":"staff_id","table_name":"staff","column_label":"Staff Id","db":"health4all","column_comment":"","relation_type":"masters","active":true},{"column_type":"int","column_size":"3","column_key":"PRI","column_name":"hospital_id","table_name":"hospital","column_label":"Hospital Id","db":"health4all","column_comment":"","relation_type":"branching_masters","active":true,"branch_on":"staff"},{"column_type":"int","column_size":"11","column_key":"PRI","column_name":"hospital_id","table_name":"staff_previous_hospital","column_label":"Hospital Id","db":"health4all","column_comment":"","relation_type":"branching_masters","active":true,"branch_on":"staff"},{"column_type":"int","column_size":"3","column_key":"PRI","column_name":"department_id","table_name":"department","column_label":"Department Id","db":"health4all","column_comment":"","relation_type":"branching_masters","active":true,"branch_on":"staff"},{"column_type":"int","column_size":"4","column_key":"PRI","column_name":"unit_id","table_name":"unit","column_label":"Unit Id","db":"health4all","column_comment":"","relation_type":"branching_masters","active":true,"branch_on":"staff"},{"column_type":"int","column_size":"4","column_key":"PRI","column_name":"area_id","table_name":"area","column_label":"Area Id","db":"health4all","column_comment":"","relation_type":"branching_masters","active":true,"branch_on":"staff"},{"column_type":"int","column_size":"11","column_key":"PRI","column_name":"staff_category_id","table_name":"staff_category","column_label":"Staff Category Id","db":"health4all","column_comment":"","relation_type":"branching_masters","active":true,"branch_on":"staff"},{"column_type":"int","column_size":"6","column_key":"PRI","column_name":"staff_role_id","table_name":"staff_role","column_label":"Staff Role Id","db":"health4all","column_comment":"","relation_type":"branching_masters","active":true,"branch_on":"staff"},{"column_type":"int","column_size":"6","column_key":"PRI","column_name":"qualification_id","table_name":"qualification","column_label":"Qualification Id","db":"health4all","column_comment":"","relation_type":"branching_masters","active":true,"branch_on":"staff"},{"column_type":"int","column_size":"11","column_key":"PRI","column_name":"qualification_id","table_name":"staff_applicant_qualification_master","column_label":"Qualification Id","db":"health4all","column_comment":"","relation_type":"branching_masters","active":true,"branch_on":"staff"}]}