{"entity_type":"sql_table","folder_name":"app_one/scaffold","file_name":"health4all_item_type","extension":".json","table_type":"","app_name":"app_one","db":"health4all","table_name":"item_type","ops":[{"op_name":"","params":{}}],"table_columns":[{"column_type":"int","column_size":"11","column_key":"PRI","column_name":"item_type_id","table_name":"item_type","column_label":"Item Type Id","db":"health4all","column_comment":""},{"column_type":"varchar","column_size":"50","column_key":"","column_name":"item_type","table_name":"item_type","column_label":"Item Type","db":"health4all","column_comment":"Surgical Disposables, chemical, Reagents etc..."}],"labels":[{"column_type":"varchar","column_size":"50","column_key":"","column_name":"item_type","table_name":"item_type","column_label":"Item Type","db":"health4all","column_comment":"Surgical Disposables, chemical, Reagents etc..."}],"relation":[{"column_type":"int","column_size":"11","column_key":"","column_name":"item_type_id","table_name":"generic_item","column_label":"Item Type Id","db":"health4all","column_comment":"","relation_type":"derived","active":true},{"column_type":"int","column_size":"20","column_key":"PRI","column_name":"drug_type_id","table_name":"drug_type","column_label":"Drug Type Id","db":"health4all","column_comment":"","relation_type":"branching_masters","active":true,"branch_on":"generic_item"},{"column_type":"int","column_size":"11","column_key":"PRI","column_name":"form_id","table_name":"form","column_label":"Form Id","db":"health4all","column_comment":"","relation_type":"branching_masters","active":true,"branch_on":"generic_item"}]}