{"entity_type":"sql_table","folder_name":"app_one/scaffold","file_name":"health4all_lab_unit","extension":".json","table_type":"","app_name":"app_one","db":"health4all","table_name":"lab_unit","ops":[{"op_name":"","params":{}}],"table_columns":[{"column_type":"int","column_size":"11","column_key":"PRI","column_name":"lab_unit_id","table_name":"lab_unit","column_label":"Lab Unit Id","db":"health4all","column_comment":""},{"column_type":"varchar","column_size":"20","column_key":"","column_name":"lab_unit","table_name":"lab_unit","column_label":"Lab Unit","db":"health4all","column_comment":""},{"column_type":"int","column_size":"11","column_key":"","column_name":"hospital_id","table_name":"lab_unit","column_label":"Hospital Id","db":"health4all","column_comment":""},{"column_type":"int","column_size":"11","column_key":"","column_name":"temp_lab_unit_id","table_name":"lab_unit","column_label":"Temp Lab Unit Id","db":"health4all","column_comment":""}],"labels":[{"column_type":"varchar","column_size":"20","column_key":"","column_name":"lab_unit","table_name":"lab_unit","column_label":"Lab Unit","db":"health4all","column_comment":""}],"relation":[{"column_type":"int","column_size":"3","column_key":"PRI","column_name":"hospital_id","table_name":"hospital","column_label":"Hospital Id","db":"health4all","column_comment":"","relation_type":"masters","active":true},{"column_type":"int","column_size":"11","column_key":"PRI","column_name":"hospital_id","table_name":"staff_previous_hospital","column_label":"Hospital Id","db":"health4all","column_comment":"","relation_type":"masters","active":true},{"column_type":"int","column_size":"6","column_key":"PRI","column_name":"village_town_id","table_name":"village_town","column_label":"Village Town Id","db":"health4all","column_comment":"","relation_type":"branching_masters","active":true,"branch_on":"hospital"},{"column_type":"int","column_size":"3","column_key":"PRI","column_name":"district_id","table_name":"district","column_label":"District Id","db":"health4all","column_comment":"","relation_type":"branching_masters","active":true,"branch_on":"staff_previous_hospital"}]}