{"entity_type":"sql_table","folder_name":"app_one/scaffold","file_name":"health4all_shift","extension":".json","table_type":"","app_name":"app_one","db":"health4all","table_name":"shift","ops":[{"op_name":"","params":{}}],"table_columns":[{"column_type":"int","column_size":"11","column_key":"PRI","column_name":"shift_id","table_name":"shift","column_label":"Shift Id","db":"health4all","column_comment":""},{"column_type":"varchar","column_size":"10","column_key":"","column_name":"shift","table_name":"shift","column_label":"Shift","db":"health4all","column_comment":""},{"column_type":"varchar","column_size":"20","column_key":"","column_name":"description","table_name":"shift","column_label":"Description","db":"health4all","column_comment":""},{"column_type":"time","column_key":"","column_name":"time_in","table_name":"shift","column_label":"Time In","db":"health4all","column_comment":""},{"column_type":"time","column_key":"","column_name":"time_out","table_name":"shift","column_label":"Time Out","db":"health4all","column_comment":""}],"labels":[{"column_type":"varchar","column_size":"10","column_key":"","column_name":"shift","table_name":"shift","column_label":"Shift","db":"health4all","column_comment":""},{"column_type":"varchar","column_size":"20","column_key":"","column_name":"description","table_name":"shift","column_label":"Description","db":"health4all","column_comment":""}],"relation":[{"column_type":"int","column_size":"11","column_key":"MUL","column_name":"shift_id","table_name":"roaster","column_label":"Shift Id","db":"health4all","column_comment":"","relation_type":"derived","active":true},{"column_type":"int","column_size":"4","column_key":"PRI","column_name":"staff_id","table_name":"staff","column_label":"Staff Id","db":"health4all","column_comment":"","relation_type":"branching_masters","active":true,"branch_on":"roaster"}]}