{"entity_type":"sql_table","folder_name":"app_one/scaffold","file_name":"health4all_indent_item","extension":".json","table_type":"","app_name":"app_one","db":"health4all","table_name":"indent_item","ops":[{"op_name":"","params":{}}],"table_columns":[{"column_type":"int","column_size":"6","column_key":"PRI","column_name":"indent_item_id","table_name":"indent_item","column_label":"Indent Item Id","db":"health4all","column_comment":""},{"column_type":"int","column_size":"11","column_key":"","column_name":"hospital_id","table_name":"indent_item","column_label":"Hospital Id","db":"health4all","column_comment":""},{"column_type":"int","column_size":"6","column_key":"","column_name":"indent_id","table_name":"indent_item","column_label":"Indent Id","db":"health4all","column_comment":""},{"column_type":"int","column_size":"6","column_key":"","column_name":"item_id","table_name":"indent_item","column_label":"Item Id","db":"health4all","column_comment":""},{"column_type":"int","column_size":"11","column_key":"","column_name":"quantity_indented","table_name":"indent_item","column_label":"Quantity Indented","db":"health4all","column_comment":""},{"column_type":"int","column_size":"11","column_key":"","column_name":"quantity_approved","table_name":"indent_item","column_label":"Quantity Approved","db":"health4all","column_comment":""},{"column_type":"int","column_size":"11","column_key":"","column_name":"quantity_issued","table_name":"indent_item","column_label":"Quantity Issued","db":"health4all","column_comment":""},{"column_type":"varchar","column_size":"50","column_key":"","column_name":"indent_status","table_name":"indent_item","column_label":"Indent Status","db":"health4all","column_comment":"Indented, Issued, Rejected, etc.,"},{"column_type":"date","column_key":"","column_name":"issue_date","table_name":"indent_item","column_label":"Issue Date","db":"health4all","column_comment":""},{"column_type":"varchar","column_size":"50","column_key":"","column_name":"consumption_status","table_name":"indent_item","column_label":"Consumption Status","db":"health4all","column_comment":"In stock, expired, damaged, etc.,"}],"labels":[{"column_type":"varchar","column_size":"50","column_key":"","column_name":"indent_status","table_name":"indent_item","column_label":"Indent Status","db":"health4all","column_comment":"Indented, Issued, Rejected, etc.,"},{"column_type":"varchar","column_size":"50","column_key":"","column_name":"consumption_status","table_name":"indent_item","column_label":"Consumption Status","db":"health4all","column_comment":"In stock, expired, damaged, etc.,"}],"relation":[{"column_type":"int","column_size":"3","column_key":"PRI","column_name":"hospital_id","table_name":"hospital","column_label":"Hospital Id","db":"health4all","column_comment":"","relation_type":"masters","active":true},{"column_type":"int","column_size":"11","column_key":"PRI","column_name":"hospital_id","table_name":"staff_previous_hospital","column_label":"Hospital Id","db":"health4all","column_comment":"","relation_type":"masters","active":true},{"column_type":"int","column_size":"6","column_key":"PRI","column_name":"indent_id","table_name":"indent","column_label":"Indent Id","db":"health4all","column_comment":"","relation_type":"masters","active":true},{"column_type":"int","column_size":"11","column_key":"PRI","column_name":"item_id","table_name":"item","column_label":"Item Id","db":"health4all","column_comment":"","relation_type":"masters","active":true},{"column_type":"int","column_size":"11","column_key":"PRI","column_name":"item_id","table_name":"item_master","column_label":"Item Id","db":"health4all","column_comment":"","relation_type":"masters","active":true},{"column_type":"int","column_size":"6","column_key":"PRI","column_name":"village_town_id","table_name":"village_town","column_label":"Village Town Id","db":"health4all","column_comment":"","relation_type":"branching_masters","active":true,"branch_on":"hospital"},{"column_type":"int","column_size":"3","column_key":"PRI","column_name":"district_id","table_name":"district","column_label":"District Id","db":"health4all","column_comment":"","relation_type":"branching_masters","active":true,"branch_on":"staff_previous_hospital"},{"column_type":"int","column_size":"3","column_key":"PRI","column_name":"hospital_id","table_name":"hospital","column_label":"Hospital Id","db":"health4all","column_comment":"","relation_type":"branching_masters","active":true,"branch_on":"indent"},{"column_type":"int","column_size":"11","column_key":"PRI","column_name":"hospital_id","table_name":"staff_previous_hospital","column_label":"Hospital Id","db":"health4all","column_comment":"","relation_type":"branching_masters","active":true,"branch_on":"indent"},{"column_type":"int","column_size":"11","column_key":"PRI","column_name":"generic_item_id","table_name":"generic_item","column_label":"Generic Item Id","db":"health4all","column_comment":"","relation_type":"branching_masters","active":true,"branch_on":"item"},{"column_type":"int","column_size":"11","column_key":"PRI","column_name":"dosage_id","table_name":"dosage","column_label":"Dosage Id","db":"health4all","column_comment":"","relation_type":"branching_masters","active":true,"branch_on":"item"},{"column_type":"int","column_size":"6","column_key":"PRI","column_name":"item_form_id","table_name":"item_form","column_label":"Item Form Id","db":"health4all","column_comment":"","relation_type":"branching_masters","active":true,"branch_on":"item"},{"column_type":"int","column_size":"11","column_key":"PRI","column_name":"generic_item_id","table_name":"generic_item","column_label":"Generic Item Id","db":"health4all","column_comment":"","relation_type":"branching_masters","active":true,"branch_on":"item_master"},{"column_type":"int","column_size":"6","column_key":"PRI","column_name":"item_form_id","table_name":"item_form","column_label":"Item Form Id","db":"health4all","column_comment":"","relation_type":"branching_masters","active":true,"branch_on":"item_master"}]}