{"entity_type":"sql_table","folder_name":"app_one/scaffold","file_name":"health4all_dicom","extension":".json","table_type":"","app_name":"app_one","db":"health4all","table_name":"dicom","ops":[{"op_name":"","params":{}}],"table_columns":[{"column_type":"int","column_size":"11","column_key":"PRI","column_name":"dicom_id","table_name":"dicom","column_label":"Dicom Id","db":"health4all","column_comment":""},{"column_type":"int","column_size":"11","column_key":"","column_name":"visit_id","table_name":"dicom","column_label":"Visit Id","db":"health4all","column_comment":""},{"column_type":"int","column_size":"11","column_key":"","column_name":"test_id","table_name":"dicom","column_label":"Test Id","db":"health4all","column_comment":""},{"column_type":"datetime","column_key":"","column_name":"study_datetime","table_name":"dicom","column_label":"Study Datetime","db":"health4all","column_comment":""},{"column_type":"varchar","column_size":"64","column_key":"","column_name":"modality","table_name":"dicom","column_label":"Modality","db":"health4all","column_comment":""},{"column_type":"varchar","column_size":"64","column_key":"","column_name":"study_id","table_name":"dicom","column_label":"Study Id","db":"health4all","column_comment":""},{"column_type":"varchar","column_size":"250","column_key":"","column_name":"filepath","table_name":"dicom","column_label":"Filepath","db":"health4all","column_comment":""}],"labels":[{"column_type":"varchar","column_size":"64","column_key":"","column_name":"modality","table_name":"dicom","column_label":"Modality","db":"health4all","column_comment":""},{"column_type":"varchar","column_size":"64","column_key":"","column_name":"study_id","table_name":"dicom","column_label":"Study Id","db":"health4all","column_comment":""},{"column_type":"varchar","column_size":"250","column_key":"","column_name":"filepath","table_name":"dicom","column_label":"Filepath","db":"health4all","column_comment":""}],"relation":[{"column_type":"int","column_size":"7","column_key":"PRI","column_name":"visit_id","table_name":"mlc","column_label":"Visit Id","db":"health4all","column_comment":"","relation_type":"masters","active":true},{"column_type":"int","column_size":"7","column_key":"PRI","column_name":"visit_id","table_name":"patient_visit","column_label":"Visit Id","db":"health4all","column_comment":"","relation_type":"masters","active":true},{"column_type":"int","column_size":"6","column_key":"PRI","column_name":"test_id","table_name":"test","column_label":"Test Id","db":"health4all","column_comment":"","relation_type":"masters","active":true},{"column_type":"int","column_size":"3","column_key":"PRI","column_name":"hospital_id","table_name":"hospital","column_label":"Hospital Id","db":"health4all","column_comment":"","relation_type":"branching_masters","active":true,"branch_on":"patient_visit"},{"column_type":"int","column_size":"11","column_key":"PRI","column_name":"hospital_id","table_name":"staff_previous_hospital","column_label":"Hospital Id","db":"health4all","column_comment":"","relation_type":"branching_masters","active":true,"branch_on":"patient_visit"},{"column_type":"int","column_size":"11","column_key":"PRI","column_name":"visit_name_id","table_name":"visit_name","column_label":"Visit Name Id","db":"health4all","column_comment":"","relation_type":"branching_masters","active":true,"branch_on":"patient_visit"},{"column_type":"int","column_size":"11","column_key":"PRI","column_name":"patient_id","table_name":"bb_external_patient","column_label":"Patient Id","db":"health4all","column_comment":"","relation_type":"branching_masters","active":true,"branch_on":"patient_visit"},{"column_type":"int","column_size":"7","column_key":"PRI","column_name":"patient_id","table_name":"patient","column_label":"Patient Id","db":"health4all","column_comment":"","relation_type":"branching_masters","active":true,"branch_on":"patient_visit"},{"column_type":"int","column_size":"3","column_key":"PRI","column_name":"department_id","table_name":"department","column_label":"Department Id","db":"health4all","column_comment":"","relation_type":"branching_masters","active":true,"branch_on":"patient_visit"},{"column_type":"int","column_size":"11","column_key":"PRI","column_name":"insurance_id","table_name":"insurance","column_label":"Insurance Id","db":"health4all","column_comment":"","relation_type":"branching_masters","active":true,"branch_on":"patient_visit"},{"column_type":"int","column_size":"6","column_key":"PRI","column_name":"order_id","table_name":"test_order","column_label":"Order Id","db":"health4all","column_comment":"","relation_type":"branching_masters","active":true,"branch_on":"test"},{"column_type":"int","column_size":"6","column_key":"PRI","column_name":"sample_id","table_name":"test_sample","column_label":"Sample Id","db":"health4all","column_comment":"","relation_type":"branching_masters","active":true,"branch_on":"test"},{"column_type":"int","column_size":"6","column_key":"PRI","column_name":"test_master_id","table_name":"test_master","column_label":"Test Master Id","db":"health4all","column_comment":"","relation_type":"branching_masters","active":true,"branch_on":"test"},{"column_type":"int","column_size":"6","column_key":"PRI","column_name":"group_id","table_name":"test_group","column_label":"Group Id","db":"health4all","column_comment":"","relation_type":"branching_masters","active":true,"branch_on":"test"},{"column_type":"int","column_size":"11","column_key":"PRI","column_name":"test_range_id","table_name":"test_range","column_label":"Test Range Id","db":"health4all","column_comment":"","relation_type":"branching_masters","active":true,"branch_on":"test"}]}