{"entity_type":"sql_table","folder_name":"app_one/scaffold","file_name":"health4all_antenatal_visit","extension":".json","table_type":"","app_name":"app_one","db":"health4all","table_name":"antenatal_visit","ops":[{"op_name":"","params":{}}],"table_columns":[{"column_type":"int","column_size":"7","column_key":"PRI","column_name":"antenatal_visit_id","table_name":"antenatal_visit","column_label":"Antenatal Visit Id","db":"health4all","column_comment":""},{"column_type":"int","column_size":"7","column_key":"MUL","column_name":"visit_id","table_name":"antenatal_visit","column_label":"Visit Id","db":"health4all","column_comment":""},{"column_type":"varchar","column_size":"50","column_key":"","column_name":"fundal_height","table_name":"antenatal_visit","column_label":"Fundal Height","db":"health4all","column_comment":""},{"column_type":"varchar","column_size":"50","column_key":"","column_name":"presentation","table_name":"antenatal_visit","column_label":"Presentation","db":"health4all","column_comment":""},{"column_type":"varchar","column_size":"50","column_key":"","column_name":"fetal_heart_rate","table_name":"antenatal_visit","column_label":"Fetal Heart Rate","db":"health4all","column_comment":""},{"column_type":"varchar","column_size":"50","column_key":"","column_name":"liquor","table_name":"antenatal_visit","column_label":"Liquor","db":"health4all","column_comment":""},{"column_type":"varchar","column_size":"500","column_key":"","column_name":"scan_finding","table_name":"antenatal_visit","column_label":"Scan Finding","db":"health4all","column_comment":""},{"column_type":"varchar","column_size":"500","column_key":"","column_name":"advice","table_name":"antenatal_visit","column_label":"Advice","db":"health4all","column_comment":""}],"labels":[{"column_type":"varchar","column_size":"50","column_key":"","column_name":"fundal_height","table_name":"antenatal_visit","column_label":"Fundal Height","db":"health4all","column_comment":""},{"column_type":"varchar","column_size":"50","column_key":"","column_name":"presentation","table_name":"antenatal_visit","column_label":"Presentation","db":"health4all","column_comment":""},{"column_type":"varchar","column_size":"50","column_key":"","column_name":"fetal_heart_rate","table_name":"antenatal_visit","column_label":"Fetal Heart Rate","db":"health4all","column_comment":""},{"column_type":"varchar","column_size":"50","column_key":"","column_name":"liquor","table_name":"antenatal_visit","column_label":"Liquor","db":"health4all","column_comment":""},{"column_type":"varchar","column_size":"500","column_key":"","column_name":"scan_finding","table_name":"antenatal_visit","column_label":"Scan Finding","db":"health4all","column_comment":""},{"column_type":"varchar","column_size":"500","column_key":"","column_name":"advice","table_name":"antenatal_visit","column_label":"Advice","db":"health4all","column_comment":""}],"relation":[{"column_type":"int","column_size":"7","column_key":"PRI","column_name":"visit_id","table_name":"mlc","column_label":"Visit Id","db":"health4all","column_comment":"","relation_type":"masters","active":true},{"column_type":"int","column_size":"7","column_key":"PRI","column_name":"visit_id","table_name":"patient_visit","column_label":"Visit Id","db":"health4all","column_comment":"","relation_type":"masters","active":true},{"column_type":"int","column_size":"3","column_key":"PRI","column_name":"hospital_id","table_name":"hospital","column_label":"Hospital Id","db":"health4all","column_comment":"","relation_type":"branching_masters","active":true,"branch_on":"patient_visit"},{"column_type":"int","column_size":"11","column_key":"PRI","column_name":"hospital_id","table_name":"staff_previous_hospital","column_label":"Hospital Id","db":"health4all","column_comment":"","relation_type":"branching_masters","active":true,"branch_on":"patient_visit"},{"column_type":"int","column_size":"11","column_key":"PRI","column_name":"visit_name_id","table_name":"visit_name","column_label":"Visit Name Id","db":"health4all","column_comment":"","relation_type":"branching_masters","active":true,"branch_on":"patient_visit"},{"column_type":"int","column_size":"11","column_key":"PRI","column_name":"patient_id","table_name":"bb_external_patient","column_label":"Patient Id","db":"health4all","column_comment":"","relation_type":"branching_masters","active":true,"branch_on":"patient_visit"},{"column_type":"int","column_size":"7","column_key":"PRI","column_name":"patient_id","table_name":"patient","column_label":"Patient Id","db":"health4all","column_comment":"","relation_type":"branching_masters","active":true,"branch_on":"patient_visit"},{"column_type":"int","column_size":"3","column_key":"PRI","column_name":"department_id","table_name":"department","column_label":"Department Id","db":"health4all","column_comment":"","relation_type":"branching_masters","active":true,"branch_on":"patient_visit"},{"column_type":"int","column_size":"11","column_key":"PRI","column_name":"insurance_id","table_name":"insurance","column_label":"Insurance Id","db":"health4all","column_comment":"","relation_type":"branching_masters","active":true,"branch_on":"patient_visit"}]}