{"entity_type":"sql_table","folder_name":"app_one/scaffold","file_name":"health4all_department","extension":".json","table_type":"","app_name":"app_one","db":"health4all","table_name":"department","ops":[{"op_name":"","params":{}}],"table_columns":[{"column_type":"int","column_size":"3","column_key":"PRI","column_name":"department_id","table_name":"department","column_label":"Department Id","db":"health4all","column_comment":""},{"column_type":"int","column_size":"6","column_key":"MUL","column_name":"hospital_id","table_name":"department","column_label":"Hospital Id","db":"health4all","column_comment":""},{"column_type":"varchar","column_size":"50","column_key":"","column_name":"department","table_name":"department","column_label":"Department","db":"health4all","column_comment":""},{"column_type":"text","column_key":"","column_name":"description","table_name":"department","column_label":"Description","db":"health4all","column_comment":""},{"column_type":"int","column_size":"11","column_key":"","column_name":"lab_report_staff_id","table_name":"department","column_label":"Lab Report Staff Id","db":"health4all","column_comment":""},{"column_type":"varchar","column_size":"200","column_key":"","column_name":"department_email","table_name":"department","column_label":"Department Email","db":"health4all","column_comment":""},{"column_type":"int","column_size":"3","column_key":"","column_name":"number_of_units","table_name":"department","column_label":"Number Of Units","db":"health4all","column_comment":""},{"column_type":"varchar","column_size":"10","column_key":"","column_name":"op_room_no","table_name":"department","column_label":"Op Room No","db":"health4all","column_comment":""},{"column_type":"tinyint","column_size":"1","column_key":"","column_name":"clinical","table_name":"department","column_label":"Clinical","db":"health4all","column_comment":""},{"column_type":"varchar","column_size":"1","column_key":"","column_name":"floor","table_name":"department","column_label":"Floor","db":"health4all","column_comment":""},{"column_type":"tinyint","column_size":"1","column_key":"","column_name":"mon","table_name":"department","column_label":"Mon","db":"health4all","column_comment":""},{"column_type":"tinyint","column_size":"1","column_key":"","column_name":"tue","table_name":"department","column_label":"Tue","db":"health4all","column_comment":""},{"column_type":"tinyint","column_size":"1","column_key":"","column_name":"wed","table_name":"department","column_label":"Wed","db":"health4all","column_comment":""},{"column_type":"tinyint","column_size":"1","column_key":"","column_name":"thr","table_name":"department","column_label":"Thr","db":"health4all","column_comment":""},{"column_type":"tinyint","column_size":"1","column_key":"","column_name":"fri","table_name":"department","column_label":"Fri","db":"health4all","column_comment":""},{"column_type":"tinyint","column_size":"1","column_key":"","column_name":"sat","table_name":"department","column_label":"Sat","db":"health4all","column_comment":""},{"column_type":"int","column_size":"11","column_key":"MUL","column_name":"temp_department_id","table_name":"department","column_label":"Temp Department Id","db":"health4all","column_comment":""}],"labels":[{"column_type":"varchar","column_size":"50","column_key":"","column_name":"department","table_name":"department","column_label":"Department","db":"health4all","column_comment":""},{"column_type":"varchar","column_size":"200","column_key":"","column_name":"department_email","table_name":"department","column_label":"Department Email","db":"health4all","column_comment":""},{"column_type":"varchar","column_size":"10","column_key":"","column_name":"op_room_no","table_name":"department","column_label":"Op Room No","db":"health4all","column_comment":""},{"column_type":"varchar","column_size":"1","column_key":"","column_name":"floor","table_name":"department","column_label":"Floor","db":"health4all","column_comment":""}],"relation":[{"column_type":"int","column_size":"3","column_key":"PRI","column_name":"hospital_id","table_name":"hospital","column_label":"Hospital Id","db":"health4all","column_comment":"","relation_type":"masters","active":true},{"column_type":"int","column_size":"11","column_key":"PRI","column_name":"hospital_id","table_name":"staff_previous_hospital","column_label":"Hospital Id","db":"health4all","column_comment":"","relation_type":"masters","active":true},{"column_type":"int","column_size":"4","column_key":"MUL","column_name":"department_id","table_name":"area","column_label":"Department Id","db":"health4all","column_comment":"","relation_type":"derived","active":true},{"column_type":"int","column_size":"2","column_key":"","column_name":"department_id","table_name":"equipment","column_label":"Department Id","db":"health4all","column_comment":"","relation_type":"derived","active":true},{"column_type":"int","column_size":"2","column_key":"","column_name":"department_id","table_name":"facility_area","column_label":"Department Id","db":"health4all","column_comment":"","relation_type":"derived","active":true},{"column_type":"int","column_size":"3","column_key":"","column_name":"department_id","table_name":"internal_transfer","column_label":"Department Id","db":"health4all","column_comment":"","relation_type":"derived","active":true},{"column_type":"int","column_size":"3","column_key":"MUL","column_name":"department_id","table_name":"patient_visit","column_label":"Department Id","db":"health4all","column_comment":"","relation_type":"derived","active":true},{"column_type":"int","column_size":"2","column_key":"","column_name":"department_id","table_name":"staff","column_label":"Department Id","db":"health4all","column_comment":"","relation_type":"derived","active":true},{"column_type":"int","column_size":"11","column_key":"","column_name":"department_id","table_name":"supply_chain_party","column_label":"Department Id","db":"health4all","column_comment":"","relation_type":"derived","active":true},{"column_type":"int","column_size":"11","column_key":"","column_name":"department_id","table_name":"test_area","column_label":"Department Id","db":"health4all","column_comment":"","relation_type":"derived","active":true},{"column_type":"int","column_size":"4","column_key":"","column_name":"department_id","table_name":"unit","column_label":"Department Id","db":"health4all","column_comment":"","relation_type":"derived","active":true},{"column_type":"int","column_size":"11","column_key":"","column_name":"department_id","table_name":"user_department_link","column_label":"Department Id","db":"health4all","column_comment":"","relation_type":"derived","active":true},{"column_type":"int","column_size":"2","column_key":"PRI","column_name":"area_type_id","table_name":"area_types","column_label":"Area Type Id","db":"health4all","column_comment":"","relation_type":"branching_masters","active":true,"branch_on":"area"},{"column_type":"int","column_size":"3","column_key":"PRI","column_name":"equipment_type_id","table_name":"equipment_type","column_label":"Equipment Type Id","db":"health4all","column_comment":"","relation_type":"branching_masters","active":true,"branch_on":"equipment"},{"column_type":"int","column_size":"11","column_key":"PRI","column_name":"vendor_id","table_name":"vendor","column_label":"Vendor Id","db":"health4all","column_comment":"","relation_type":"branching_masters","active":true,"branch_on":"equipment"},{"column_type":"int","column_size":"3","column_key":"PRI","column_name":"hospital_id","table_name":"hospital","column_label":"Hospital Id","db":"health4all","column_comment":"","relation_type":"branching_masters","active":true,"branch_on":"equipment"},{"column_type":"int","column_size":"11","column_key":"PRI","column_name":"hospital_id","table_name":"staff_previous_hospital","column_label":"Hospital Id","db":"health4all","column_comment":"","relation_type":"branching_masters","active":true,"branch_on":"equipment"},{"column_type":"int","column_size":"4","column_key":"PRI","column_name":"area_id","table_name":"area","column_label":"Area Id","db":"health4all","column_comment":"","relation_type":"branching_masters","active":true,"branch_on":"equipment"},{"column_type":"int","column_size":"4","column_key":"PRI","column_name":"unit_id","table_name":"unit","column_label":"Unit Id","db":"health4all","column_comment":"","relation_type":"branching_masters","active":true,"branch_on":"equipment"},{"column_type":"int","column_size":"4","column_key":"PRI","column_name":"staff_id","table_name":"staff","column_label":"Staff Id","db":"health4all","column_comment":"","relation_type":"branching_masters","active":true,"branch_on":"equipment"},{"column_type":"int","column_size":"4","column_key":"PRI","column_name":"facility_id","table_name":"facility","column_label":"Facility Id","db":"health4all","column_comment":"","relation_type":"branching_masters","active":true,"branch_on":"facility_area"},{"column_type":"int","column_size":"2","column_key":"PRI","column_name":"area_type_id","table_name":"area_types","column_label":"Area Type Id","db":"health4all","column_comment":"","relation_type":"branching_masters","active":true,"branch_on":"facility_area"},{"column_type":"int","column_size":"7","column_key":"PRI","column_name":"visit_id","table_name":"mlc","column_label":"Visit Id","db":"health4all","column_comment":"","relation_type":"branching_masters","active":true,"branch_on":"internal_transfer"},{"column_type":"int","column_size":"7","column_key":"PRI","column_name":"visit_id","table_name":"patient_visit","column_label":"Visit Id","db":"health4all","column_comment":"","relation_type":"branching_masters","active":true,"branch_on":"internal_transfer"},{"column_type":"int","column_size":"4","column_key":"PRI","column_name":"area_id","table_name":"area","column_label":"Area Id","db":"health4all","column_comment":"","relation_type":"branching_masters","active":true,"branch_on":"internal_transfer"},{"column_type":"int","column_size":"7","column_key":"PRI","column_name":"user_id","table_name":"bb_user","column_label":"User Id","db":"health4all","column_comment":"","relation_type":"branching_masters","active":true,"branch_on":"internal_transfer"},{"column_type":"int","column_size":"4","column_key":"PRI","column_name":"user_id","table_name":"user","column_label":"User Id","db":"health4all","column_comment":"","relation_type":"branching_masters","active":true,"branch_on":"internal_transfer"},{"column_type":"int","column_size":"3","column_key":"PRI","column_name":"hospital_id","table_name":"hospital","column_label":"Hospital Id","db":"health4all","column_comment":"","relation_type":"branching_masters","active":true,"branch_on":"patient_visit"},{"column_type":"int","column_size":"11","column_key":"PRI","column_name":"hospital_id","table_name":"staff_previous_hospital","column_label":"Hospital Id","db":"health4all","column_comment":"","relation_type":"branching_masters","active":true,"branch_on":"patient_visit"},{"column_type":"int","column_size":"11","column_key":"PRI","column_name":"visit_name_id","table_name":"visit_name","column_label":"Visit Name Id","db":"health4all","column_comment":"","relation_type":"branching_masters","active":true,"branch_on":"patient_visit"},{"column_type":"int","column_size":"11","column_key":"PRI","column_name":"patient_id","table_name":"bb_external_patient","column_label":"Patient Id","db":"health4all","column_comment":"","relation_type":"branching_masters","active":true,"branch_on":"patient_visit"},{"column_type":"int","column_size":"7","column_key":"PRI","column_name":"patient_id","table_name":"patient","column_label":"Patient Id","db":"health4all","column_comment":"","relation_type":"branching_masters","active":true,"branch_on":"patient_visit"},{"column_type":"int","column_size":"11","column_key":"PRI","column_name":"insurance_id","table_name":"insurance","column_label":"Insurance Id","db":"health4all","column_comment":"","relation_type":"branching_masters","active":true,"branch_on":"patient_visit"},{"column_type":"int","column_size":"3","column_key":"PRI","column_name":"hospital_id","table_name":"hospital","column_label":"Hospital Id","db":"health4all","column_comment":"","relation_type":"branching_masters","active":true,"branch_on":"staff"},{"column_type":"int","column_size":"11","column_key":"PRI","column_name":"hospital_id","table_name":"staff_previous_hospital","column_label":"Hospital Id","db":"health4all","column_comment":"","relation_type":"branching_masters","active":true,"branch_on":"staff"},{"column_type":"int","column_size":"4","column_key":"PRI","column_name":"unit_id","table_name":"unit","column_label":"Unit Id","db":"health4all","column_comment":"","relation_type":"branching_masters","active":true,"branch_on":"staff"},{"column_type":"int","column_size":"4","column_key":"PRI","column_name":"area_id","table_name":"area","column_label":"Area Id","db":"health4all","column_comment":"","relation_type":"branching_masters","active":true,"branch_on":"staff"},{"column_type":"int","column_size":"11","column_key":"PRI","column_name":"staff_category_id","table_name":"staff_category","column_label":"Staff Category Id","db":"health4all","column_comment":"","relation_type":"branching_masters","active":true,"branch_on":"staff"},{"column_type":"int","column_size":"6","column_key":"PRI","column_name":"staff_role_id","table_name":"staff_role","column_label":"Staff Role Id","db":"health4all","column_comment":"","relation_type":"branching_masters","active":true,"branch_on":"staff"},{"column_type":"int","column_size":"6","column_key":"PRI","column_name":"qualification_id","table_name":"qualification","column_label":"Qualification Id","db":"health4all","column_comment":"","relation_type":"branching_masters","active":true,"branch_on":"staff"},{"column_type":"int","column_size":"11","column_key":"PRI","column_name":"qualification_id","table_name":"staff_applicant_qualification_master","column_label":"Qualification Id","db":"health4all","column_comment":"","relation_type":"branching_masters","active":true,"branch_on":"staff"},{"column_type":"int","column_size":"3","column_key":"PRI","column_name":"hospital_id","table_name":"hospital","column_label":"Hospital Id","db":"health4all","column_comment":"","relation_type":"branching_masters","active":true,"branch_on":"supply_chain_party"},{"column_type":"int","column_size":"11","column_key":"PRI","column_name":"hospital_id","table_name":"staff_previous_hospital","column_label":"Hospital Id","db":"health4all","column_comment":"","relation_type":"branching_masters","active":true,"branch_on":"supply_chain_party"},{"column_type":"int","column_size":"4","column_key":"PRI","column_name":"area_id","table_name":"area","column_label":"Area Id","db":"health4all","column_comment":"","relation_type":"branching_masters","active":true,"branch_on":"supply_chain_party"},{"column_type":"int","column_size":"11","column_key":"PRI","column_name":"vendor_id","table_name":"vendor","column_label":"Vendor Id","db":"health4all","column_comment":"","relation_type":"branching_masters","active":true,"branch_on":"supply_chain_party"},{"column_type":"int","column_size":"3","column_key":"PRI","column_name":"hospital_id","table_name":"hospital","column_label":"Hospital Id","db":"health4all","column_comment":"","relation_type":"branching_masters","active":true,"branch_on":"test_area"},{"column_type":"int","column_size":"11","column_key":"PRI","column_name":"hospital_id","table_name":"staff_previous_hospital","column_label":"Hospital Id","db":"health4all","column_comment":"","relation_type":"branching_masters","active":true,"branch_on":"test_area"},{"column_type":"int","column_size":"7","column_key":"PRI","column_name":"user_id","table_name":"bb_user","column_label":"User Id","db":"health4all","column_comment":"","relation_type":"branching_masters","active":true,"branch_on":"user_department_link"},{"column_type":"int","column_size":"4","column_key":"PRI","column_name":"user_id","table_name":"user","column_label":"User Id","db":"health4all","column_comment":"","relation_type":"branching_masters","active":true,"branch_on":"user_department_link"}]}