{"entity_type":"sql_table","folder_name":"app_one/scaffold","file_name":"health4all_staff","extension":".json","table_type":"","app_name":"app_one","db":"health4all","table_name":"staff","ops":[{"op_name":"","params":{}}],"table_columns":[{"column_type":"int","column_size":"4","column_key":"PRI","column_name":"staff_id","table_name":"staff","column_label":"Staff Id","db":"health4all","column_comment":""},{"column_type":"int","column_size":"3","column_key":"","column_name":"hospital_id","table_name":"staff","column_label":"Hospital Id","db":"health4all","column_comment":""},{"column_type":"int","column_size":"2","column_key":"","column_name":"department_id","table_name":"staff","column_label":"Department Id","db":"health4all","column_comment":""},{"column_type":"int","column_size":"6","column_key":"","column_name":"unit_id","table_name":"staff","column_label":"Unit Id","db":"health4all","column_comment":""},{"column_type":"int","column_size":"6","column_key":"","column_name":"area_id","table_name":"staff","column_label":"Area Id","db":"health4all","column_comment":""},{"column_type":"varchar","column_size":"50","column_key":"","column_name":"first_name","table_name":"staff","column_label":"First Name","db":"health4all","column_comment":""},{"column_type":"varchar","column_size":"100","column_key":"","column_name":"last_name","table_name":"staff","column_label":"Last Name","db":"health4all","column_comment":""},{"column_type":"varchar","column_size":"50","column_key":"","column_name":"name","table_name":"staff","column_label":"Name","db":"health4all","column_comment":""},{"column_type":"date","column_key":"","column_name":"date_of_birth","table_name":"staff","column_label":"Date Of Birth","db":"health4all","column_comment":""},{"column_type":"varchar","column_size":"1","column_key":"","column_name":"gender","table_name":"staff","column_label":"Gender","db":"health4all","column_comment":""},{"column_type":"varchar","column_size":"50","column_key":"","column_name":"staff_category","table_name":"staff","column_label":"Staff Category","db":"health4all","column_comment":""},{"column_type":"int","column_size":"6","column_key":"","column_name":"staff_category_id","table_name":"staff","column_label":"Staff Category Id","db":"health4all","column_comment":"Seniority based classification. Eg. Professor, Asst. Professor, etc."},{"column_type":"varchar","column_size":"20","column_key":"","column_name":"staff_type","table_name":"staff","column_label":"Staff Type","db":"health4all","column_comment":"On roles, On contract, etc. "},{"column_type":"varchar","column_size":"20","column_key":"","column_name":"staff_role","table_name":"staff","column_label":"Staff Role","db":"health4all","column_comment":""},{"column_type":"int","column_size":"6","column_key":"","column_name":"staff_role_id","table_name":"staff","column_label":"Staff Role Id","db":"health4all","column_comment":""},{"column_type":"tinyint","column_size":"1","column_key":"","column_name":"mci_flag","table_name":"staff","column_label":"Mci Flag","db":"health4all","column_comment":"Medical Council of India, 1- Reported, 0- NonReported"},{"column_type":"varchar","column_size":"15","column_key":"","column_name":"ima_registration_number","table_name":"staff","column_label":"Ima Registration Number","db":"health4all","column_comment":""},{"column_type":"varchar","column_size":"50","column_key":"","column_name":"email","table_name":"staff","column_label":"Email","db":"health4all","column_comment":""},{"column_type":"varchar","column_size":"20","column_key":"","column_name":"phone","table_name":"staff","column_label":"Phone","db":"health4all","column_comment":""},{"column_type":"varchar","column_size":"100","column_key":"","column_name":"image","table_name":"staff","column_label":"Image","db":"health4all","column_comment":""},{"column_type":"int","column_size":"6","column_key":"","column_name":"qualification_id","table_name":"staff","column_label":"Qualification Id","db":"health4all","column_comment":""},{"column_type":"varchar","column_size":"100","column_key":"","column_name":"designation","table_name":"staff","column_label":"Designation","db":"health4all","column_comment":""},{"column_type":"varchar","column_size":"100","column_key":"","column_name":"area_of_responsibility","table_name":"staff","column_label":"Area Of Responsibility","db":"health4all","column_comment":""},{"column_type":"varchar","column_size":"100","column_key":"","column_name":"research_area","table_name":"staff","column_label":"Research Area","db":"health4all","column_comment":""},{"column_type":"varchar","column_size":"100","column_key":"","column_name":"specialisation","table_name":"staff","column_label":"Specialisation","db":"health4all","column_comment":""},{"column_type":"varchar","column_size":"200","column_key":"","column_name":"research","table_name":"staff","column_label":"Research","db":"health4all","column_comment":""},{"column_type":"text","column_key":"","column_name":"personal_note","table_name":"staff","column_label":"Personal Note","db":"health4all","column_comment":""},{"column_type":"varchar","column_size":"30","column_key":"","column_name":"staff_status","table_name":"staff","column_label":"Staff Status","db":"health4all","column_comment":"Default : Active, Transferred, Resigned, Retired, etc.,"},{"column_type":"tinyint","column_size":"1","column_key":"","column_name":"status","table_name":"staff","column_label":"Status","db":"health4all","column_comment":""},{"column_type":"date","column_key":"","column_name":"status_date","table_name":"staff","column_label":"Status Date","db":"health4all","column_comment":""},{"column_type":"varchar","column_size":"20","column_key":"","column_name":"doctor_reg_no","table_name":"staff","column_label":"Doctor Reg No","db":"health4all","column_comment":""},{"column_type":"binary","column_size":"1","column_key":"","column_name":"staff_flag","table_name":"staff","column_label":"Staff Flag","db":"health4all","column_comment":""},{"column_type":"binary","column_size":"1","column_key":"","column_name":"doctor_flag","table_name":"staff","column_label":"Doctor Flag","db":"health4all","column_comment":""},{"column_type":"varchar","column_size":"100","column_key":"","column_name":"bank","table_name":"staff","column_label":"Bank","db":"health4all","column_comment":""},{"column_type":"varchar","column_size":"100","column_key":"","column_name":"bank_branch","table_name":"staff","column_label":"Bank Branch","db":"health4all","column_comment":""},{"column_type":"varchar","column_size":"100","column_key":"","column_name":"account_name","table_name":"staff","column_label":"Account Name","db":"health4all","column_comment":""},{"column_type":"varchar","column_size":"50","column_key":"","column_name":"account_number","table_name":"staff","column_label":"Account Number","db":"health4all","column_comment":""},{"column_type":"varchar","column_size":"11","column_key":"","column_name":"ifsc_code","table_name":"staff","column_label":"Ifsc Code","db":"health4all","column_comment":""}],"labels":[{"column_type":"varchar","column_size":"50","column_key":"","column_name":"first_name","table_name":"staff","column_label":"First Name","db":"health4all","column_comment":""},{"column_type":"varchar","column_size":"100","column_key":"","column_name":"last_name","table_name":"staff","column_label":"Last Name","db":"health4all","column_comment":""},{"column_type":"varchar","column_size":"50","column_key":"","column_name":"name","table_name":"staff","column_label":"Name","db":"health4all","column_comment":""},{"column_type":"varchar","column_size":"1","column_key":"","column_name":"gender","table_name":"staff","column_label":"Gender","db":"health4all","column_comment":""},{"column_type":"varchar","column_size":"50","column_key":"","column_name":"staff_category","table_name":"staff","column_label":"Staff Category","db":"health4all","column_comment":""},{"column_type":"varchar","column_size":"20","column_key":"","column_name":"staff_type","table_name":"staff","column_label":"Staff Type","db":"health4all","column_comment":"On roles, On contract, etc. "},{"column_type":"varchar","column_size":"20","column_key":"","column_name":"staff_role","table_name":"staff","column_label":"Staff Role","db":"health4all","column_comment":""},{"column_type":"varchar","column_size":"15","column_key":"","column_name":"ima_registration_number","table_name":"staff","column_label":"Ima Registration Number","db":"health4all","column_comment":""},{"column_type":"varchar","column_size":"50","column_key":"","column_name":"email","table_name":"staff","column_label":"Email","db":"health4all","column_comment":""},{"column_type":"varchar","column_size":"20","column_key":"","column_name":"phone","table_name":"staff","column_label":"Phone","db":"health4all","column_comment":""},{"column_type":"varchar","column_size":"100","column_key":"","column_name":"image","table_name":"staff","column_label":"Image","db":"health4all","column_comment":""},{"column_type":"varchar","column_size":"100","column_key":"","column_name":"designation","table_name":"staff","column_label":"Designation","db":"health4all","column_comment":""},{"column_type":"varchar","column_size":"100","column_key":"","column_name":"area_of_responsibility","table_name":"staff","column_label":"Area Of Responsibility","db":"health4all","column_comment":""},{"column_type":"varchar","column_size":"100","column_key":"","column_name":"research_area","table_name":"staff","column_label":"Research Area","db":"health4all","column_comment":""},{"column_type":"varchar","column_size":"100","column_key":"","column_name":"specialisation","table_name":"staff","column_label":"Specialisation","db":"health4all","column_comment":""},{"column_type":"varchar","column_size":"200","column_key":"","column_name":"research","table_name":"staff","column_label":"Research","db":"health4all","column_comment":""},{"column_type":"varchar","column_size":"30","column_key":"","column_name":"staff_status","table_name":"staff","column_label":"Staff Status","db":"health4all","column_comment":"Default : Active, Transferred, Resigned, Retired, etc.,"},{"column_type":"varchar","column_size":"20","column_key":"","column_name":"doctor_reg_no","table_name":"staff","column_label":"Doctor Reg No","db":"health4all","column_comment":""},{"column_type":"varchar","column_size":"100","column_key":"","column_name":"bank","table_name":"staff","column_label":"Bank","db":"health4all","column_comment":""},{"column_type":"varchar","column_size":"100","column_key":"","column_name":"bank_branch","table_name":"staff","column_label":"Bank Branch","db":"health4all","column_comment":""},{"column_type":"varchar","column_size":"100","column_key":"","column_name":"account_name","table_name":"staff","column_label":"Account Name","db":"health4all","column_comment":""},{"column_type":"varchar","column_size":"50","column_key":"","column_name":"account_number","table_name":"staff","column_label":"Account Number","db":"health4all","column_comment":""},{"column_type":"varchar","column_size":"11","column_key":"","column_name":"ifsc_code","table_name":"staff","column_label":"Ifsc Code","db":"health4all","column_comment":""}],"relation":[{"column_type":"int","column_size":"3","column_key":"PRI","column_name":"hospital_id","table_name":"hospital","column_label":"Hospital Id","db":"health4all","column_comment":"","relation_type":"masters","active":true},{"column_type":"int","column_size":"11","column_key":"PRI","column_name":"hospital_id","table_name":"staff_previous_hospital","column_label":"Hospital Id","db":"health4all","column_comment":"","relation_type":"masters","active":true},{"column_type":"int","column_size":"3","column_key":"PRI","column_name":"department_id","table_name":"department","column_label":"Department Id","db":"health4all","column_comment":"","relation_type":"masters","active":true},{"column_type":"int","column_size":"4","column_key":"PRI","column_name":"unit_id","table_name":"unit","column_label":"Unit Id","db":"health4all","column_comment":"","relation_type":"masters","active":true},{"column_type":"int","column_size":"4","column_key":"PRI","column_name":"area_id","table_name":"area","column_label":"Area Id","db":"health4all","column_comment":"","relation_type":"masters","active":true},{"column_type":"int","column_size":"11","column_key":"PRI","column_name":"staff_category_id","table_name":"staff_category","column_label":"Staff Category Id","db":"health4all","column_comment":"","relation_type":"masters","active":true},{"column_type":"int","column_size":"6","column_key":"PRI","column_name":"staff_role_id","table_name":"staff_role","column_label":"Staff Role Id","db":"health4all","column_comment":"","relation_type":"masters","active":true},{"column_type":"int","column_size":"6","column_key":"PRI","column_name":"qualification_id","table_name":"qualification","column_label":"Qualification Id","db":"health4all","column_comment":"","relation_type":"masters","active":true},{"column_type":"int","column_size":"11","column_key":"PRI","column_name":"qualification_id","table_name":"staff_applicant_qualification_master","column_label":"Qualification Id","db":"health4all","column_comment":"","relation_type":"masters","active":true},{"column_type":"int","column_size":"6","column_key":"","column_name":"staff_id","table_name":"affiliation","column_label":"Staff Id","db":"health4all","column_comment":"","relation_type":"derived","active":true},{"column_type":"int","column_size":"5","column_key":"","column_name":"staff_id","table_name":"audiology","column_label":"Staff Id","db":"health4all","column_comment":"","relation_type":"derived","active":true},{"column_type":"int","column_size":"7","column_key":"","column_name":"staff_id","table_name":"blood_request","column_label":"Staff Id","db":"health4all","column_comment":"","relation_type":"derived","active":true},{"column_type":"int","column_size":"4","column_key":"","column_name":"staff_id","table_name":"bloodbank_edit_log","column_label":"Staff Id","db":"health4all","column_comment":"","relation_type":"derived","active":true},{"column_type":"int","column_size":"4","column_key":"","column_name":"staff_id","table_name":"equipment","column_label":"Staff Id","db":"health4all","column_comment":"","relation_type":"derived","active":true},{"column_type":"int","column_size":"11","column_key":"","column_name":"staff_id","table_name":"follow_up","column_label":"Staff Id","db":"health4all","column_comment":"","relation_type":"derived","active":true},{"column_type":"int","column_size":"4","column_key":"","column_name":"staff_id","table_name":"hr_transaction","column_label":"Staff Id","db":"health4all","column_comment":"","relation_type":"derived","active":true},{"column_type":"int","column_size":"11","column_key":"MUL","column_name":"staff_id","table_name":"leave","column_label":"Staff Id","db":"health4all","column_comment":"","relation_type":"derived","active":true},{"column_type":"int","column_size":"11","column_key":"","column_name":"staff_id","table_name":"otp_log","column_label":"Staff Id","db":"health4all","column_comment":"","relation_type":"derived","active":true},{"column_type":"int","column_size":"11","column_key":"","column_name":"staff_id","table_name":"procedure_staff","column_label":"Staff Id","db":"health4all","column_comment":"","relation_type":"derived","active":true},{"column_type":"int","column_size":"6","column_key":"","column_name":"staff_id","table_name":"publication","column_label":"Staff Id","db":"health4all","column_comment":"","relation_type":"derived","active":true},{"column_type":"int","column_size":"6","column_key":"","column_name":"staff_id","table_name":"qualification","column_label":"Staff Id","db":"health4all","column_comment":"","relation_type":"derived","active":true},{"column_type":"int","column_size":"11","column_key":"MUL","column_name":"staff_id","table_name":"roaster","column_label":"Staff Id","db":"health4all","column_comment":"","relation_type":"derived","active":true},{"column_type":"int","column_size":"3","column_key":"","column_name":"staff_id","table_name":"staff_applicant","column_label":"Staff Id","db":"health4all","column_comment":"","relation_type":"derived","active":true},{"column_type":"int","column_size":"3","column_key":"","column_name":"staff_id","table_name":"staff_applicant_qualification","column_label":"Staff Id","db":"health4all","column_comment":"","relation_type":"derived","active":true},{"column_type":"int","column_size":"11","column_key":"","column_name":"staff_id","table_name":"staff_applicant_work_expriance","column_label":"Staff Id","db":"health4all","column_comment":"","relation_type":"derived","active":true},{"column_type":"int","column_size":"11","column_key":"","column_name":"staff_id","table_name":"transport","column_label":"Staff Id","db":"health4all","column_comment":"","relation_type":"derived","active":true},{"column_type":"int","column_size":"6","column_key":"","column_name":"staff_id","table_name":"user","column_label":"Staff Id","db":"health4all","column_comment":"","relation_type":"derived","active":true},{"column_type":"int","column_size":"11","column_key":"PRI","column_name":"patient_id","table_name":"bb_external_patient","column_label":"Patient Id","db":"health4all","column_comment":"","relation_type":"branching_masters","active":true,"branch_on":"blood_request"},{"column_type":"int","column_size":"7","column_key":"PRI","column_name":"patient_id","table_name":"patient","column_label":"Patient Id","db":"health4all","column_comment":"","relation_type":"branching_masters","active":true,"branch_on":"blood_request"},{"column_type":"int","column_size":"7","column_key":"PRI","column_name":"visit_id","table_name":"mlc","column_label":"Visit Id","db":"health4all","column_comment":"","relation_type":"branching_masters","active":true,"branch_on":"blood_request"},{"column_type":"int","column_size":"7","column_key":"PRI","column_name":"visit_id","table_name":"patient_visit","column_label":"Visit Id","db":"health4all","column_comment":"","relation_type":"branching_masters","active":true,"branch_on":"blood_request"},{"column_type":"int","column_size":"3","column_key":"PRI","column_name":"hospital_id","table_name":"hospital","column_label":"Hospital Id","db":"health4all","column_comment":"","relation_type":"branching_masters","active":true,"branch_on":"blood_request"},{"column_type":"int","column_size":"11","column_key":"PRI","column_name":"hospital_id","table_name":"staff_previous_hospital","column_label":"Hospital Id","db":"health4all","column_comment":"","relation_type":"branching_masters","active":true,"branch_on":"blood_request"},{"column_type":"int","column_size":"3","column_key":"PRI","column_name":"equipment_type_id","table_name":"equipment_type","column_label":"Equipment Type Id","db":"health4all","column_comment":"","relation_type":"branching_masters","active":true,"branch_on":"equipment"},{"column_type":"int","column_size":"11","column_key":"PRI","column_name":"vendor_id","table_name":"vendor","column_label":"Vendor Id","db":"health4all","column_comment":"","relation_type":"branching_masters","active":true,"branch_on":"equipment"},{"column_type":"int","column_size":"3","column_key":"PRI","column_name":"hospital_id","table_name":"hospital","column_label":"Hospital Id","db":"health4all","column_comment":"","relation_type":"branching_masters","active":true,"branch_on":"equipment"},{"column_type":"int","column_size":"11","column_key":"PRI","column_name":"hospital_id","table_name":"staff_previous_hospital","column_label":"Hospital Id","db":"health4all","column_comment":"","relation_type":"branching_masters","active":true,"branch_on":"equipment"},{"column_type":"int","column_size":"3","column_key":"PRI","column_name":"department_id","table_name":"department","column_label":"Department Id","db":"health4all","column_comment":"","relation_type":"branching_masters","active":true,"branch_on":"equipment"},{"column_type":"int","column_size":"4","column_key":"PRI","column_name":"area_id","table_name":"area","column_label":"Area Id","db":"health4all","column_comment":"","relation_type":"branching_masters","active":true,"branch_on":"equipment"},{"column_type":"int","column_size":"4","column_key":"PRI","column_name":"unit_id","table_name":"unit","column_label":"Unit Id","db":"health4all","column_comment":"","relation_type":"branching_masters","active":true,"branch_on":"equipment"},{"column_type":"int","column_size":"7","column_key":"PRI","column_name":"visit_id","table_name":"mlc","column_label":"Visit Id","db":"health4all","column_comment":"","relation_type":"branching_masters","active":true,"branch_on":"follow_up"},{"column_type":"int","column_size":"7","column_key":"PRI","column_name":"visit_id","table_name":"patient_visit","column_label":"Visit Id","db":"health4all","column_comment":"","relation_type":"branching_masters","active":true,"branch_on":"follow_up"},{"column_type":"int","column_size":"11","column_key":"PRI","column_name":"follow_up_status_id","table_name":"follow_up_status","column_label":"Follow Up Status Id","db":"health4all","column_comment":"","relation_type":"branching_masters","active":true,"branch_on":"follow_up"},{"column_type":"int","column_size":"2","column_key":"PRI","column_name":"hr_transaction_type_id","table_name":"hr_transaction_type","column_label":"Hr Transaction Type Id","db":"health4all","column_comment":"","relation_type":"branching_masters","active":true,"branch_on":"hr_transaction"},{"column_type":"int","column_size":"11","column_key":"PRI","column_name":"leave_type_id","table_name":"leave_type","column_label":"Leave Type Id","db":"health4all","column_comment":"","relation_type":"branching_masters","active":true,"branch_on":"leave"},{"column_type":"int","column_size":"10","column_key":"PRI","column_name":"patient_procedure_id","table_name":"patient_procedure","column_label":"Patient Procedure Id","db":"health4all","column_comment":"","relation_type":"branching_masters","active":true,"branch_on":"procedure_staff"},{"column_type":"int","column_size":"11","column_key":"PRI","column_name":"shift_id","table_name":"shift","column_label":"Shift Id","db":"health4all","column_comment":"","relation_type":"branching_masters","active":true,"branch_on":"roaster"},{"column_type":"int","column_size":"3","column_key":"PRI","column_name":"district_id","table_name":"district","column_label":"District Id","db":"health4all","column_comment":"","relation_type":"branching_masters","active":true,"branch_on":"staff_applicant"},{"column_type":"int","column_size":"11","column_key":"PRI","column_name":"drive_id","table_name":"staff_recruitment_drive","column_label":"Drive Id","db":"health4all","column_comment":"","relation_type":"branching_masters","active":true,"branch_on":"staff_applicant"},{"column_type":"int","column_size":"11","column_key":"PRI","column_name":"applicant_id","table_name":"staff_applicant","column_label":"Applicant Id","db":"health4all","column_comment":"","relation_type":"branching_masters","active":true,"branch_on":"staff_applicant_qualification"},{"column_type":"int","column_size":"6","column_key":"PRI","column_name":"qualification_id","table_name":"qualification","column_label":"Qualification Id","db":"health4all","column_comment":"","relation_type":"branching_masters","active":true,"branch_on":"staff_applicant_qualification"},{"column_type":"int","column_size":"11","column_key":"PRI","column_name":"qualification_id","table_name":"staff_applicant_qualification_master","column_label":"Qualification Id","db":"health4all","column_comment":"","relation_type":"branching_masters","active":true,"branch_on":"staff_applicant_qualification"},{"column_type":"int","column_size":"11","column_key":"PRI","column_name":"college_id","table_name":"staff_applicant_college","column_label":"College Id","db":"health4all","column_comment":"","relation_type":"branching_masters","active":true,"branch_on":"staff_applicant_qualification"},{"column_type":"int","column_size":"11","column_key":"PRI","column_name":"applicant_id","table_name":"staff_applicant","column_label":"Applicant Id","db":"health4all","column_comment":"","relation_type":"branching_masters","active":true,"branch_on":"staff_applicant_work_expriance"},{"column_type":"int","column_size":"3","column_key":"PRI","column_name":"hospital_id","table_name":"hospital","column_label":"Hospital Id","db":"health4all","column_comment":"","relation_type":"branching_masters","active":true,"branch_on":"staff_applicant_work_expriance"},{"column_type":"int","column_size":"11","column_key":"PRI","column_name":"hospital_id","table_name":"staff_previous_hospital","column_label":"Hospital Id","db":"health4all","column_comment":"","relation_type":"branching_masters","active":true,"branch_on":"staff_applicant_work_expriance"},{"column_type":"int","column_size":"7","column_key":"PRI","column_name":"visit_id","table_name":"mlc","column_label":"Visit Id","db":"health4all","column_comment":"","relation_type":"branching_masters","active":true,"branch_on":"transport"},{"column_type":"int","column_size":"7","column_key":"PRI","column_name":"visit_id","table_name":"patient_visit","column_label":"Visit Id","db":"health4all","column_comment":"","relation_type":"branching_masters","active":true,"branch_on":"transport"}]}