{"file_name":"ct_batch","table_name":"ct_batch","table_type":["link_master"],"table_groups":[],"sub_form":"ct_course","property":[{"column_name":"ct_batch_id","table_name":"ct_batch","property_name":"table_type","property_value":"link_master"},{"column_name":"ct_batch_id","table_name":"ct_batch","property_name":"sub_form","property_value":"ct_course"},{"column_name":"batch_name","table_name":"ct_batch","property_name":"column_type","property_value":"label_column"},{"column_name":"session_days","table_name":"ct_batch","property_name":"Comma Separated List of days in a week"}],"column":[{"db":"coders_tribe","table":"ct_batch","type":"int","column_name":"ct_batch_id","column_size":"11","column_key":"PRI","column_label":"Ct_batch_id","required":false,"master_table":false,"default_label":false,"default_filter":true,"default_summary":true},{"db":"coders_tribe","table":"ct_batch","type":"int","column_name":"ct_course_id","column_size":"11","column_key":"","column_label":"Ct_course_id","required":false,"master_table":"ct_course","default_label":false,"default_filter":false,"default_summary":false},{"db":"coders_tribe","table":"ct_batch","type":"varchar","column_name":"batch_name","column_size":"50","column_key":"","column_label":"Batch_name","required":false,"master_table":false,"default_label":false,"default_filter":false,"default_summary":false},{"db":"coders_tribe","table":"ct_batch","type":"varchar","column_name":"batch_fee","column_size":"2","column_key":"","column_label":"Batch_fee","required":false,"master_table":false,"default_label":false,"default_filter":false,"default_summary":false},{"db":"coders_tribe","table":"ct_batch","type":"date","column_name":"batch_start","column_key":"","column_label":"Batch_start","required":false,"master_table":false,"default_label":false,"default_filter":false,"default_summary":false},{"db":"coders_tribe","table":"ct_batch","type":"date","column_name":"batch_end","column_key":"","column_label":"Batch_end","required":false,"master_table":false,"default_label":false,"default_filter":false,"default_summary":false},{"db":"coders_tribe","table":"ct_batch","type":"time","column_name":"session_start_time","column_key":"","column_label":"Session_start_time","required":false,"master_table":false,"default_label":false,"default_filter":false,"default_summary":false},{"db":"coders_tribe","table":"ct_batch","type":"time","column_name":"session_end_time","column_key":"","column_label":"Session_end_time","required":false,"master_table":false,"default_label":false,"default_filter":false,"default_summary":false},{"db":"coders_tribe","table":"ct_batch","type":"int","column_name":"sort_order","column_size":"2","column_key":"","column_label":"Sort_order","required":false,"master_table":false,"default_label":false,"default_filter":false,"default_summary":false},{"db":"coders_tribe","table":"ct_batch","type":"datetime","column_name":"created_on","column_key":"","column_label":"Created_on","required":false,"master_table":false,"default_label":false,"default_filter":false,"default_summary":false},{"db":"coders_tribe","table":"ct_batch","type":"datetime","column_name":"updated_on","column_key":"","column_label":"Updated_on","required":false,"master_table":false,"default_label":false,"default_filter":false,"default_summary":false},{"db":"coders_tribe","table":"ct_batch","type":"varchar","column_name":"session_days","column_size":"21","column_key":"","column_label":"Session_days","required":false,"master_table":false,"default_label":false,"default_filter":false,"default_summary":false},{"db":"coders_tribe","table":"ct_batch","type":"tinyint","column_name":"active","column_size":"1","column_key":"","column_label":"Active","required":false,"master_table":false,"default_label":false,"default_filter":false,"default_summary":false}],"op":{"derived":{"filter":[{"table_name":"ct_payment","column_name":"ct_payment_id","active":true},{"table_name":"ct_batch","column_name":"ct_batch_id","active":true}],"session":[],"select_ob":[{"table_name":"ct_payment","column_name":"check_number","column_label":"Check Number","column_op":"","visible":true},{"table_name":"ct_batch","column_name":"batch_name","column_label":"Batch Name","column_op":"","visible":true},{"table_name":"ct_batch","column_name":"ct_batch_id","column_label":"Ct Batch Id","column_op":"","visible":false},{"table_name":"ct_batch","column_name":"ct_course_id","column_label":"Ct Course Id","column_op":"","visible":true},{"table_name":"ct_batch","column_name":"batch_name","column_label":"Batch Name","column_op":"","visible":true},{"table_name":"ct_batch","column_name":"batch_fee","column_label":"Batch Fee","column_op":"","visible":true},{"table_name":"ct_batch","column_name":"batch_start","column_label":"Batch Start","column_op":"","visible":true},{"table_name":"ct_batch","column_name":"batch_end","column_label":"Batch End","column_op":"","visible":true},{"table_name":"ct_batch","column_name":"session_start_time","column_label":"Session Start Time","column_op":"","visible":true},{"table_name":"ct_batch","column_name":"session_end_time","column_label":"Session End Time","column_op":"","visible":true},{"table_name":"ct_batch","column_name":"sort_order","column_label":"Sort Order","column_op":"","visible":true},{"table_name":"ct_batch","column_name":"created_on","column_label":"Created On","column_op":"","visible":true},{"table_name":"ct_batch","column_name":"updated_on","column_label":"Updated On","column_op":"","visible":true},{"table_name":"ct_batch","column_name":"session_days","column_label":"Session Days","column_op":"","visible":true},{"table_name":"ct_batch","column_name":"active","column_label":"Active","column_op":"","visible":true}],"join":[{"table_one":"ct_payment","key_one":"ct_payment_id","table_two":"ct_batch","key_two":"ct_batch_id","join_type":"left","join_group":"","active":true},{"table_one":"ct_batch","key_one":"ct_batch_id","table_two":"ct_student_batch","key_two":"ct_student_batch_id","join_type":"left","join_group":"ct_batch","active":true,"column_type":"link_master"},{"table_one":"ct_student_batch","key_one":"ct_student_batch_id","table_two":"ct_batch","key_two":"ct_batch_id","join_type":"left","join_group":"ct_batch","active":true}],"where":[],"having":[],"grouping":[],"active":true},"master":{"filter":[{"table_name":"ct_course","column_name":"ct_course_id","active":true}],"session":[],"select_ob":[{"table_name":"ct_course","column_name":"course_name","column_label":"Course Name","column_op":"","visible":true},{"table_name":"ct_batch","column_name":"ct_batch_id","column_label":"Ct Batch Id","column_op":"","visible":false},{"table_name":"ct_batch","column_name":"ct_course_id","column_label":"Ct Course Id","column_op":"","visible":true},{"table_name":"ct_batch","column_name":"batch_name","column_label":"Batch Name","column_op":"","visible":true},{"table_name":"ct_batch","column_name":"batch_fee","column_label":"Batch Fee","column_op":"","visible":true},{"table_name":"ct_batch","column_name":"batch_start","column_label":"Batch Start","column_op":"","visible":true},{"table_name":"ct_batch","column_name":"batch_end","column_label":"Batch End","column_op":"","visible":true},{"table_name":"ct_batch","column_name":"session_start_time","column_label":"Session Start Time","column_op":"","visible":true},{"table_name":"ct_batch","column_name":"session_end_time","column_label":"Session End Time","column_op":"","visible":true},{"table_name":"ct_batch","column_name":"sort_order","column_label":"Sort Order","column_op":"","visible":true},{"table_name":"ct_batch","column_name":"created_on","column_label":"Created On","column_op":"","visible":true},{"table_name":"ct_batch","column_name":"updated_on","column_label":"Updated On","column_op":"","visible":true},{"table_name":"ct_batch","column_name":"session_days","column_label":"Session Days","column_op":"","visible":true},{"table_name":"ct_batch","column_name":"active","column_label":"Active","column_op":"","visible":true}],"join":[{"table_one":"ct_course","key_one":"ct_course_id","table_two":"ct_batch","key_two":"ct_batch_id","join_type":"left","join_group":"","active":true}],"where":[],"having":[],"grouping":[]}}}