{"file_name":"ct_payment","table_name":"ct_payment","table_type":[],"table_groups":[],"sub_form":"ct_student","property":[{"column_name":"ct_payment_id","table_name":"ct_payment","property_name":"sub_form","property_value":"ct_student"}],"column":[{"db":"coders_tribe","table":"ct_payment","type":"int","column_name":"ct_payment_id","column_size":"11","column_key":"PRI","column_label":"Ct_payment_id","required":false,"master_table":false,"default_label":false,"default_filter":true,"default_summary":true},{"db":"coders_tribe","table":"ct_payment","type":"int","column_name":"ct_student_id","column_size":"11","column_key":"","column_label":"Ct_student_id","required":false,"master_table":"ct_student","default_label":false,"default_filter":false,"default_summary":false},{"db":"coders_tribe","table":"ct_payment","type":"int","column_name":"ct_batch_id","column_size":"11","column_key":"","column_label":"Ct_batch_id","required":false,"master_table":"ct_batch","default_label":false,"default_filter":false,"default_summary":false},{"db":"coders_tribe","table":"ct_payment","type":"int","column_name":"payment","column_size":"11","column_key":"","column_label":"Payment","required":false,"master_table":false,"default_label":false,"default_filter":false,"default_summary":false},{"db":"coders_tribe","table":"ct_payment","type":"varchar","column_name":"check_number","column_size":"50","column_key":"","column_label":"Check_number","required":false,"master_table":false,"default_label":false,"default_filter":false,"default_summary":false},{"db":"coders_tribe","table":"ct_payment","type":"varchar","column_name":"account_holder_name","column_size":"100","column_key":"","column_label":"Account_holder_name","required":false,"master_table":false,"default_label":false,"default_filter":false,"default_summary":false},{"db":"coders_tribe","table":"ct_payment","type":"varchar","column_name":"account_number","column_size":"100","column_key":"","column_label":"Account_number","required":false,"master_table":false,"default_label":false,"default_filter":false,"default_summary":false},{"db":"coders_tribe","table":"ct_payment","type":"varchar","column_name":"bank_name","column_size":"100","column_key":"","column_label":"Bank_name","required":false,"master_table":false,"default_label":false,"default_filter":false,"default_summary":false},{"db":"coders_tribe","table":"ct_payment","type":"varchar","column_name":"ifsc_code","column_size":"50","column_key":"","column_label":"Ifsc_code","required":false,"master_table":false,"default_label":false,"default_filter":false,"default_summary":false},{"db":"coders_tribe","table":"ct_payment","type":"varchar","column_name":"transaction_type","column_size":"20","column_key":"","column_label":"Transaction_type","required":false,"master_table":false,"default_label":false,"default_filter":false,"default_summary":false},{"db":"coders_tribe","table":"ct_payment","type":"varchar","column_name":"transaction_id","column_size":"50","column_key":"","column_label":"Transaction_id","required":false,"master_table":false,"default_label":false,"default_filter":false,"default_summary":false},{"db":"coders_tribe","table":"ct_payment","type":"datetime","column_name":"transaction_date","column_key":"","column_label":"Transaction_date","required":false,"master_table":false,"default_label":false,"default_filter":false,"default_summary":false},{"db":"coders_tribe","table":"ct_payment","type":"datetime","column_name":"created_on","column_key":"","column_label":"Created_on","required":false,"master_table":false,"default_label":false,"default_filter":false,"default_summary":false},{"db":"coders_tribe","table":"ct_payment","type":"datetime","column_name":"updated_on","column_key":"","column_label":"Updated_on","required":false,"master_table":false,"default_label":false,"default_filter":false,"default_summary":false}],"op":{"derived":{"filter":[],"session":[],"select_ob":[{"table_name":"ct_payment","column_name":"ct_payment_id","column_label":"Ct Payment Id","column_op":"","visible":false},{"table_name":"ct_payment","column_name":"ct_student_id","column_label":"Ct Student Id","column_op":"","visible":true},{"table_name":"ct_payment","column_name":"ct_batch_id","column_label":"Ct Batch Id","column_op":"","visible":true},{"table_name":"ct_payment","column_name":"payment","column_label":"Payment","column_op":"","visible":true},{"table_name":"ct_payment","column_name":"check_number","column_label":"Check Number","column_op":"","visible":true},{"table_name":"ct_payment","column_name":"account_holder_name","column_label":"Account Holder Name","column_op":"","visible":true},{"table_name":"ct_payment","column_name":"account_number","column_label":"Account Number","column_op":"","visible":true},{"table_name":"ct_payment","column_name":"bank_name","column_label":"Bank Name","column_op":"","visible":true},{"table_name":"ct_payment","column_name":"ifsc_code","column_label":"Ifsc Code","column_op":"","visible":true},{"table_name":"ct_payment","column_name":"transaction_type","column_label":"Transaction Type","column_op":"","visible":true},{"table_name":"ct_payment","column_name":"transaction_id","column_label":"Transaction Id","column_op":"","visible":true},{"table_name":"ct_payment","column_name":"transaction_date","column_label":"Transaction Date","column_op":"","visible":true},{"table_name":"ct_payment","column_name":"created_on","column_label":"Created On","column_op":"","visible":true},{"table_name":"ct_payment","column_name":"updated_on","column_label":"Updated On","column_op":"","visible":true}],"join":[],"where":[],"having":[],"grouping":[],"active":true},"master":{"filter":[{"table_name":"ct_student","column_name":"ct_student_id","active":true},{"table_name":"ct_batch","column_name":"ct_batch_id","active":true}],"session":[],"select_ob":[{"table_name":"ct_student","column_name":"first_name","column_label":"First Name","column_op":"","visible":true},{"table_name":"ct_batch","column_name":"batch_name","column_label":"Batch Name","column_op":"","visible":true},{"table_name":"ct_payment","column_name":"ct_payment_id","column_label":"Ct Payment Id","column_op":"","visible":false},{"table_name":"ct_payment","column_name":"ct_student_id","column_label":"Ct Student Id","column_op":"","visible":true},{"table_name":"ct_payment","column_name":"ct_batch_id","column_label":"Ct Batch Id","column_op":"","visible":true},{"table_name":"ct_payment","column_name":"payment","column_label":"Payment","column_op":"","visible":true},{"table_name":"ct_payment","column_name":"check_number","column_label":"Check Number","column_op":"","visible":true},{"table_name":"ct_payment","column_name":"account_holder_name","column_label":"Account Holder Name","column_op":"","visible":true},{"table_name":"ct_payment","column_name":"account_number","column_label":"Account Number","column_op":"","visible":true},{"table_name":"ct_payment","column_name":"bank_name","column_label":"Bank Name","column_op":"","visible":true},{"table_name":"ct_payment","column_name":"ifsc_code","column_label":"Ifsc Code","column_op":"","visible":true},{"table_name":"ct_payment","column_name":"transaction_type","column_label":"Transaction Type","column_op":"","visible":true},{"table_name":"ct_payment","column_name":"transaction_id","column_label":"Transaction Id","column_op":"","visible":true},{"table_name":"ct_payment","column_name":"transaction_date","column_label":"Transaction Date","column_op":"","visible":true},{"table_name":"ct_payment","column_name":"created_on","column_label":"Created On","column_op":"","visible":true},{"table_name":"ct_payment","column_name":"updated_on","column_label":"Updated On","column_op":"","visible":true}],"join":[{"table_one":"ct_student","key_one":"ct_student_id","table_two":"ct_payment","key_two":"ct_payment_id","join_type":"left","join_group":"","active":true},{"table_one":"ct_batch","key_one":"ct_batch_id","table_two":"ct_payment","key_two":"ct_payment_id","join_type":"left","join_group":"","active":true}],"where":[],"having":[],"grouping":[]}}}