{"file_name":"ct_student","table_name":"ct_student","table_type":[],"table_groups":[],"property":[{"column_name":"first_name","table_name":"ct_student","property_name":"column_type","property_value":"label_column"},{"column_name":"last_name","table_name":"ct_student","property_name":"column_type","property_value":"label_column"}],"column":[{"db":"coders_tribe","table":"ct_student","type":"int","column_name":"ct_student_id","column_size":"11","column_key":"PRI","column_label":"Ct_student_id","required":false,"master_table":false,"default_label":false,"default_filter":true,"default_summary":true},{"db":"coders_tribe","table":"ct_student","type":"varchar","column_name":"first_name","column_size":"150","column_key":"","column_label":"First_name","required":false,"master_table":false,"default_label":false,"default_filter":false,"default_summary":false},{"db":"coders_tribe","table":"ct_student","type":"varchar","column_name":"last_name","column_size":"150","column_key":"","column_label":"Last_name","required":false,"master_table":false,"default_label":false,"default_filter":false,"default_summary":false},{"db":"coders_tribe","table":"ct_student","type":"varchar","column_name":"student_mobile","column_size":"12","column_key":"","column_label":"Student_mobile","required":false,"master_table":false,"default_label":false,"default_filter":false,"default_summary":false},{"db":"coders_tribe","table":"ct_student","type":"varchar","column_name":"parent_mobile","column_size":"12","column_key":"","column_label":"Parent_mobile","required":false,"master_table":false,"default_label":false,"default_filter":false,"default_summary":false},{"db":"coders_tribe","table":"ct_student","type":"varchar","column_name":"guardian_first_name","column_size":"70","column_key":"","column_label":"Guardian_first_name","required":false,"master_table":false,"default_label":false,"default_filter":false,"default_summary":false},{"db":"coders_tribe","table":"ct_student","type":"varchar","column_name":"guardian_last_name","column_size":"70","column_key":"","column_label":"Guardian_last_name","required":false,"master_table":false,"default_label":false,"default_filter":false,"default_summary":false},{"db":"coders_tribe","table":"ct_student","type":"int","column_name":"relation_type_id","column_size":"11","column_key":"","column_label":"Relation_type_id","required":false,"master_table":false,"default_label":false,"default_filter":false,"default_summary":false},{"db":"coders_tribe","table":"ct_student","type":"varchar","column_name":"last_institution","column_size":"150","column_key":"","column_label":"Last_institution","required":false,"master_table":false,"default_label":false,"default_filter":false,"default_summary":false},{"db":"coders_tribe","table":"ct_student","type":"varchar","column_name":"institution_place","column_size":"30","column_key":"","column_label":"Institution_place","required":false,"master_table":false,"default_label":false,"default_filter":false,"default_summary":false},{"db":"coders_tribe","table":"ct_student","type":"varchar","column_name":"highest_education","column_size":"100","column_key":"","column_label":"Highest_education","required":false,"master_table":false,"default_label":false,"default_filter":false,"default_summary":false},{"db":"coders_tribe","table":"ct_student","type":"int","column_name":"age","column_size":"2","column_key":"","column_label":"Age","required":false,"master_table":false,"default_label":false,"default_filter":false,"default_summary":false},{"db":"coders_tribe","table":"ct_student","type":"varchar","column_name":"gender","column_size":"1","column_key":"","column_label":"Gender","required":false,"master_table":false,"default_label":false,"default_filter":false,"default_summary":false},{"db":"coders_tribe","table":"ct_student","type":"varchar","column_name":"address_street_line_one","column_size":"150","column_key":"","column_label":"Address_street_line_one","required":false,"master_table":false,"default_label":false,"default_filter":false,"default_summary":false},{"db":"coders_tribe","table":"ct_student","type":"varchar","column_name":"address_street_line_two","column_size":"150","column_key":"","column_label":"Address_street_line_two","required":false,"master_table":false,"default_label":false,"default_filter":false,"default_summary":false},{"db":"coders_tribe","table":"ct_student","type":"varchar","column_name":"city","column_size":"30","column_key":"","column_label":"City","required":false,"master_table":false,"default_label":false,"default_filter":false,"default_summary":false},{"db":"coders_tribe","table":"ct_student","type":"varchar","column_name":"pin","column_size":"15","column_key":"","column_label":"Pin","required":false,"master_table":false,"default_label":false,"default_filter":false,"default_summary":false}],"op":{"derived":{"filter":[{"table_name":"ct_payment","column_name":"ct_payment_id","active":true},{"table_name":"ct_batch","column_name":"ct_batch_id","active":true}],"session":[],"select_ob":[{"table_name":"ct_payment","column_name":"check_number","column_label":"Check Number","column_op":"","visible":true},{"table_name":"ct_batch","column_name":"batch_name","column_label":"Batch Name","column_op":"","visible":true},{"table_name":"ct_student","column_name":"ct_student_id","column_label":"Ct Student Id","column_op":"","visible":false},{"table_name":"ct_student","column_name":"first_name","column_label":"First Name","column_op":"","visible":true},{"table_name":"ct_student","column_name":"last_name","column_label":"Last Name","column_op":"","visible":true},{"table_name":"ct_student","column_name":"student_mobile","column_label":"Student Mobile","column_op":"","visible":true},{"table_name":"ct_student","column_name":"parent_mobile","column_label":"Parent Mobile","column_op":"","visible":true},{"table_name":"ct_student","column_name":"guardian_first_name","column_label":"Guardian First Name","column_op":"","visible":true},{"table_name":"ct_student","column_name":"guardian_last_name","column_label":"Guardian Last Name","column_op":"","visible":true},{"table_name":"ct_student","column_name":"relation_type_id","column_label":"Relation Type Id","column_op":"","visible":true},{"table_name":"ct_student","column_name":"last_institution","column_label":"Last Institution","column_op":"","visible":true},{"table_name":"ct_student","column_name":"institution_place","column_label":"Institution Place","column_op":"","visible":true},{"table_name":"ct_student","column_name":"highest_education","column_label":"Highest Education","column_op":"","visible":true},{"table_name":"ct_student","column_name":"age","column_label":"Age","column_op":"","visible":true},{"table_name":"ct_student","column_name":"gender","column_label":"Gender","column_op":"","visible":true},{"table_name":"ct_student","column_name":"address_street_line_one","column_label":"Address Street Line One","column_op":"","visible":true},{"table_name":"ct_student","column_name":"address_street_line_two","column_label":"Address Street Line Two","column_op":"","visible":true},{"table_name":"ct_student","column_name":"city","column_label":"City","column_op":"","visible":true},{"table_name":"ct_student","column_name":"pin","column_label":"Pin","column_op":"","visible":true}],"join":[{"table_one":"ct_payment","key_one":"ct_payment_id","table_two":"ct_student","key_two":"ct_student_id","join_type":"left","join_group":"","active":true},{"table_one":"ct_batch","key_one":"ct_batch_id","table_two":"ct_student_batch","key_two":"ct_student_batch_id","join_type":"left","join_group":"ct_batch","active":true,"column_type":"link_master"},{"table_one":"ct_student_batch","key_one":"ct_student_batch_id","table_two":"ct_student","key_two":"ct_student_id","join_type":"left","join_group":"ct_batch","active":true}],"where":[],"having":[],"grouping":[],"active":true},"master":{"filter":[],"session":[],"select_ob":[{"table_name":"ct_student","column_name":"ct_student_id","column_label":"Ct Student Id","column_op":"","visible":false},{"table_name":"ct_student","column_name":"first_name","column_label":"First Name","column_op":"","visible":true},{"table_name":"ct_student","column_name":"last_name","column_label":"Last Name","column_op":"","visible":true},{"table_name":"ct_student","column_name":"student_mobile","column_label":"Student Mobile","column_op":"","visible":true},{"table_name":"ct_student","column_name":"parent_mobile","column_label":"Parent Mobile","column_op":"","visible":true},{"table_name":"ct_student","column_name":"guardian_first_name","column_label":"Guardian First Name","column_op":"","visible":true},{"table_name":"ct_student","column_name":"guardian_last_name","column_label":"Guardian Last Name","column_op":"","visible":true},{"table_name":"ct_student","column_name":"relation_type_id","column_label":"Relation Type Id","column_op":"","visible":true},{"table_name":"ct_student","column_name":"last_institution","column_label":"Last Institution","column_op":"","visible":true},{"table_name":"ct_student","column_name":"institution_place","column_label":"Institution Place","column_op":"","visible":true},{"table_name":"ct_student","column_name":"highest_education","column_label":"Highest Education","column_op":"","visible":true},{"table_name":"ct_student","column_name":"age","column_label":"Age","column_op":"","visible":true},{"table_name":"ct_student","column_name":"gender","column_label":"Gender","column_op":"","visible":true},{"table_name":"ct_student","column_name":"address_street_line_one","column_label":"Address Street Line One","column_op":"","visible":true},{"table_name":"ct_student","column_name":"address_street_line_two","column_label":"Address Street Line Two","column_op":"","visible":true},{"table_name":"ct_student","column_name":"city","column_label":"City","column_op":"","visible":true},{"table_name":"ct_student","column_name":"pin","column_label":"Pin","column_op":"","visible":true}],"join":[],"where":[],"having":[],"grouping":[]}}}