{"file_name":"ct_student_batch","table_name":"ct_student_batch","table_type":["link_table"],"table_groups":[],"property":[{"column_name":"ct_student_batch_id","table_name":"ct_student_batch","property_name":"table_type","property_value":"link_table"},{"column_name":"ct_batch_id","table_name":"ct_student_batch","property_name":"column_type","property_value":"link_master"}],"column":[{"db":"coders_tribe","table":"ct_student_batch","type":"int","column_name":"ct_student_batch_id","column_size":"11","column_key":"PRI","column_label":"Ct_student_batch_id","required":false,"master_table":false,"default_label":false,"default_filter":true,"default_summary":true},{"db":"coders_tribe","table":"ct_student_batch","type":"int","column_name":"ct_student_id","column_size":"11","column_key":"","column_label":"Ct_student_id","required":false,"master_table":"ct_student","default_label":false,"default_filter":false,"default_summary":false},{"db":"coders_tribe","table":"ct_student_batch","type":"int","column_name":"ct_batch_id","column_size":"11","column_key":"","column_label":"Ct_batch_id","required":false,"master_table":"ct_batch","default_label":false,"default_filter":false,"default_summary":false},{"db":"coders_tribe","table":"ct_student_batch","type":"int","column_name":"created_on","column_size":"11","column_key":"","column_label":"Created_on","required":false,"master_table":false,"default_label":false,"default_filter":false,"default_summary":false},{"db":"coders_tribe","table":"ct_student_batch","type":"int","column_name":"updated_on","column_size":"11","column_key":"","column_label":"Updated_on","required":false,"master_table":false,"default_label":false,"default_filter":false,"default_summary":false}],"op":{"derived":{"filter":[],"session":[],"select_ob":[{"table_name":"ct_student_batch","column_name":"ct_student_batch_id","column_label":"Ct Student Batch Id","column_op":"","visible":false},{"table_name":"ct_student_batch","column_name":"ct_student_id","column_label":"Ct Student Id","column_op":"","visible":true},{"table_name":"ct_student_batch","column_name":"ct_batch_id","column_label":"Ct Batch Id","column_op":"","visible":true},{"table_name":"ct_student_batch","column_name":"created_on","column_label":"Created On","column_op":"","visible":true},{"table_name":"ct_student_batch","column_name":"updated_on","column_label":"Updated On","column_op":"","visible":true}],"join":[],"where":[],"having":[],"grouping":[],"active":true},"master":{"filter":[{"table_name":"ct_student","column_name":"ct_student_id","active":true},{"table_name":"ct_batch","column_name":"ct_batch_id","active":true}],"session":[],"select_ob":[{"table_name":"ct_student","column_name":"first_name","column_label":"First Name","column_op":"","visible":true},{"table_name":"ct_batch","column_name":"batch_name","column_label":"Batch Name","column_op":"","visible":true},{"table_name":"ct_student_batch","column_name":"ct_student_batch_id","column_label":"Ct Student Batch Id","column_op":"","visible":false},{"table_name":"ct_student_batch","column_name":"ct_student_id","column_label":"Ct Student Id","column_op":"","visible":true},{"table_name":"ct_student_batch","column_name":"ct_batch_id","column_label":"Ct Batch Id","column_op":"","visible":true},{"table_name":"ct_student_batch","column_name":"created_on","column_label":"Created On","column_op":"","visible":true},{"table_name":"ct_student_batch","column_name":"updated_on","column_label":"Updated On","column_op":"","visible":true}],"join":[{"table_one":"ct_student","key_one":"ct_student_id","table_two":"ct_student_batch","key_two":"ct_student_batch_id","join_type":"left","join_group":"","active":true},{"table_one":"ct_batch","key_one":"ct_batch_id","table_two":"ct_student_batch","key_two":"ct_student_batch_id","join_type":"left","join_group":"","active":true}],"where":[],"having":[],"grouping":[]}}}