{"file_name":"ct_topic","table_name":"ct_topic","table_type":[],"table_groups":[],"sub_form":"ct_course","property":[{"column_name":"ct_topic_id","table_name":"ct_topic","property_name":"sub_form","property_value":"ct_course"},{"column_name":"topic_name","table_name":"ct_topic","property_name":"column_type","property_value":"label_column"}],"column":[{"db":"coders_tribe","table":"ct_topic","type":"int","column_name":"ct_topic_id","column_size":"11","column_key":"PRI","column_label":"Ct_topic_id","required":false,"master_table":false,"default_label":false,"default_filter":true,"default_summary":true},{"db":"coders_tribe","table":"ct_topic","type":"int","column_name":"ct_course_id","column_size":"11","column_key":"","column_label":"Ct_course_id","required":false,"master_table":"ct_course","default_label":false,"default_filter":false,"default_summary":false},{"db":"coders_tribe","table":"ct_topic","type":"varchar","column_name":"topic_name","column_size":"50","column_key":"","column_label":"Topic_name","required":false,"master_table":false,"default_label":false,"default_filter":false,"default_summary":false},{"db":"coders_tribe","table":"ct_topic","type":"varchar","column_name":"topic_description","column_size":"150","column_key":"","column_label":"Topic_description","required":false,"master_table":false,"default_label":false,"default_filter":false,"default_summary":false},{"db":"coders_tribe","table":"ct_topic","type":"datetime","column_name":"created_on","column_key":"","column_label":"Created_on","required":false,"master_table":false,"default_label":false,"default_filter":false,"default_summary":false},{"db":"coders_tribe","table":"ct_topic","type":"datetime","column_name":"updated_on","column_key":"","column_label":"Updated_on","required":false,"master_table":false,"default_label":false,"default_filter":false,"default_summary":false},{"db":"coders_tribe","table":"ct_topic","type":"int","column_name":"sort_order","column_size":"2","column_key":"","column_label":"Sort_order","required":false,"master_table":false,"default_label":false,"default_filter":false,"default_summary":false},{"db":"coders_tribe","table":"ct_topic","type":"tinyint","column_name":"active","column_size":"1","column_key":"","column_label":"Active","required":false,"master_table":false,"default_label":false,"default_filter":false,"default_summary":false}],"op":{"derived":{"filter":[],"session":[],"select_ob":[{"table_name":"ct_topic","column_name":"ct_topic_id","column_label":"Ct Topic Id","column_op":"","visible":false},{"table_name":"ct_topic","column_name":"ct_course_id","column_label":"Ct Course Id","column_op":"","visible":true},{"table_name":"ct_topic","column_name":"topic_name","column_label":"Topic Name","column_op":"","visible":true},{"table_name":"ct_topic","column_name":"topic_description","column_label":"Topic Description","column_op":"","visible":true},{"table_name":"ct_topic","column_name":"created_on","column_label":"Created On","column_op":"","visible":true},{"table_name":"ct_topic","column_name":"updated_on","column_label":"Updated On","column_op":"","visible":true},{"table_name":"ct_topic","column_name":"sort_order","column_label":"Sort Order","column_op":"","visible":true},{"table_name":"ct_topic","column_name":"active","column_label":"Active","column_op":"","visible":true}],"join":[],"where":[],"having":[],"grouping":[],"active":true},"master":{"filter":[{"table_name":"ct_course","column_name":"ct_course_id","active":true}],"session":[],"select_ob":[{"table_name":"ct_course","column_name":"course_name","column_label":"Course Name","column_op":"","visible":true},{"table_name":"ct_topic","column_name":"ct_topic_id","column_label":"Ct Topic Id","column_op":"","visible":false},{"table_name":"ct_topic","column_name":"ct_course_id","column_label":"Ct Course Id","column_op":"","visible":true},{"table_name":"ct_topic","column_name":"topic_name","column_label":"Topic Name","column_op":"","visible":true},{"table_name":"ct_topic","column_name":"topic_description","column_label":"Topic Description","column_op":"","visible":true},{"table_name":"ct_topic","column_name":"created_on","column_label":"Created On","column_op":"","visible":true},{"table_name":"ct_topic","column_name":"updated_on","column_label":"Updated On","column_op":"","visible":true},{"table_name":"ct_topic","column_name":"sort_order","column_label":"Sort Order","column_op":"","visible":true},{"table_name":"ct_topic","column_name":"active","column_label":"Active","column_op":"","visible":true}],"join":[{"table_one":"ct_course","key_one":"ct_course_id","table_two":"ct_topic","key_two":"ct_topic_id","join_type":"left","join_group":"","active":true}],"where":[],"having":[],"grouping":[]}}}