{"file_name":"user","table_name":"user","table_type":["acl_table"],"table_groups":[],"property":[{"column_name":"user_id","table_name":"user","property_name":"table_type","property_value":"acl_table"},{"column_name":"user_name","table_name":"user","property_name":"column_type","property_value":"label_column"}],"column":[{"db":"coders_tribe","table":"user","type":"int","column_name":"user_id","column_size":"11","column_key":"PRI","column_label":"User_id","required":false,"master_table":false,"default_label":false,"default_filter":true,"default_summary":true},{"db":"coders_tribe","table":"user","type":"varchar","column_name":"user_name","column_size":"50","column_key":"","column_label":"User_name","required":false,"master_table":false,"default_label":false,"default_filter":false,"default_summary":false},{"db":"coders_tribe","table":"user","type":"varchar","column_name":"password","column_size":"150","column_key":"","column_label":"Password","required":false,"master_table":false,"default_label":false,"default_filter":false,"default_summary":false}],"op":{"derived":{"filter":[],"session":[],"select_ob":[{"table_name":"user","column_name":"user_id","column_label":"User Id","column_op":"","visible":false},{"table_name":"user","column_name":"user_name","column_label":"User Name","column_op":"","visible":true},{"table_name":"user","column_name":"password","column_label":"Password","column_op":"","visible":true}],"join":[],"where":[],"having":[],"grouping":[],"active":true},"master":{"filter":[],"session":[],"select_ob":[{"table_name":"user","column_name":"user_id","column_label":"User Id","column_op":"","visible":false},{"table_name":"user","column_name":"user_name","column_label":"User Name","column_op":"","visible":true},{"table_name":"user","column_name":"password","column_label":"Password","column_op":"","visible":true}],"join":[],"where":[],"having":[],"grouping":[]}}}