{"grid_component":{},"file_name":"ct_course","table_name":"ct_course","db_name":"","primary_column":"","form_parent":"","form":{"default":{"component":{},"form_property":[],"grid_row_class":[{"property_name":"class","property_value":"w3-row w3-margin-bottom"}],"grid_column_class":[{"property_name":"class","property_value":"w3-col w3-mobile s12 m4 l4 w3-padding-small"}],"form_element":[{"label":"Ct_course_id","column_name":"ct_course_id","column_size":"11","html_element":"input","validation_message":"","js_event":[],"js_op":[],"php_op":[],"js_component":[],"sort_order":0,"label_property":[{"property_name":"class","property_value":""},{"property_name":"for","property_value":"ct_course_id"},{"property_name":"class","property_value":"w3-text-teal"}],"property":{"html":[{"property_name":"id","property_value":"ct_course_id"},{"type":"hidden"},{"type":"number"}]},"value":{"table_name":"","value_column":"","label_column":""},"acl_op":[],"active":true},{"label":"Course_name","column_name":"course_name","column_size":"50","html_element":"input","validation_message":"","js_event":[],"js_op":[],"php_op":[],"js_component":[],"sort_order":1,"label_property":[{"property_name":"class","property_value":""},{"property_name":"for","property_value":"course_name"},{"property_name":"class","property_value":"w3-text-teal"}],"property":{"html":[{"property_name":"id","property_value":"course_name"},{"type":"text"}]},"value":{"table_name":"","value_column":"","label_column":""},"acl_op":[],"active":true},{"label":"Course_description","column_name":"course_description","column_size":"300","html_element":"textarea","validation_message":"","js_event":[],"js_op":[],"php_op":[],"js_component":[],"sort_order":2,"label_property":[{"property_name":"class","property_value":""},{"property_name":"for","property_value":"course_description"},{"property_name":"class","property_value":"w3-text-teal"}],"property":{"html":[{"property_name":"id","property_value":"course_description"}]},"value":{"table_name":"","value_column":"","label_column":""},"acl_op":[],"active":true},{"label":"Sort_order","column_name":"sort_order","column_size":"2","html_element":"input","validation_message":"","js_event":[],"js_op":[],"php_op":[],"js_component":[],"sort_order":3,"label_property":[{"property_name":"class","property_value":""},{"property_name":"for","property_value":"sort_order"},{"property_name":"class","property_value":"w3-text-teal"}],"property":{"html":[{"property_name":"id","property_value":"sort_order"},{"type":"number"}]},"value":{"table_name":"","value_column":"","label_column":""},"acl_op":[],"active":true},{"label":"Active","column_name":"active","column_size":"1","html_element":"input","validation_message":"","js_event":[],"js_op":[],"php_op":[],"js_component":[],"sort_order":4,"label_property":[{"property_name":"class","property_value":""},{"property_name":"for","property_value":"active"},{"property_name":"class","property_value":"w3-text-teal"}],"property":{"html":[{"property_name":"id","property_value":"active"},{"type":"number"}]},"value":{"table_name":"","value_column":"","label_column":""},"acl_op":[],"active":true},{"label":"Created_on","column_name":"created_on","html_element":"input","validation_message":"","js_event":[],"js_op":[],"php_op":[],"js_component":[],"sort_order":5,"label_property":[{"property_name":"class","property_value":""},{"property_name":"for","property_value":"created_on"},{"property_name":"class","property_value":"w3-text-teal"}],"property":{"html":[{"property_name":"id","property_value":"created_on"},{"type":"datetime-local"}]},"value":{"table_name":"","value_column":"","label_column":""},"acl_op":[],"active":true},{"label":"Updated_on","column_name":"updated_on","html_element":"input","validation_message":"","js_event":[],"js_op":[],"php_op":[],"js_component":[],"sort_order":6,"label_property":[{"property_name":"class","property_value":""},{"property_name":"for","property_value":"updated_on"},{"property_name":"class","property_value":"w3-text-teal"}],"property":{"html":[{"property_name":"id","property_value":"updated_on"},{"type":"datetime-local"}]},"value":{"table_name":"","value_column":"","label_column":""},"acl_op":[],"active":true}],"acl_op":[],"primary_column":"ct_course_id","db_name":"coders_tribe","form_parent":false}},"filter":{"default":{"component":{},"filter_property":[],"grid_row_class":[{"property_name":"class","property_value":"w3-row w3-margin-bottom"}],"grid_column_class":[{"property_name":"class","property_value":"w3-col w3-mobile s12 m4 l4 w3-padding-small"}],"filter_element":[{"label":"Ct_course_id","column_name":"ct_course_id","column_size":"11","html_element":"input","validation_message":"","js_event":[],"js_op":[],"php_op":[],"js_component":"","sort_order":0,"label_property":[{"property_name":"class","property_value":""},{"property_name":"for","property_value":"ct_course_id"}],"property":{"html":[{"property_name":"id","property_value":"ct_course_id"},{"type":"number"}]},"value":{"table_name":"","value_column":"","label_column":""},"acl_op":[],"active":true},{"label":"Course_name","column_name":"course_name","column_size":"50","html_element":"input","validation_message":"","js_event":[],"js_op":[],"php_op":[],"js_component":"","sort_order":1,"label_property":[{"property_name":"class","property_value":""},{"property_name":"for","property_value":"course_name"}],"property":{"html":[{"property_name":"id","property_value":"course_name"},{"type":"text"}]},"value":{"table_name":"","value_column":"","label_column":""},"acl_op":[],"active":true},{"label":"Course_description","column_name":"course_description","column_size":"300","html_element":"textarea","validation_message":"","js_event":[],"js_op":[],"php_op":[],"js_component":"","sort_order":2,"label_property":[{"property_name":"class","property_value":""},{"property_name":"for","property_value":"course_description"}],"property":{"html":[{"property_name":"id","property_value":"course_description"}]},"value":{"table_name":"","value_column":"","label_column":""},"acl_op":[],"active":true},{"label":"Sort_order","column_name":"sort_order","column_size":"2","html_element":"input","validation_message":"","js_event":[],"js_op":[],"php_op":[],"js_component":"","sort_order":3,"label_property":[{"property_name":"class","property_value":""},{"property_name":"for","property_value":"sort_order"}],"property":{"html":[{"property_name":"id","property_value":"sort_order"},{"type":"number"}]},"value":{"table_name":"","value_column":"","label_column":""},"acl_op":[],"active":true},{"label":"Active","column_name":"active","column_size":"1","html_element":"input","validation_message":"","js_event":[],"js_op":[],"php_op":[],"js_component":"","sort_order":4,"label_property":[{"property_name":"class","property_value":""},{"property_name":"for","property_value":"active"}],"property":{"html":[{"property_name":"id","property_value":"active"},{"type":"number"}]},"value":{"table_name":"","value_column":"","label_column":""},"acl_op":[],"active":true},{"label":"Created_on","column_name":"created_on","html_element":"input","validation_message":"","js_event":[],"js_op":[],"php_op":[],"js_component":"","sort_order":5,"label_property":[{"property_name":"class","property_value":""},{"property_name":"for","property_value":"created_on"}],"property":{"html":[{"property_name":"id","property_value":"created_on"},{"type":"datetime-local"}]},"value":{"table_name":"","value_column":"","label_column":""},"acl_op":[],"active":true},{"label":"Updated_on","column_name":"updated_on","html_element":"input","validation_message":"","js_event":[],"js_op":[],"php_op":[],"js_component":"","sort_order":6,"label_property":[{"property_name":"class","property_value":""},{"property_name":"for","property_value":"updated_on"}],"property":{"html":[{"property_name":"id","property_value":"updated_on"},{"type":"datetime-local"}]},"value":{"table_name":"","value_column":"","label_column":""},"acl_op":[],"active":true}],"acl_op":[]}},"table":{"default":{"component":{},"table_property":[{"property_name":"class","property_value":"w3-table-all"},{"property_name":"class","property_value":"w3-light-grey"}],"header_property":[],"row_property":[],"table_element":[{"header":"Ct Course Id","value_key":"ct_course_id","property_name":"","property_value":"","sort_order":0},{"header":"Course Name","value_key":"course_name","property_name":"","property_value":"","sort_order":1},{"header":"Course Description","value_key":"course_description","property_name":"","property_value":"","sort_order":2},{"header":"Sort Order","value_key":"sort_order","property_name":"","property_value":"","sort_order":3},{"header":"Active","value_key":"active","property_name":"","property_value":"","sort_order":4},{"header":"Created On","value_key":"created_on","property_name":"","property_value":"","sort_order":5},{"header":"Updated On","value_key":"updated_on","property_name":"","property_value":"","sort_order":6}],"element_property":[{"value_key":"ct_course_id","property_name":"","property_value":""},{"value_key":"course_name","property_name":"","property_value":""},{"value_key":"course_description","property_name":"","property_value":""},{"value_key":"sort_order","property_name":"","property_value":""},{"value_key":"active","property_name":"","property_value":""},{"value_key":"created_on","property_name":"","property_value":""},{"value_key":"updated_on","property_name":"","property_value":""}],"acl_op":[]}},"parent_record":{"default":false},"page_ops":{},"acl_op":{},"pagination":{"container":[{"property_name":"class","property_value":"w3-bar"}],"next_page_op_property":[{"property_name":"class","property_value":"w3-button"}]}}