{"grid_component":{},"file_name":"ct_payment","table_name":"ct_payment","db_name":"","primary_column":"","form_parent":"","form":{"default":{"component":{},"form_property":[],"grid_row_class":[{"property_name":"class","property_value":"w3-row w3-margin-bottom"}],"grid_column_class":[{"property_name":"class","property_value":"w3-col w3-mobile s12 m4 l4 w3-padding-small"}],"form_element":[{"label":"Ct_payment_id","column_name":"ct_payment_id","column_size":"11","html_element":"input","validation_message":"","js_event":[],"js_op":[],"php_op":[],"js_component":[],"sort_order":0,"label_property":[{"property_name":"class","property_value":""},{"property_name":"for","property_value":"ct_payment_id"},{"property_name":"class","property_value":"w3-text-teal"}],"property":{"html":[{"property_name":"id","property_value":"ct_payment_id"},{"type":"hidden"},{"type":"number"}]},"value":{"table_name":"","value_column":"","label_column":""},"acl_op":[],"active":true},{"label":"Ct_batch_id","column_name":"ct_batch_id","column_size":"11","html_element":"select","validation_message":"","js_event":[],"js_op":[],"php_op":[],"js_component":[],"sort_order":2,"label_property":[{"property_name":"class","property_value":""},{"property_name":"for","property_value":"ct_batch_id"},{"property_name":"class","property_value":"w3-text-teal"}],"property":{"html":[{"property_name":"id","property_value":"ct_batch_id"},{"property_name":"class","property_value":"w3-select w3-border"}]},"value":{"table_name":"ct_batch","value_column":"ct_batch_id","label_column":"batch_name"},"acl_op":[],"active":true},{"label":"Payment","column_name":"payment","column_size":"11","html_element":"input","validation_message":"","js_event":[],"js_op":[],"php_op":[],"js_component":[],"sort_order":3,"label_property":[{"property_name":"class","property_value":""},{"property_name":"for","property_value":"payment"},{"property_name":"class","property_value":"w3-text-teal"}],"property":{"html":[{"property_name":"id","property_value":"payment"},{"type":"number"}]},"value":{"table_name":"","value_column":"","label_column":""},"acl_op":[],"active":true},{"label":"Check_number","column_name":"check_number","column_size":"50","html_element":"input","validation_message":"","js_event":[],"js_op":[],"php_op":[],"js_component":[],"sort_order":4,"label_property":[{"property_name":"class","property_value":""},{"property_name":"for","property_value":"check_number"},{"property_name":"class","property_value":"w3-text-teal"}],"property":{"html":[{"property_name":"id","property_value":"check_number"},{"type":"text"}]},"value":{"table_name":"","value_column":"","label_column":""},"acl_op":[],"active":true},{"label":"Account_holder_name","column_name":"account_holder_name","column_size":"100","html_element":"textarea","validation_message":"","js_event":[],"js_op":[],"php_op":[],"js_component":[],"sort_order":5,"label_property":[{"property_name":"class","property_value":""},{"property_name":"for","property_value":"account_holder_name"},{"property_name":"class","property_value":"w3-text-teal"}],"property":{"html":[{"property_name":"id","property_value":"account_holder_name"}]},"value":{"table_name":"","value_column":"","label_column":""},"acl_op":[],"active":true},{"label":"Account_number","column_name":"account_number","column_size":"100","html_element":"textarea","validation_message":"","js_event":[],"js_op":[],"php_op":[],"js_component":[],"sort_order":6,"label_property":[{"property_name":"class","property_value":""},{"property_name":"for","property_value":"account_number"},{"property_name":"class","property_value":"w3-text-teal"}],"property":{"html":[{"property_name":"id","property_value":"account_number"}]},"value":{"table_name":"","value_column":"","label_column":""},"acl_op":[],"active":true},{"label":"Bank_name","column_name":"bank_name","column_size":"100","html_element":"textarea","validation_message":"","js_event":[],"js_op":[],"php_op":[],"js_component":[],"sort_order":7,"label_property":[{"property_name":"class","property_value":""},{"property_name":"for","property_value":"bank_name"},{"property_name":"class","property_value":"w3-text-teal"}],"property":{"html":[{"property_name":"id","property_value":"bank_name"}]},"value":{"table_name":"","value_column":"","label_column":""},"acl_op":[],"active":true},{"label":"Ifsc_code","column_name":"ifsc_code","column_size":"50","html_element":"input","validation_message":"","js_event":[],"js_op":[],"php_op":[],"js_component":[],"sort_order":8,"label_property":[{"property_name":"class","property_value":""},{"property_name":"for","property_value":"ifsc_code"},{"property_name":"class","property_value":"w3-text-teal"}],"property":{"html":[{"property_name":"id","property_value":"ifsc_code"},{"type":"text"}]},"value":{"table_name":"","value_column":"","label_column":""},"acl_op":[],"active":true},{"label":"Transaction_type","column_name":"transaction_type","column_size":"20","html_element":"input","validation_message":"","js_event":[],"js_op":[],"php_op":[],"js_component":[],"sort_order":9,"label_property":[{"property_name":"class","property_value":""},{"property_name":"for","property_value":"transaction_type"},{"property_name":"class","property_value":"w3-text-teal"}],"property":{"html":[{"property_name":"id","property_value":"transaction_type"},{"type":"text"}]},"value":{"table_name":"","value_column":"","label_column":""},"acl_op":[],"active":true},{"label":"Transaction_id","column_name":"transaction_id","column_size":"50","html_element":"input","validation_message":"","js_event":[],"js_op":[],"php_op":[],"js_component":[],"sort_order":10,"label_property":[{"property_name":"class","property_value":""},{"property_name":"for","property_value":"transaction_id"},{"property_name":"class","property_value":"w3-text-teal"}],"property":{"html":[{"property_name":"id","property_value":"transaction_id"},{"type":"text"}]},"value":{"table_name":"","value_column":"","label_column":""},"acl_op":[],"active":true},{"label":"Transaction_date","column_name":"transaction_date","html_element":"input","validation_message":"","js_event":[],"js_op":[],"php_op":[],"js_component":[],"sort_order":11,"label_property":[{"property_name":"class","property_value":""},{"property_name":"for","property_value":"transaction_date"},{"property_name":"class","property_value":"w3-text-teal"}],"property":{"html":[{"property_name":"id","property_value":"transaction_date"},{"type":"datetime-local"}]},"value":{"table_name":"","value_column":"","label_column":""},"acl_op":[],"active":true},{"label":"Created_on","column_name":"created_on","html_element":"input","validation_message":"","js_event":[],"js_op":[],"php_op":[],"js_component":[],"sort_order":12,"label_property":[{"property_name":"class","property_value":""},{"property_name":"for","property_value":"created_on"},{"property_name":"class","property_value":"w3-text-teal"}],"property":{"html":[{"property_name":"id","property_value":"created_on"},{"type":"datetime-local"}]},"value":{"table_name":"","value_column":"","label_column":""},"acl_op":[],"active":true},{"label":"Updated_on","column_name":"updated_on","html_element":"input","validation_message":"","js_event":[],"js_op":[],"php_op":[],"js_component":[],"sort_order":13,"label_property":[{"property_name":"class","property_value":""},{"property_name":"for","property_value":"updated_on"},{"property_name":"class","property_value":"w3-text-teal"}],"property":{"html":[{"property_name":"id","property_value":"updated_on"},{"type":"datetime-local"}]},"value":{"table_name":"","value_column":"","label_column":""},"acl_op":[],"active":true}],"acl_op":[],"primary_column":"ct_payment_id","db_name":"coders_tribe","form_parent":false}},"filter":{"default":{"component":{},"filter_property":[],"grid_row_class":[{"property_name":"class","property_value":"w3-row w3-margin-bottom"}],"grid_column_class":[{"property_name":"class","property_value":"w3-col w3-mobile s12 m4 l4 w3-padding-small"}],"filter_element":[{"label":"Ct_payment_id","column_name":"ct_payment_id","column_size":"11","html_element":"input","validation_message":"","js_event":[],"js_op":[],"php_op":[],"js_component":"","sort_order":0,"label_property":[{"property_name":"class","property_value":""},{"property_name":"for","property_value":"ct_payment_id"}],"property":{"html":[{"property_name":"id","property_value":"ct_payment_id"},{"type":"number"}]},"value":{"table_name":"","value_column":"","label_column":""},"acl_op":[],"active":true},{"label":"Ct_batch_id","column_name":"ct_batch_id","column_size":"11","html_element":"select","validation_message":"","js_event":[],"js_op":[],"php_op":[],"js_component":"","sort_order":2,"label_property":[{"property_name":"class","property_value":""},{"property_name":"for","property_value":"ct_batch_id"}],"property":{"html":[{"property_name":"id","property_value":"ct_batch_id"}]},"value":{"table_name":"ct_batch","value_column":"ct_batch_id","label_column":"batch_name"},"acl_op":[],"active":true},{"label":"Payment","column_name":"payment","column_size":"11","html_element":"input","validation_message":"","js_event":[],"js_op":[],"php_op":[],"js_component":"","sort_order":3,"label_property":[{"property_name":"class","property_value":""},{"property_name":"for","property_value":"payment"}],"property":{"html":[{"property_name":"id","property_value":"payment"},{"type":"number"}]},"value":{"table_name":"","value_column":"","label_column":""},"acl_op":[],"active":true},{"label":"Check_number","column_name":"check_number","column_size":"50","html_element":"input","validation_message":"","js_event":[],"js_op":[],"php_op":[],"js_component":"","sort_order":4,"label_property":[{"property_name":"class","property_value":""},{"property_name":"for","property_value":"check_number"}],"property":{"html":[{"property_name":"id","property_value":"check_number"},{"type":"text"}]},"value":{"table_name":"","value_column":"","label_column":""},"acl_op":[],"active":true},{"label":"Account_holder_name","column_name":"account_holder_name","column_size":"100","html_element":"textarea","validation_message":"","js_event":[],"js_op":[],"php_op":[],"js_component":"","sort_order":5,"label_property":[{"property_name":"class","property_value":""},{"property_name":"for","property_value":"account_holder_name"}],"property":{"html":[{"property_name":"id","property_value":"account_holder_name"}]},"value":{"table_name":"","value_column":"","label_column":""},"acl_op":[],"active":true},{"label":"Account_number","column_name":"account_number","column_size":"100","html_element":"textarea","validation_message":"","js_event":[],"js_op":[],"php_op":[],"js_component":"","sort_order":6,"label_property":[{"property_name":"class","property_value":""},{"property_name":"for","property_value":"account_number"}],"property":{"html":[{"property_name":"id","property_value":"account_number"}]},"value":{"table_name":"","value_column":"","label_column":""},"acl_op":[],"active":true},{"label":"Bank_name","column_name":"bank_name","column_size":"100","html_element":"textarea","validation_message":"","js_event":[],"js_op":[],"php_op":[],"js_component":"","sort_order":7,"label_property":[{"property_name":"class","property_value":""},{"property_name":"for","property_value":"bank_name"}],"property":{"html":[{"property_name":"id","property_value":"bank_name"}]},"value":{"table_name":"","value_column":"","label_column":""},"acl_op":[],"active":true},{"label":"Ifsc_code","column_name":"ifsc_code","column_size":"50","html_element":"input","validation_message":"","js_event":[],"js_op":[],"php_op":[],"js_component":"","sort_order":8,"label_property":[{"property_name":"class","property_value":""},{"property_name":"for","property_value":"ifsc_code"}],"property":{"html":[{"property_name":"id","property_value":"ifsc_code"},{"type":"text"}]},"value":{"table_name":"","value_column":"","label_column":""},"acl_op":[],"active":true},{"label":"Transaction_type","column_name":"transaction_type","column_size":"20","html_element":"input","validation_message":"","js_event":[],"js_op":[],"php_op":[],"js_component":"","sort_order":9,"label_property":[{"property_name":"class","property_value":""},{"property_name":"for","property_value":"transaction_type"}],"property":{"html":[{"property_name":"id","property_value":"transaction_type"},{"type":"text"}]},"value":{"table_name":"","value_column":"","label_column":""},"acl_op":[],"active":true},{"label":"Transaction_id","column_name":"transaction_id","column_size":"50","html_element":"input","validation_message":"","js_event":[],"js_op":[],"php_op":[],"js_component":"","sort_order":10,"label_property":[{"property_name":"class","property_value":""},{"property_name":"for","property_value":"transaction_id"}],"property":{"html":[{"property_name":"id","property_value":"transaction_id"},{"type":"text"}]},"value":{"table_name":"","value_column":"","label_column":""},"acl_op":[],"active":true},{"label":"Transaction_date","column_name":"transaction_date","html_element":"input","validation_message":"","js_event":[],"js_op":[],"php_op":[],"js_component":"","sort_order":11,"label_property":[{"property_name":"class","property_value":""},{"property_name":"for","property_value":"transaction_date"}],"property":{"html":[{"property_name":"id","property_value":"transaction_date"},{"type":"datetime-local"}]},"value":{"table_name":"","value_column":"","label_column":""},"acl_op":[],"active":true},{"label":"Created_on","column_name":"created_on","html_element":"input","validation_message":"","js_event":[],"js_op":[],"php_op":[],"js_component":"","sort_order":12,"label_property":[{"property_name":"class","property_value":""},{"property_name":"for","property_value":"created_on"}],"property":{"html":[{"property_name":"id","property_value":"created_on"},{"type":"datetime-local"}]},"value":{"table_name":"","value_column":"","label_column":""},"acl_op":[],"active":true},{"label":"Updated_on","column_name":"updated_on","html_element":"input","validation_message":"","js_event":[],"js_op":[],"php_op":[],"js_component":"","sort_order":13,"label_property":[{"property_name":"class","property_value":""},{"property_name":"for","property_value":"updated_on"}],"property":{"html":[{"property_name":"id","property_value":"updated_on"},{"type":"datetime-local"}]},"value":{"table_name":"","value_column":"","label_column":""},"acl_op":[],"active":true}],"acl_op":[]}},"table":{"default":{"component":{},"table_property":[{"property_name":"class","property_value":"w3-table-all"},{"property_name":"class","property_value":"w3-light-grey"}],"header_property":[],"row_property":[],"table_element":[{"header":"First Name","value_key":"first_name","property_name":"","property_value":"","sort_order":0},{"header":"Batch Name","value_key":"batch_name","property_name":"","property_value":"","sort_order":1},{"header":"Ct Payment Id","value_key":"ct_payment_id","property_name":"","property_value":"","sort_order":2},{"header":"Ct Student Id","value_key":"ct_student_id","property_name":"","property_value":"","sort_order":3},{"header":"Ct Batch Id","value_key":"ct_batch_id","property_name":"","property_value":"","sort_order":4},{"header":"Payment","value_key":"payment","property_name":"","property_value":"","sort_order":5},{"header":"Check Number","value_key":"check_number","property_name":"","property_value":"","sort_order":6},{"header":"Account Holder Name","value_key":"account_holder_name","property_name":"","property_value":"","sort_order":7},{"header":"Account Number","value_key":"account_number","property_name":"","property_value":"","sort_order":8},{"header":"Bank Name","value_key":"bank_name","property_name":"","property_value":"","sort_order":9},{"header":"Ifsc Code","value_key":"ifsc_code","property_name":"","property_value":"","sort_order":10},{"header":"Transaction Type","value_key":"transaction_type","property_name":"","property_value":"","sort_order":11},{"header":"Transaction Id","value_key":"transaction_id","property_name":"","property_value":"","sort_order":12},{"header":"Transaction Date","value_key":"transaction_date","property_name":"","property_value":"","sort_order":13},{"header":"Created On","value_key":"created_on","property_name":"","property_value":"","sort_order":14},{"header":"Updated On","value_key":"updated_on","property_name":"","property_value":"","sort_order":15}],"element_property":[{"value_key":"first_name","property_name":"","property_value":""},{"value_key":"batch_name","property_name":"","property_value":""},{"value_key":"ct_payment_id","property_name":"","property_value":""},{"value_key":"ct_student_id","property_name":"","property_value":""},{"value_key":"ct_batch_id","property_name":"","property_value":""},{"value_key":"payment","property_name":"","property_value":""},{"value_key":"check_number","property_name":"","property_value":""},{"value_key":"account_holder_name","property_name":"","property_value":""},{"value_key":"account_number","property_name":"","property_value":""},{"value_key":"bank_name","property_name":"","property_value":""},{"value_key":"ifsc_code","property_name":"","property_value":""},{"value_key":"transaction_type","property_name":"","property_value":""},{"value_key":"transaction_id","property_name":"","property_value":""},{"value_key":"transaction_date","property_name":"","property_value":""},{"value_key":"created_on","property_name":"","property_value":""},{"value_key":"updated_on","property_name":"","property_value":""}],"acl_op":[]}},"parent_record":{"default":{"component":{},"grid_row_class":["w3-panel w3-pale-blue w3-leftbar w3-row w3-margin-bottom w3-pale-blue"],"grid_column_class":["w3-col w3-mobile s12 m6 l4 w3-padding-small"],"parent_property":[],"parent_element":[{"header":"Ct Student Id","value_key":"ct_student_id","sort_order":0},{"header":"First Name","value_key":"first_name","sort_order":1},{"header":"Last Name","value_key":"last_name","sort_order":2},{"header":"Student Mobile","value_key":"student_mobile","sort_order":3},{"header":"Parent Mobile","value_key":"parent_mobile","sort_order":4},{"header":"Guardian First Name","value_key":"guardian_first_name","sort_order":5},{"header":"Guardian Last Name","value_key":"guardian_last_name","sort_order":6},{"header":"Relation Type Id","value_key":"relation_type_id","sort_order":7},{"header":"Last Institution","value_key":"last_institution","sort_order":8},{"header":"Institution Place","value_key":"institution_place","sort_order":9},{"header":"Highest Education","value_key":"highest_education","sort_order":10},{"header":"Age","value_key":"age","sort_order":11},{"header":"Gender","value_key":"gender","sort_order":12},{"header":"Address Street Line One","value_key":"address_street_line_one","sort_order":13},{"header":"Address Street Line Two","value_key":"address_street_line_two","sort_order":14},{"header":"City","value_key":"city","sort_order":15},{"header":"Pin","value_key":"pin","sort_order":16}],"element_property":[{"value_key":"ct_student_id","property_name":"","property_value":""},{"value_key":"first_name","property_name":"","property_value":""},{"value_key":"last_name","property_name":"","property_value":""},{"value_key":"student_mobile","property_name":"","property_value":""},{"value_key":"parent_mobile","property_name":"","property_value":""},{"value_key":"guardian_first_name","property_name":"","property_value":""},{"value_key":"guardian_last_name","property_name":"","property_value":""},{"value_key":"relation_type_id","property_name":"","property_value":""},{"value_key":"last_institution","property_name":"","property_value":""},{"value_key":"institution_place","property_name":"","property_value":""},{"value_key":"highest_education","property_name":"","property_value":""},{"value_key":"age","property_name":"","property_value":""},{"value_key":"gender","property_name":"","property_value":""},{"value_key":"address_street_line_one","property_name":"","property_value":""},{"value_key":"address_street_line_two","property_name":"","property_value":""},{"value_key":"city","property_name":"","property_value":""},{"value_key":"pin","property_name":"","property_value":""}],"acl_op":[],"label_property":[{"property_name":"class","property_value":"w3-sans-serif"}],"paragraph_property":[{"property_name":"class","property_value":"w3-serif"}]}},"page_ops":{},"acl_op":{},"pagination":{"container":[{"property_name":"class","property_value":"w3-bar"}],"next_page_op_property":[{"property_name":"class","property_value":"w3-button"}]}}