{"grid_component":{},"file_name":"ct_student_batch","table_name":"ct_student_batch","db_name":"","primary_column":"","form_parent":"","form":{"default":{"component":{},"form_property":[],"grid_row_class":[{"property_name":"class","property_value":"w3-row w3-margin-bottom"}],"grid_column_class":[{"property_name":"class","property_value":"w3-col w3-mobile s12 m4 l4 w3-padding-small"}],"form_element":[{"label":"Ct_student_batch_id","column_name":"ct_student_batch_id","column_size":"11","html_element":"input","validation_message":"","js_event":[],"js_op":[],"php_op":[],"js_component":[],"sort_order":0,"label_property":[{"property_name":"class","property_value":""},{"property_name":"for","property_value":"ct_student_batch_id"},{"property_name":"class","property_value":"w3-text-teal"}],"property":{"html":[{"property_name":"id","property_value":"ct_student_batch_id"},{"type":"hidden"},{"type":"number"}]},"value":{"table_name":"","value_column":"","label_column":""},"acl_op":[],"active":true},{"label":"Ct_student_id","column_name":"ct_student_id","column_size":"11","html_element":"select","validation_message":"","js_event":[],"js_op":[],"php_op":[],"js_component":[],"sort_order":1,"label_property":[{"property_name":"class","property_value":""},{"property_name":"for","property_value":"ct_student_id"},{"property_name":"class","property_value":"w3-text-teal"}],"property":{"html":[{"property_name":"id","property_value":"ct_student_id"},{"property_name":"class","property_value":"w3-select w3-border"}]},"value":{"table_name":"ct_student","value_column":"ct_student_id","label_column":"first_name"},"acl_op":[],"active":true},{"label":"Ct_batch_id","column_name":"ct_batch_id","column_size":"11","html_element":"select","validation_message":"","js_event":[],"js_op":[],"php_op":[],"js_component":[],"sort_order":2,"label_property":[{"property_name":"class","property_value":""},{"property_name":"for","property_value":"ct_batch_id"},{"property_name":"class","property_value":"w3-text-teal"}],"property":{"html":[{"property_name":"id","property_value":"ct_batch_id"},{"property_name":"class","property_value":"w3-select w3-border"}]},"value":{"table_name":"ct_batch","value_column":"ct_batch_id","label_column":"batch_name"},"acl_op":[],"active":true},{"label":"Created_on","column_name":"created_on","column_size":"11","html_element":"input","validation_message":"","js_event":[],"js_op":[],"php_op":[],"js_component":[],"sort_order":3,"label_property":[{"property_name":"class","property_value":""},{"property_name":"for","property_value":"created_on"},{"property_name":"class","property_value":"w3-text-teal"}],"property":{"html":[{"property_name":"id","property_value":"created_on"},{"type":"number"}]},"value":{"table_name":"","value_column":"","label_column":""},"acl_op":[],"active":true},{"label":"Updated_on","column_name":"updated_on","column_size":"11","html_element":"input","validation_message":"","js_event":[],"js_op":[],"php_op":[],"js_component":[],"sort_order":4,"label_property":[{"property_name":"class","property_value":""},{"property_name":"for","property_value":"updated_on"},{"property_name":"class","property_value":"w3-text-teal"}],"property":{"html":[{"property_name":"id","property_value":"updated_on"},{"type":"number"}]},"value":{"table_name":"","value_column":"","label_column":""},"acl_op":[],"active":true}],"acl_op":[],"primary_column":"ct_student_batch_id","db_name":"coders_tribe","form_parent":false}},"filter":{"default":{"component":{},"filter_property":[],"grid_row_class":[{"property_name":"class","property_value":"w3-row w3-margin-bottom"}],"grid_column_class":[{"property_name":"class","property_value":"w3-col w3-mobile s12 m4 l4 w3-padding-small"}],"filter_element":[{"label":"Ct_student_batch_id","column_name":"ct_student_batch_id","column_size":"11","html_element":"input","validation_message":"","js_event":[],"js_op":[],"php_op":[],"js_component":"","sort_order":0,"label_property":[{"property_name":"class","property_value":""},{"property_name":"for","property_value":"ct_student_batch_id"}],"property":{"html":[{"property_name":"id","property_value":"ct_student_batch_id"},{"type":"number"}]},"value":{"table_name":"","value_column":"","label_column":""},"acl_op":[],"active":true},{"label":"Ct_student_id","column_name":"ct_student_id","column_size":"11","html_element":"select","validation_message":"","js_event":[],"js_op":[],"php_op":[],"js_component":"","sort_order":1,"label_property":[{"property_name":"class","property_value":""},{"property_name":"for","property_value":"ct_student_id"}],"property":{"html":[{"property_name":"id","property_value":"ct_student_id"}]},"value":{"table_name":"ct_student","value_column":"ct_student_id","label_column":"first_name"},"acl_op":[],"active":true},{"label":"Ct_batch_id","column_name":"ct_batch_id","column_size":"11","html_element":"select","validation_message":"","js_event":[],"js_op":[],"php_op":[],"js_component":"","sort_order":2,"label_property":[{"property_name":"class","property_value":""},{"property_name":"for","property_value":"ct_batch_id"}],"property":{"html":[{"property_name":"id","property_value":"ct_batch_id"}]},"value":{"table_name":"ct_batch","value_column":"ct_batch_id","label_column":"batch_name"},"acl_op":[],"active":true},{"label":"Created_on","column_name":"created_on","column_size":"11","html_element":"input","validation_message":"","js_event":[],"js_op":[],"php_op":[],"js_component":"","sort_order":3,"label_property":[{"property_name":"class","property_value":""},{"property_name":"for","property_value":"created_on"}],"property":{"html":[{"property_name":"id","property_value":"created_on"},{"type":"number"}]},"value":{"table_name":"","value_column":"","label_column":""},"acl_op":[],"active":true},{"label":"Updated_on","column_name":"updated_on","column_size":"11","html_element":"input","validation_message":"","js_event":[],"js_op":[],"php_op":[],"js_component":"","sort_order":4,"label_property":[{"property_name":"class","property_value":""},{"property_name":"for","property_value":"updated_on"}],"property":{"html":[{"property_name":"id","property_value":"updated_on"},{"type":"number"}]},"value":{"table_name":"","value_column":"","label_column":""},"acl_op":[],"active":true}],"acl_op":[]}},"table":{"default":{"component":{},"table_property":[{"property_name":"class","property_value":"w3-table-all"},{"property_name":"class","property_value":"w3-light-grey"}],"header_property":[],"row_property":[],"table_element":[{"header":"First Name","value_key":"first_name","property_name":"","property_value":"","sort_order":0},{"header":"Batch Name","value_key":"batch_name","property_name":"","property_value":"","sort_order":1},{"header":"Ct Student Batch Id","value_key":"ct_student_batch_id","property_name":"","property_value":"","sort_order":2},{"header":"Ct Student Id","value_key":"ct_student_id","property_name":"","property_value":"","sort_order":3},{"header":"Ct Batch Id","value_key":"ct_batch_id","property_name":"","property_value":"","sort_order":4},{"header":"Created On","value_key":"created_on","property_name":"","property_value":"","sort_order":5},{"header":"Updated On","value_key":"updated_on","property_name":"","property_value":"","sort_order":6}],"element_property":[{"value_key":"first_name","property_name":"","property_value":""},{"value_key":"batch_name","property_name":"","property_value":""},{"value_key":"ct_student_batch_id","property_name":"","property_value":""},{"value_key":"ct_student_id","property_name":"","property_value":""},{"value_key":"ct_batch_id","property_name":"","property_value":""},{"value_key":"created_on","property_name":"","property_value":""},{"value_key":"updated_on","property_name":"","property_value":""}],"acl_op":[]}},"parent_record":{"default":false},"page_ops":{},"acl_op":{},"pagination":{"container":[{"property_name":"class","property_value":"w3-bar"}],"next_page_op_property":[{"property_name":"class","property_value":"w3-button"}]}}