{"grid_component":{},"file_name":"ct_student","table_name":"ct_student","db_name":"","primary_column":"","form_parent":"","form":{"default":{"component":{},"form_property":[],"grid_row_class":[{"property_name":"class","property_value":"w3-row w3-margin-bottom"}],"grid_column_class":[{"property_name":"class","property_value":"w3-col w3-mobile s12 m4 l4 w3-padding-small"}],"form_element":[{"label":"Ct_student_id","column_name":"ct_student_id","column_size":"11","html_element":"input","validation_message":"","js_event":[],"js_op":[],"php_op":[],"js_component":[],"sort_order":0,"label_property":[{"property_name":"class","property_value":""},{"property_name":"for","property_value":"ct_student_id"},{"property_name":"class","property_value":"w3-text-teal"}],"property":{"html":[{"property_name":"id","property_value":"ct_student_id"},{"type":"hidden"},{"type":"number"}]},"value":{"table_name":"","value_column":"","label_column":""},"acl_op":[],"active":true},{"label":"First_name","column_name":"first_name","column_size":"150","html_element":"textarea","validation_message":"","js_event":[],"js_op":[],"php_op":[],"js_component":[],"sort_order":1,"label_property":[{"property_name":"class","property_value":""},{"property_name":"for","property_value":"first_name"},{"property_name":"class","property_value":"w3-text-teal"}],"property":{"html":[{"property_name":"id","property_value":"first_name"}]},"value":{"table_name":"","value_column":"","label_column":""},"acl_op":[],"active":true},{"label":"Last_name","column_name":"last_name","column_size":"150","html_element":"textarea","validation_message":"","js_event":[],"js_op":[],"php_op":[],"js_component":[],"sort_order":2,"label_property":[{"property_name":"class","property_value":""},{"property_name":"for","property_value":"last_name"},{"property_name":"class","property_value":"w3-text-teal"}],"property":{"html":[{"property_name":"id","property_value":"last_name"}]},"value":{"table_name":"","value_column":"","label_column":""},"acl_op":[],"active":true},{"label":"Student_mobile","column_name":"student_mobile","column_size":"12","html_element":"input","validation_message":"","js_event":[],"js_op":[],"php_op":[],"js_component":[],"sort_order":3,"label_property":[{"property_name":"class","property_value":""},{"property_name":"for","property_value":"student_mobile"},{"property_name":"class","property_value":"w3-text-teal"}],"property":{"html":[{"property_name":"id","property_value":"student_mobile"},{"type":"text"}]},"value":{"table_name":"","value_column":"","label_column":""},"acl_op":[],"active":true},{"label":"Parent_mobile","column_name":"parent_mobile","column_size":"12","html_element":"input","validation_message":"","js_event":[],"js_op":[],"php_op":[],"js_component":[],"sort_order":4,"label_property":[{"property_name":"class","property_value":""},{"property_name":"for","property_value":"parent_mobile"},{"property_name":"class","property_value":"w3-text-teal"}],"property":{"html":[{"property_name":"id","property_value":"parent_mobile"},{"type":"text"}]},"value":{"table_name":"","value_column":"","label_column":""},"acl_op":[],"active":true},{"label":"Guardian_first_name","column_name":"guardian_first_name","column_size":"70","html_element":"input","validation_message":"","js_event":[],"js_op":[],"php_op":[],"js_component":[],"sort_order":5,"label_property":[{"property_name":"class","property_value":""},{"property_name":"for","property_value":"guardian_first_name"},{"property_name":"class","property_value":"w3-text-teal"}],"property":{"html":[{"property_name":"id","property_value":"guardian_first_name"},{"type":"text"}]},"value":{"table_name":"","value_column":"","label_column":""},"acl_op":[],"active":true},{"label":"Guardian_last_name","column_name":"guardian_last_name","column_size":"70","html_element":"input","validation_message":"","js_event":[],"js_op":[],"php_op":[],"js_component":[],"sort_order":6,"label_property":[{"property_name":"class","property_value":""},{"property_name":"for","property_value":"guardian_last_name"},{"property_name":"class","property_value":"w3-text-teal"}],"property":{"html":[{"property_name":"id","property_value":"guardian_last_name"},{"type":"text"}]},"value":{"table_name":"","value_column":"","label_column":""},"acl_op":[],"active":true},{"label":"Relation_type_id","column_name":"relation_type_id","column_size":"11","html_element":"input","validation_message":"","js_event":[],"js_op":[],"php_op":[],"js_component":[],"sort_order":7,"label_property":[{"property_name":"class","property_value":""},{"property_name":"for","property_value":"relation_type_id"},{"property_name":"class","property_value":"w3-text-teal"}],"property":{"html":[{"property_name":"id","property_value":"relation_type_id"},{"type":"number"}]},"value":{"table_name":"","value_column":"","label_column":""},"acl_op":[],"active":true},{"label":"Last_institution","column_name":"last_institution","column_size":"150","html_element":"textarea","validation_message":"","js_event":[],"js_op":[],"php_op":[],"js_component":[],"sort_order":8,"label_property":[{"property_name":"class","property_value":""},{"property_name":"for","property_value":"last_institution"},{"property_name":"class","property_value":"w3-text-teal"}],"property":{"html":[{"property_name":"id","property_value":"last_institution"}]},"value":{"table_name":"","value_column":"","label_column":""},"acl_op":[],"active":true},{"label":"Institution_place","column_name":"institution_place","column_size":"30","html_element":"input","validation_message":"","js_event":[],"js_op":[],"php_op":[],"js_component":[],"sort_order":9,"label_property":[{"property_name":"class","property_value":""},{"property_name":"for","property_value":"institution_place"},{"property_name":"class","property_value":"w3-text-teal"}],"property":{"html":[{"property_name":"id","property_value":"institution_place"},{"type":"text"}]},"value":{"table_name":"","value_column":"","label_column":""},"acl_op":[],"active":true},{"label":"Highest_education","column_name":"highest_education","column_size":"100","html_element":"textarea","validation_message":"","js_event":[],"js_op":[],"php_op":[],"js_component":[],"sort_order":10,"label_property":[{"property_name":"class","property_value":""},{"property_name":"for","property_value":"highest_education"},{"property_name":"class","property_value":"w3-text-teal"}],"property":{"html":[{"property_name":"id","property_value":"highest_education"}]},"value":{"table_name":"","value_column":"","label_column":""},"acl_op":[],"active":true},{"label":"Age","column_name":"age","column_size":"2","html_element":"input","validation_message":"","js_event":[],"js_op":[],"php_op":[],"js_component":[],"sort_order":11,"label_property":[{"property_name":"class","property_value":""},{"property_name":"for","property_value":"age"},{"property_name":"class","property_value":"w3-text-teal"}],"property":{"html":[{"property_name":"id","property_value":"age"},{"type":"number"}]},"value":{"table_name":"","value_column":"","label_column":""},"acl_op":[],"active":true},{"label":"Gender","column_name":"gender","column_size":"1","html_element":"input","validation_message":"","js_event":[],"js_op":[],"php_op":[],"js_component":[],"sort_order":12,"label_property":[{"property_name":"class","property_value":""},{"property_name":"for","property_value":"gender"},{"property_name":"class","property_value":"w3-text-teal"}],"property":{"html":[{"property_name":"id","property_value":"gender"},{"type":"text"}]},"value":{"table_name":"","value_column":"","label_column":""},"acl_op":[],"active":true},{"label":"Address_street_line_one","column_name":"address_street_line_one","column_size":"150","html_element":"textarea","validation_message":"","js_event":[],"js_op":[],"php_op":[],"js_component":[],"sort_order":13,"label_property":[{"property_name":"class","property_value":""},{"property_name":"for","property_value":"address_street_line_one"},{"property_name":"class","property_value":"w3-text-teal"}],"property":{"html":[{"property_name":"id","property_value":"address_street_line_one"}]},"value":{"table_name":"","value_column":"","label_column":""},"acl_op":[],"active":true},{"label":"Address_street_line_two","column_name":"address_street_line_two","column_size":"150","html_element":"textarea","validation_message":"","js_event":[],"js_op":[],"php_op":[],"js_component":[],"sort_order":14,"label_property":[{"property_name":"class","property_value":""},{"property_name":"for","property_value":"address_street_line_two"},{"property_name":"class","property_value":"w3-text-teal"}],"property":{"html":[{"property_name":"id","property_value":"address_street_line_two"}]},"value":{"table_name":"","value_column":"","label_column":""},"acl_op":[],"active":true},{"label":"City","column_name":"city","column_size":"30","html_element":"input","validation_message":"","js_event":[],"js_op":[],"php_op":[],"js_component":[],"sort_order":15,"label_property":[{"property_name":"class","property_value":""},{"property_name":"for","property_value":"city"},{"property_name":"class","property_value":"w3-text-teal"}],"property":{"html":[{"property_name":"id","property_value":"city"},{"type":"text"}]},"value":{"table_name":"","value_column":"","label_column":""},"acl_op":[],"active":true},{"label":"Pin","column_name":"pin","column_size":"15","html_element":"input","validation_message":"","js_event":[],"js_op":[],"php_op":[],"js_component":[],"sort_order":16,"label_property":[{"property_name":"class","property_value":""},{"property_name":"for","property_value":"pin"},{"property_name":"class","property_value":"w3-text-teal"}],"property":{"html":[{"property_name":"id","property_value":"pin"},{"type":"text"}]},"value":{"table_name":"","value_column":"","label_column":""},"acl_op":[],"active":true}],"acl_op":[],"primary_column":"ct_student_id","db_name":"coders_tribe","form_parent":false}},"filter":{"default":{"component":{},"filter_property":[],"grid_row_class":[{"property_name":"class","property_value":"w3-row w3-margin-bottom"}],"grid_column_class":[{"property_name":"class","property_value":"w3-col w3-mobile s12 m4 l4 w3-padding-small"}],"filter_element":[{"label":"Ct_student_id","column_name":"ct_student_id","column_size":"11","html_element":"input","validation_message":"","js_event":[],"js_op":[],"php_op":[],"js_component":"","sort_order":0,"label_property":[{"property_name":"class","property_value":""},{"property_name":"for","property_value":"ct_student_id"}],"property":{"html":[{"property_name":"id","property_value":"ct_student_id"},{"type":"number"}]},"value":{"table_name":"","value_column":"","label_column":""},"acl_op":[],"active":true},{"label":"First_name","column_name":"first_name","column_size":"150","html_element":"textarea","validation_message":"","js_event":[],"js_op":[],"php_op":[],"js_component":"","sort_order":1,"label_property":[{"property_name":"class","property_value":""},{"property_name":"for","property_value":"first_name"}],"property":{"html":[{"property_name":"id","property_value":"first_name"}]},"value":{"table_name":"","value_column":"","label_column":""},"acl_op":[],"active":true},{"label":"Last_name","column_name":"last_name","column_size":"150","html_element":"textarea","validation_message":"","js_event":[],"js_op":[],"php_op":[],"js_component":"","sort_order":2,"label_property":[{"property_name":"class","property_value":""},{"property_name":"for","property_value":"last_name"}],"property":{"html":[{"property_name":"id","property_value":"last_name"}]},"value":{"table_name":"","value_column":"","label_column":""},"acl_op":[],"active":true},{"label":"Student_mobile","column_name":"student_mobile","column_size":"12","html_element":"input","validation_message":"","js_event":[],"js_op":[],"php_op":[],"js_component":"","sort_order":3,"label_property":[{"property_name":"class","property_value":""},{"property_name":"for","property_value":"student_mobile"}],"property":{"html":[{"property_name":"id","property_value":"student_mobile"},{"type":"text"}]},"value":{"table_name":"","value_column":"","label_column":""},"acl_op":[],"active":true},{"label":"Parent_mobile","column_name":"parent_mobile","column_size":"12","html_element":"input","validation_message":"","js_event":[],"js_op":[],"php_op":[],"js_component":"","sort_order":4,"label_property":[{"property_name":"class","property_value":""},{"property_name":"for","property_value":"parent_mobile"}],"property":{"html":[{"property_name":"id","property_value":"parent_mobile"},{"type":"text"}]},"value":{"table_name":"","value_column":"","label_column":""},"acl_op":[],"active":true},{"label":"Guardian_first_name","column_name":"guardian_first_name","column_size":"70","html_element":"input","validation_message":"","js_event":[],"js_op":[],"php_op":[],"js_component":"","sort_order":5,"label_property":[{"property_name":"class","property_value":""},{"property_name":"for","property_value":"guardian_first_name"}],"property":{"html":[{"property_name":"id","property_value":"guardian_first_name"},{"type":"text"}]},"value":{"table_name":"","value_column":"","label_column":""},"acl_op":[],"active":true},{"label":"Guardian_last_name","column_name":"guardian_last_name","column_size":"70","html_element":"input","validation_message":"","js_event":[],"js_op":[],"php_op":[],"js_component":"","sort_order":6,"label_property":[{"property_name":"class","property_value":""},{"property_name":"for","property_value":"guardian_last_name"}],"property":{"html":[{"property_name":"id","property_value":"guardian_last_name"},{"type":"text"}]},"value":{"table_name":"","value_column":"","label_column":""},"acl_op":[],"active":true},{"label":"Relation_type_id","column_name":"relation_type_id","column_size":"11","html_element":"input","validation_message":"","js_event":[],"js_op":[],"php_op":[],"js_component":"","sort_order":7,"label_property":[{"property_name":"class","property_value":""},{"property_name":"for","property_value":"relation_type_id"}],"property":{"html":[{"property_name":"id","property_value":"relation_type_id"},{"type":"number"}]},"value":{"table_name":"","value_column":"","label_column":""},"acl_op":[],"active":true},{"label":"Last_institution","column_name":"last_institution","column_size":"150","html_element":"textarea","validation_message":"","js_event":[],"js_op":[],"php_op":[],"js_component":"","sort_order":8,"label_property":[{"property_name":"class","property_value":""},{"property_name":"for","property_value":"last_institution"}],"property":{"html":[{"property_name":"id","property_value":"last_institution"}]},"value":{"table_name":"","value_column":"","label_column":""},"acl_op":[],"active":true},{"label":"Institution_place","column_name":"institution_place","column_size":"30","html_element":"input","validation_message":"","js_event":[],"js_op":[],"php_op":[],"js_component":"","sort_order":9,"label_property":[{"property_name":"class","property_value":""},{"property_name":"for","property_value":"institution_place"}],"property":{"html":[{"property_name":"id","property_value":"institution_place"},{"type":"text"}]},"value":{"table_name":"","value_column":"","label_column":""},"acl_op":[],"active":true},{"label":"Highest_education","column_name":"highest_education","column_size":"100","html_element":"textarea","validation_message":"","js_event":[],"js_op":[],"php_op":[],"js_component":"","sort_order":10,"label_property":[{"property_name":"class","property_value":""},{"property_name":"for","property_value":"highest_education"}],"property":{"html":[{"property_name":"id","property_value":"highest_education"}]},"value":{"table_name":"","value_column":"","label_column":""},"acl_op":[],"active":true},{"label":"Age","column_name":"age","column_size":"2","html_element":"input","validation_message":"","js_event":[],"js_op":[],"php_op":[],"js_component":"","sort_order":11,"label_property":[{"property_name":"class","property_value":""},{"property_name":"for","property_value":"age"}],"property":{"html":[{"property_name":"id","property_value":"age"},{"type":"number"}]},"value":{"table_name":"","value_column":"","label_column":""},"acl_op":[],"active":true},{"label":"Gender","column_name":"gender","column_size":"1","html_element":"input","validation_message":"","js_event":[],"js_op":[],"php_op":[],"js_component":"","sort_order":12,"label_property":[{"property_name":"class","property_value":""},{"property_name":"for","property_value":"gender"}],"property":{"html":[{"property_name":"id","property_value":"gender"},{"type":"text"}]},"value":{"table_name":"","value_column":"","label_column":""},"acl_op":[],"active":true},{"label":"Address_street_line_one","column_name":"address_street_line_one","column_size":"150","html_element":"textarea","validation_message":"","js_event":[],"js_op":[],"php_op":[],"js_component":"","sort_order":13,"label_property":[{"property_name":"class","property_value":""},{"property_name":"for","property_value":"address_street_line_one"}],"property":{"html":[{"property_name":"id","property_value":"address_street_line_one"}]},"value":{"table_name":"","value_column":"","label_column":""},"acl_op":[],"active":true},{"label":"Address_street_line_two","column_name":"address_street_line_two","column_size":"150","html_element":"textarea","validation_message":"","js_event":[],"js_op":[],"php_op":[],"js_component":"","sort_order":14,"label_property":[{"property_name":"class","property_value":""},{"property_name":"for","property_value":"address_street_line_two"}],"property":{"html":[{"property_name":"id","property_value":"address_street_line_two"}]},"value":{"table_name":"","value_column":"","label_column":""},"acl_op":[],"active":true},{"label":"City","column_name":"city","column_size":"30","html_element":"input","validation_message":"","js_event":[],"js_op":[],"php_op":[],"js_component":"","sort_order":15,"label_property":[{"property_name":"class","property_value":""},{"property_name":"for","property_value":"city"}],"property":{"html":[{"property_name":"id","property_value":"city"},{"type":"text"}]},"value":{"table_name":"","value_column":"","label_column":""},"acl_op":[],"active":true},{"label":"Pin","column_name":"pin","column_size":"15","html_element":"input","validation_message":"","js_event":[],"js_op":[],"php_op":[],"js_component":"","sort_order":16,"label_property":[{"property_name":"class","property_value":""},{"property_name":"for","property_value":"pin"}],"property":{"html":[{"property_name":"id","property_value":"pin"},{"type":"text"}]},"value":{"table_name":"","value_column":"","label_column":""},"acl_op":[],"active":true}],"acl_op":[]}},"table":{"default":{"component":{},"table_property":[{"property_name":"class","property_value":"w3-table-all"},{"property_name":"class","property_value":"w3-light-grey"}],"header_property":[],"row_property":[],"table_element":[{"header":"Ct Student Id","value_key":"ct_student_id","property_name":"","property_value":"","sort_order":0},{"header":"First Name","value_key":"first_name","property_name":"","property_value":"","sort_order":1},{"header":"Last Name","value_key":"last_name","property_name":"","property_value":"","sort_order":2},{"header":"Student Mobile","value_key":"student_mobile","property_name":"","property_value":"","sort_order":3},{"header":"Parent Mobile","value_key":"parent_mobile","property_name":"","property_value":"","sort_order":4},{"header":"Guardian First Name","value_key":"guardian_first_name","property_name":"","property_value":"","sort_order":5},{"header":"Guardian Last Name","value_key":"guardian_last_name","property_name":"","property_value":"","sort_order":6},{"header":"Relation Type Id","value_key":"relation_type_id","property_name":"","property_value":"","sort_order":7},{"header":"Last Institution","value_key":"last_institution","property_name":"","property_value":"","sort_order":8},{"header":"Institution Place","value_key":"institution_place","property_name":"","property_value":"","sort_order":9},{"header":"Highest Education","value_key":"highest_education","property_name":"","property_value":"","sort_order":10},{"header":"Age","value_key":"age","property_name":"","property_value":"","sort_order":11},{"header":"Gender","value_key":"gender","property_name":"","property_value":"","sort_order":12},{"header":"Address Street Line One","value_key":"address_street_line_one","property_name":"","property_value":"","sort_order":13},{"header":"Address Street Line Two","value_key":"address_street_line_two","property_name":"","property_value":"","sort_order":14},{"header":"City","value_key":"city","property_name":"","property_value":"","sort_order":15},{"header":"Pin","value_key":"pin","property_name":"","property_value":"","sort_order":16}],"element_property":[{"value_key":"ct_student_id","property_name":"","property_value":""},{"value_key":"first_name","property_name":"","property_value":""},{"value_key":"last_name","property_name":"","property_value":""},{"value_key":"student_mobile","property_name":"","property_value":""},{"value_key":"parent_mobile","property_name":"","property_value":""},{"value_key":"guardian_first_name","property_name":"","property_value":""},{"value_key":"guardian_last_name","property_name":"","property_value":""},{"value_key":"relation_type_id","property_name":"","property_value":""},{"value_key":"last_institution","property_name":"","property_value":""},{"value_key":"institution_place","property_name":"","property_value":""},{"value_key":"highest_education","property_name":"","property_value":""},{"value_key":"age","property_name":"","property_value":""},{"value_key":"gender","property_name":"","property_value":""},{"value_key":"address_street_line_one","property_name":"","property_value":""},{"value_key":"address_street_line_two","property_name":"","property_value":""},{"value_key":"city","property_name":"","property_value":""},{"value_key":"pin","property_name":"","property_value":""}],"acl_op":[]}},"parent_record":{"default":false},"page_ops":{},"acl_op":{},"pagination":{"container":[{"property_name":"class","property_value":"w3-bar"}],"next_page_op_property":[{"property_name":"class","property_value":"w3-button"}]}}