{"grid_component":{},"file_name":"ct_topic","table_name":"ct_topic","db_name":"","primary_column":"","form_parent":"","form":{"default":{"component":{},"form_property":[],"grid_row_class":[{"property_name":"class","property_value":"w3-row w3-margin-bottom"}],"grid_column_class":[{"property_name":"class","property_value":"w3-col w3-mobile s12 m4 l4 w3-padding-small"}],"form_element":[{"label":"Ct_topic_id","column_name":"ct_topic_id","column_size":"11","html_element":"input","validation_message":"","js_event":[],"js_op":[],"php_op":[],"js_component":[],"sort_order":0,"label_property":[{"property_name":"class","property_value":""},{"property_name":"for","property_value":"ct_topic_id"},{"property_name":"class","property_value":"w3-text-teal"}],"property":{"html":[{"property_name":"id","property_value":"ct_topic_id"},{"type":"hidden"},{"type":"number"}]},"value":{"table_name":"","value_column":"","label_column":""},"acl_op":[],"active":true},{"label":"Topic_name","column_name":"topic_name","column_size":"50","html_element":"input","validation_message":"","js_event":[],"js_op":[],"php_op":[],"js_component":[],"sort_order":2,"label_property":[{"property_name":"class","property_value":""},{"property_name":"for","property_value":"topic_name"},{"property_name":"class","property_value":"w3-text-teal"}],"property":{"html":[{"property_name":"id","property_value":"topic_name"},{"type":"text"}]},"value":{"table_name":"","value_column":"","label_column":""},"acl_op":[],"active":true},{"label":"Topic_description","column_name":"topic_description","column_size":"150","html_element":"textarea","validation_message":"","js_event":[],"js_op":[],"php_op":[],"js_component":[],"sort_order":3,"label_property":[{"property_name":"class","property_value":""},{"property_name":"for","property_value":"topic_description"},{"property_name":"class","property_value":"w3-text-teal"}],"property":{"html":[{"property_name":"id","property_value":"topic_description"}]},"value":{"table_name":"","value_column":"","label_column":""},"acl_op":[],"active":true},{"label":"Created_on","column_name":"created_on","html_element":"input","validation_message":"","js_event":[],"js_op":[],"php_op":[],"js_component":[],"sort_order":4,"label_property":[{"property_name":"class","property_value":""},{"property_name":"for","property_value":"created_on"},{"property_name":"class","property_value":"w3-text-teal"}],"property":{"html":[{"property_name":"id","property_value":"created_on"},{"type":"datetime-local"}]},"value":{"table_name":"","value_column":"","label_column":""},"acl_op":[],"active":true},{"label":"Updated_on","column_name":"updated_on","html_element":"input","validation_message":"","js_event":[],"js_op":[],"php_op":[],"js_component":[],"sort_order":5,"label_property":[{"property_name":"class","property_value":""},{"property_name":"for","property_value":"updated_on"},{"property_name":"class","property_value":"w3-text-teal"}],"property":{"html":[{"property_name":"id","property_value":"updated_on"},{"type":"datetime-local"}]},"value":{"table_name":"","value_column":"","label_column":""},"acl_op":[],"active":true},{"label":"Sort_order","column_name":"sort_order","column_size":"2","html_element":"input","validation_message":"","js_event":[],"js_op":[],"php_op":[],"js_component":[],"sort_order":6,"label_property":[{"property_name":"class","property_value":""},{"property_name":"for","property_value":"sort_order"},{"property_name":"class","property_value":"w3-text-teal"}],"property":{"html":[{"property_name":"id","property_value":"sort_order"},{"type":"number"}]},"value":{"table_name":"","value_column":"","label_column":""},"acl_op":[],"active":true},{"label":"Active","column_name":"active","column_size":"1","html_element":"input","validation_message":"","js_event":[],"js_op":[],"php_op":[],"js_component":[],"sort_order":7,"label_property":[{"property_name":"class","property_value":""},{"property_name":"for","property_value":"active"},{"property_name":"class","property_value":"w3-text-teal"}],"property":{"html":[{"property_name":"id","property_value":"active"},{"type":"number"}]},"value":{"table_name":"","value_column":"","label_column":""},"acl_op":[],"active":true}],"acl_op":[],"primary_column":"ct_topic_id","db_name":"coders_tribe","form_parent":false}},"filter":{"default":{"component":{},"filter_property":[],"grid_row_class":[{"property_name":"class","property_value":"w3-row w3-margin-bottom"}],"grid_column_class":[{"property_name":"class","property_value":"w3-col w3-mobile s12 m4 l4 w3-padding-small"}],"filter_element":[{"label":"Ct_topic_id","column_name":"ct_topic_id","column_size":"11","html_element":"input","validation_message":"","js_event":[],"js_op":[],"php_op":[],"js_component":"","sort_order":0,"label_property":[{"property_name":"class","property_value":""},{"property_name":"for","property_value":"ct_topic_id"}],"property":{"html":[{"property_name":"id","property_value":"ct_topic_id"},{"type":"number"}]},"value":{"table_name":"","value_column":"","label_column":""},"acl_op":[],"active":true},{"label":"Topic_name","column_name":"topic_name","column_size":"50","html_element":"input","validation_message":"","js_event":[],"js_op":[],"php_op":[],"js_component":"","sort_order":2,"label_property":[{"property_name":"class","property_value":""},{"property_name":"for","property_value":"topic_name"}],"property":{"html":[{"property_name":"id","property_value":"topic_name"},{"type":"text"}]},"value":{"table_name":"","value_column":"","label_column":""},"acl_op":[],"active":true},{"label":"Topic_description","column_name":"topic_description","column_size":"150","html_element":"textarea","validation_message":"","js_event":[],"js_op":[],"php_op":[],"js_component":"","sort_order":3,"label_property":[{"property_name":"class","property_value":""},{"property_name":"for","property_value":"topic_description"}],"property":{"html":[{"property_name":"id","property_value":"topic_description"}]},"value":{"table_name":"","value_column":"","label_column":""},"acl_op":[],"active":true},{"label":"Created_on","column_name":"created_on","html_element":"input","validation_message":"","js_event":[],"js_op":[],"php_op":[],"js_component":"","sort_order":4,"label_property":[{"property_name":"class","property_value":""},{"property_name":"for","property_value":"created_on"}],"property":{"html":[{"property_name":"id","property_value":"created_on"},{"type":"datetime-local"}]},"value":{"table_name":"","value_column":"","label_column":""},"acl_op":[],"active":true},{"label":"Updated_on","column_name":"updated_on","html_element":"input","validation_message":"","js_event":[],"js_op":[],"php_op":[],"js_component":"","sort_order":5,"label_property":[{"property_name":"class","property_value":""},{"property_name":"for","property_value":"updated_on"}],"property":{"html":[{"property_name":"id","property_value":"updated_on"},{"type":"datetime-local"}]},"value":{"table_name":"","value_column":"","label_column":""},"acl_op":[],"active":true},{"label":"Sort_order","column_name":"sort_order","column_size":"2","html_element":"input","validation_message":"","js_event":[],"js_op":[],"php_op":[],"js_component":"","sort_order":6,"label_property":[{"property_name":"class","property_value":""},{"property_name":"for","property_value":"sort_order"}],"property":{"html":[{"property_name":"id","property_value":"sort_order"},{"type":"number"}]},"value":{"table_name":"","value_column":"","label_column":""},"acl_op":[],"active":true},{"label":"Active","column_name":"active","column_size":"1","html_element":"input","validation_message":"","js_event":[],"js_op":[],"php_op":[],"js_component":"","sort_order":7,"label_property":[{"property_name":"class","property_value":""},{"property_name":"for","property_value":"active"}],"property":{"html":[{"property_name":"id","property_value":"active"},{"type":"number"}]},"value":{"table_name":"","value_column":"","label_column":""},"acl_op":[],"active":true}],"acl_op":[]}},"table":{"default":{"component":{},"table_property":[{"property_name":"class","property_value":"w3-table-all"},{"property_name":"class","property_value":"w3-light-grey"}],"header_property":[],"row_property":[],"table_element":[{"header":"Course Name","value_key":"course_name","property_name":"","property_value":"","sort_order":0},{"header":"Ct Topic Id","value_key":"ct_topic_id","property_name":"","property_value":"","sort_order":1},{"header":"Ct Course Id","value_key":"ct_course_id","property_name":"","property_value":"","sort_order":2},{"header":"Topic Name","value_key":"topic_name","property_name":"","property_value":"","sort_order":3},{"header":"Topic Description","value_key":"topic_description","property_name":"","property_value":"","sort_order":4},{"header":"Created On","value_key":"created_on","property_name":"","property_value":"","sort_order":5},{"header":"Updated On","value_key":"updated_on","property_name":"","property_value":"","sort_order":6},{"header":"Sort Order","value_key":"sort_order","property_name":"","property_value":"","sort_order":7},{"header":"Active","value_key":"active","property_name":"","property_value":"","sort_order":8}],"element_property":[{"value_key":"course_name","property_name":"","property_value":""},{"value_key":"ct_topic_id","property_name":"","property_value":""},{"value_key":"ct_course_id","property_name":"","property_value":""},{"value_key":"topic_name","property_name":"","property_value":""},{"value_key":"topic_description","property_name":"","property_value":""},{"value_key":"created_on","property_name":"","property_value":""},{"value_key":"updated_on","property_name":"","property_value":""},{"value_key":"sort_order","property_name":"","property_value":""},{"value_key":"active","property_name":"","property_value":""}],"acl_op":[]}},"parent_record":{"default":{"component":{},"grid_row_class":["w3-panel w3-pale-blue w3-leftbar w3-row w3-margin-bottom w3-pale-blue"],"grid_column_class":["w3-col w3-mobile s12 m6 l4 w3-padding-small"],"parent_property":[],"parent_element":[{"header":"Ct Course Id","value_key":"ct_course_id","sort_order":0},{"header":"Course Name","value_key":"course_name","sort_order":1},{"header":"Course Description","value_key":"course_description","sort_order":2},{"header":"Sort Order","value_key":"sort_order","sort_order":3},{"header":"Active","value_key":"active","sort_order":4},{"header":"Created On","value_key":"created_on","sort_order":5},{"header":"Updated On","value_key":"updated_on","sort_order":6}],"element_property":[{"value_key":"ct_course_id","property_name":"","property_value":""},{"value_key":"course_name","property_name":"","property_value":""},{"value_key":"course_description","property_name":"","property_value":""},{"value_key":"sort_order","property_name":"","property_value":""},{"value_key":"active","property_name":"","property_value":""},{"value_key":"created_on","property_name":"","property_value":""},{"value_key":"updated_on","property_name":"","property_value":""}],"acl_op":[],"label_property":[{"property_name":"class","property_value":"w3-sans-serif"}],"paragraph_property":[{"property_name":"class","property_value":"w3-serif"}]}},"page_ops":{},"acl_op":{},"pagination":{"container":[{"property_name":"class","property_value":"w3-bar"}],"next_page_op_property":[{"property_name":"class","property_value":"w3-button"}]}}