{"grid_component":{},"file_name":"user","table_name":"user","db_name":"","primary_column":"","form_parent":"","form":{"default":{"component":{},"form_property":[],"grid_row_class":[{"property_name":"class","property_value":"w3-row w3-margin-bottom"}],"grid_column_class":[{"property_name":"class","property_value":"w3-col w3-mobile s12 m4 l4 w3-padding-small"}],"form_element":[{"label":"User_id","column_name":"user_id","column_size":"11","html_element":"input","validation_message":"","js_event":[],"js_op":[],"php_op":[],"js_component":[],"sort_order":0,"label_property":[{"property_name":"class","property_value":""},{"property_name":"for","property_value":"user_id"},{"property_name":"class","property_value":"w3-text-teal"}],"property":{"html":[{"property_name":"id","property_value":"user_id"},{"type":"hidden"},{"type":"number"}]},"value":{"table_name":"","value_column":"","label_column":""},"acl_op":[],"active":true},{"label":"User_name","column_name":"user_name","column_size":"50","html_element":"input","validation_message":"","js_event":[],"js_op":[],"php_op":[],"js_component":[],"sort_order":1,"label_property":[{"property_name":"class","property_value":""},{"property_name":"for","property_value":"user_name"},{"property_name":"class","property_value":"w3-text-teal"}],"property":{"html":[{"property_name":"id","property_value":"user_name"},{"type":"text"}]},"value":{"table_name":"","value_column":"","label_column":""},"acl_op":[],"active":true},{"label":"Password","column_name":"password","column_size":"150","html_element":"textarea","validation_message":"","js_event":[],"js_op":[],"php_op":[],"js_component":[],"sort_order":2,"label_property":[{"property_name":"class","property_value":""},{"property_name":"for","property_value":"password"},{"property_name":"class","property_value":"w3-text-teal"}],"property":{"html":[{"property_name":"id","property_value":"password"}]},"value":{"table_name":"","value_column":"","label_column":""},"acl_op":[],"active":true}],"acl_op":[],"primary_column":"user_id","db_name":"coders_tribe","form_parent":false}},"filter":{"default":{"component":{},"filter_property":[],"grid_row_class":[{"property_name":"class","property_value":"w3-row w3-margin-bottom"}],"grid_column_class":[{"property_name":"class","property_value":"w3-col w3-mobile s12 m4 l4 w3-padding-small"}],"filter_element":[{"label":"User_id","column_name":"user_id","column_size":"11","html_element":"input","validation_message":"","js_event":[],"js_op":[],"php_op":[],"js_component":"","sort_order":0,"label_property":[{"property_name":"class","property_value":""},{"property_name":"for","property_value":"user_id"}],"property":{"html":[{"property_name":"id","property_value":"user_id"},{"type":"number"}]},"value":{"table_name":"","value_column":"","label_column":""},"acl_op":[],"active":true},{"label":"User_name","column_name":"user_name","column_size":"50","html_element":"input","validation_message":"","js_event":[],"js_op":[],"php_op":[],"js_component":"","sort_order":1,"label_property":[{"property_name":"class","property_value":""},{"property_name":"for","property_value":"user_name"}],"property":{"html":[{"property_name":"id","property_value":"user_name"},{"type":"text"}]},"value":{"table_name":"","value_column":"","label_column":""},"acl_op":[],"active":true},{"label":"Password","column_name":"password","column_size":"150","html_element":"textarea","validation_message":"","js_event":[],"js_op":[],"php_op":[],"js_component":"","sort_order":2,"label_property":[{"property_name":"class","property_value":""},{"property_name":"for","property_value":"password"}],"property":{"html":[{"property_name":"id","property_value":"password"}]},"value":{"table_name":"","value_column":"","label_column":""},"acl_op":[],"active":true}],"acl_op":[]}},"table":{"default":{"component":{},"table_property":[{"property_name":"class","property_value":"w3-table-all"},{"property_name":"class","property_value":"w3-light-grey"}],"header_property":[],"row_property":[],"table_element":[{"header":"User Id","value_key":"user_id","property_name":"","property_value":"","sort_order":0},{"header":"User Name","value_key":"user_name","property_name":"","property_value":"","sort_order":1},{"header":"Password","value_key":"password","property_name":"","property_value":"","sort_order":2}],"element_property":[{"value_key":"user_id","property_name":"","property_value":""},{"value_key":"user_name","property_name":"","property_value":""},{"value_key":"password","property_name":"","property_value":""}],"acl_op":[]}},"parent_record":{"default":false},"page_ops":{},"acl_op":{},"pagination":{"container":[{"property_name":"class","property_value":"w3-bar"}],"next_page_op_property":[{"property_name":"class","property_value":"w3-button"}]}}