{"entity_type":"sql_table","folder_name":"coders_tribe/scaffold","file_name":"coders_tribe_ct_payment","extension":".json","table_type":"","app_name":"coders_tribe","db":"coders_tribe","table_name":"ct_payment","ops":[{"op_name":"","params":{}}],"table_columns":[{"column_type":"int","column_size":"11","column_key":"PRI","column_name":"ct_payment_id","table_name":"ct_payment","column_label":"Ct Payment Id","db":"coders_tribe","column_comment":"sub_form-ct_student;"},{"column_type":"int","column_size":"11","column_key":"","column_name":"ct_student_id","table_name":"ct_payment","column_label":"Ct Student Id","db":"coders_tribe","column_comment":""},{"column_type":"int","column_size":"11","column_key":"","column_name":"ct_batch_id","table_name":"ct_payment","column_label":"Ct Batch Id","db":"coders_tribe","column_comment":""},{"column_type":"int","column_size":"11","column_key":"","column_name":"payment","table_name":"ct_payment","column_label":"Payment","db":"coders_tribe","column_comment":""},{"column_type":"varchar","column_size":"50","column_key":"","column_name":"check_number","table_name":"ct_payment","column_label":"Check Number","db":"coders_tribe","column_comment":""},{"column_type":"varchar","column_size":"100","column_key":"","column_name":"account_holder_name","table_name":"ct_payment","column_label":"Account Holder Name","db":"coders_tribe","column_comment":""},{"column_type":"varchar","column_size":"100","column_key":"","column_name":"account_number","table_name":"ct_payment","column_label":"Account Number","db":"coders_tribe","column_comment":""},{"column_type":"varchar","column_size":"100","column_key":"","column_name":"bank_name","table_name":"ct_payment","column_label":"Bank Name","db":"coders_tribe","column_comment":""},{"column_type":"varchar","column_size":"50","column_key":"","column_name":"ifsc_code","table_name":"ct_payment","column_label":"Ifsc Code","db":"coders_tribe","column_comment":""},{"column_type":"varchar","column_size":"20","column_key":"","column_name":"transaction_type","table_name":"ct_payment","column_label":"Transaction Type","db":"coders_tribe","column_comment":""},{"column_type":"varchar","column_size":"50","column_key":"","column_name":"transaction_id","table_name":"ct_payment","column_label":"Transaction Id","db":"coders_tribe","column_comment":""},{"column_type":"datetime","column_key":"","column_name":"transaction_date","table_name":"ct_payment","column_label":"Transaction Date","db":"coders_tribe","column_comment":""},{"column_type":"datetime","column_key":"","column_name":"created_on","table_name":"ct_payment","column_label":"Created On","db":"coders_tribe","column_comment":""},{"column_type":"datetime","column_key":"","column_name":"updated_on","table_name":"ct_payment","column_label":"Updated On","db":"coders_tribe","column_comment":""}],"labels":[{"column_type":"varchar","column_size":"50","column_key":"","column_name":"check_number","table_name":"ct_payment","column_label":"Check Number","db":"coders_tribe","column_comment":""},{"column_type":"varchar","column_size":"100","column_key":"","column_name":"account_holder_name","table_name":"ct_payment","column_label":"Account Holder Name","db":"coders_tribe","column_comment":""},{"column_type":"varchar","column_size":"100","column_key":"","column_name":"account_number","table_name":"ct_payment","column_label":"Account Number","db":"coders_tribe","column_comment":""},{"column_type":"varchar","column_size":"100","column_key":"","column_name":"bank_name","table_name":"ct_payment","column_label":"Bank Name","db":"coders_tribe","column_comment":""},{"column_type":"varchar","column_size":"50","column_key":"","column_name":"ifsc_code","table_name":"ct_payment","column_label":"Ifsc Code","db":"coders_tribe","column_comment":""},{"column_type":"varchar","column_size":"20","column_key":"","column_name":"transaction_type","table_name":"ct_payment","column_label":"Transaction Type","db":"coders_tribe","column_comment":""},{"column_type":"varchar","column_size":"50","column_key":"","column_name":"transaction_id","table_name":"ct_payment","column_label":"Transaction Id","db":"coders_tribe","column_comment":""}],"relation":[{"column_type":"int","column_size":"11","column_key":"PRI","column_name":"ct_student_id","table_name":"ct_student","column_label":"Ct Student Id","db":"coders_tribe","column_comment":"","relation_type":"masters","active":true},{"column_type":"int","column_size":"11","column_key":"PRI","column_name":"ct_batch_id","table_name":"ct_batch","column_label":"Ct Batch Id","db":"coders_tribe","column_comment":"table_type-link_master;sub_form-ct_course","relation_type":"masters","active":true},{"column_type":"int","column_size":"11","column_key":"PRI","column_name":"ct_course_id","table_name":"ct_course","column_label":"Ct Course Id","db":"coders_tribe","column_comment":"","relation_type":"branching_masters","active":true,"branch_on":"ct_batch"}]}