{"entity_type":"sql_table","folder_name":"coders_tribe/scaffold","file_name":"coders_tribe_ct_student_batch","extension":".json","table_type":"link_table","app_name":"coders_tribe","db":"coders_tribe","table_name":"ct_student_batch","ops":[{"op_name":"","params":{}}],"table_columns":[{"column_type":"int","column_size":"11","column_key":"PRI","column_name":"ct_student_batch_id","table_name":"ct_student_batch","column_label":"Ct Student Batch Id","db":"coders_tribe","column_comment":"table_type-link_table;"},{"column_type":"int","column_size":"11","column_key":"","column_name":"ct_student_id","table_name":"ct_student_batch","column_label":"Ct Student Id","db":"coders_tribe","column_comment":""},{"column_type":"int","column_size":"11","column_key":"","column_name":"ct_batch_id","table_name":"ct_student_batch","column_label":"Ct Batch Id","db":"coders_tribe","column_comment":"column_type-link_master"},{"column_type":"int","column_size":"11","column_key":"","column_name":"created_on","table_name":"ct_student_batch","column_label":"Created On","db":"coders_tribe","column_comment":""},{"column_type":"int","column_size":"11","column_key":"","column_name":"updated_on","table_name":"ct_student_batch","column_label":"Updated On","db":"coders_tribe","column_comment":""}],"labels":[],"relation":[{"column_type":"int","column_size":"11","column_key":"PRI","column_name":"ct_student_id","table_name":"ct_student","column_label":"Ct Student Id","db":"coders_tribe","column_comment":"","relation_type":"masters","active":true},{"column_type":"int","column_size":"11","column_key":"PRI","column_name":"ct_batch_id","table_name":"ct_batch","column_label":"Ct Batch Id","db":"coders_tribe","column_comment":"table_type-link_master;sub_form-ct_course","relation_type":"masters","active":true},{"column_type":"int","column_size":"11","column_key":"PRI","column_name":"ct_course_id","table_name":"ct_course","column_label":"Ct Course Id","db":"coders_tribe","column_comment":"","relation_type":"branching_masters","active":true,"branch_on":"ct_batch"}]}