{"entity_type":"sql_table","folder_name":"coders_tribe/scaffold","file_name":"coders_tribe_ct_course","extension":".json","table_type":"","app_name":"coders_tribe","db":"coders_tribe","table_name":"ct_course","ops":[{"op_name":"","params":{}}],"table_columns":[{"column_type":"int","column_size":"11","column_key":"PRI","column_name":"ct_course_id","table_name":"ct_course","column_label":"Ct Course Id","db":"coders_tribe","column_comment":""},{"column_type":"varchar","column_size":"50","column_key":"UNI","column_name":"course_name","table_name":"ct_course","column_label":"Course Name","db":"coders_tribe","column_comment":"column_type-label_column;"},{"column_type":"varchar","column_size":"300","column_key":"","column_name":"course_description","table_name":"ct_course","column_label":"Course Description","db":"coders_tribe","column_comment":""},{"column_type":"int","column_size":"2","column_key":"","column_name":"sort_order","table_name":"ct_course","column_label":"Sort Order","db":"coders_tribe","column_comment":""},{"column_type":"tinyint","column_size":"1","column_key":"","column_name":"active","table_name":"ct_course","column_label":"Active","db":"coders_tribe","column_comment":""},{"column_type":"datetime","column_key":"","column_name":"created_on","table_name":"ct_course","column_label":"Created On","db":"coders_tribe","column_comment":""},{"column_type":"datetime","column_key":"","column_name":"updated_on","table_name":"ct_course","column_label":"Updated On","db":"coders_tribe","column_comment":""}],"labels":[{"column_type":"varchar","column_size":"50","column_key":"UNI","column_name":"course_name","table_name":"ct_course","column_label":"Course Name","db":"coders_tribe","column_comment":"column_type-label_column;"},{"column_type":"varchar","column_size":"300","column_key":"","column_name":"course_description","table_name":"ct_course","column_label":"Course Description","db":"coders_tribe","column_comment":""}],"relation":[{"column_type":"int","column_size":"11","column_key":"","column_name":"ct_course_id","table_name":"ct_batch","column_label":"Ct Course Id","db":"coders_tribe","column_comment":"","relation_type":"derived","active":true},{"column_type":"int","column_size":"11","column_key":"","column_name":"ct_course_id","table_name":"ct_couse_use","column_label":"Ct Course Id","db":"coders_tribe","column_comment":"","relation_type":"derived","active":true},{"column_type":"int","column_size":"11","column_key":"","column_name":"ct_course_id","table_name":"ct_topic","column_label":"Ct Course Id","db":"coders_tribe","column_comment":"","relation_type":"derived","active":true}]}