{"entity_type":"sql_table","folder_name":"coders_tribe/scaffold","file_name":"coders_tribe_ci_sessions","extension":".json","table_type":"","app_name":"coders_tribe","db":"coders_tribe","table_name":"ci_sessions","ops":[{"op_name":"","params":{}}],"table_columns":[{"column_type":"int","column_size":"11","column_key":"PRI","column_name":"session_ic","table_name":"ci_sessions","column_label":"Session Ic","db":"coders_tribe","column_comment":"table_type-programmer_table;"},{"column_type":"varchar","column_size":"128","column_key":"","column_name":"id","table_name":"ci_sessions","column_label":"Id","db":"coders_tribe","column_comment":"programmer_table"},{"column_type":"varchar","column_size":"45","column_key":"","column_name":"ip_address","table_name":"ci_sessions","column_label":"Ip Address","db":"coders_tribe","column_comment":""},{"column_type":"int","column_size":"10","column_key":"MUL","column_name":"timestamp","table_name":"ci_sessions","column_label":"Timestamp","db":"coders_tribe","column_comment":""},{"column_type":"blob","column_key":"","column_name":"data","table_name":"ci_sessions","column_label":"Data","db":"coders_tribe","column_comment":""}],"labels":[{"column_type":"varchar","column_size":"128","column_key":"","column_name":"id","table_name":"ci_sessions","column_label":"Id","db":"coders_tribe","column_comment":"programmer_table"},{"column_type":"varchar","column_size":"45","column_key":"","column_name":"ip_address","table_name":"ci_sessions","column_label":"Ip Address","db":"coders_tribe","column_comment":""}],"relation":[]}