{
  "entity_type": "sql_table",
  "folder_name": "coders_tribe/scaffold",
  "file_name": "coders_tribe_ct_batch",
  "extension": ".json",
  "table_type": "",
  "app_name": "coders_tribe",
  "db": "coders_tribe",
  "table_name": "ct_batch",
  "ops": [
    {
      "op_name": "",
      "params": {}
    }
  ],
  "table_columns": [
    {
      "column_type": "int",
      "column_size": "11",
      "column_key": "PRI",
      "column_name": "ct_batch_id",
      "table_name": "ct_batch",
      "column_label": "Ct Batch Id",
      "db": "coders_tribe",
      "column_comment": "table_type-link_master;sub_form-ct_course"
    },
    {
      "column_type": "int",
      "column_size": "11",
      "column_key": "",
      "column_name": "ct_course_id",
      "table_name": "ct_batch",
      "column_label": "Ct Course Id",
      "db": "coders_tribe",
      "column_comment": ""
    },
    {
      "column_type": "varchar",
      "column_size": "50",
      "column_key": "",
      "column_name": "batch_name",
      "table_name": "ct_batch",
      "column_label": "Batch Name",
      "db": "coders_tribe",
      "column_comment": "column_type-label_column;"
    },
    {
      "column_type": "varchar",
      "column_size": "2",
      "column_key": "",
      "column_name": "batch_fee",
      "table_name": "ct_batch",
      "column_label": "Batch Fee",
      "db": "coders_tribe",
      "column_comment": ""
    },
    {
      "column_type": "date",
      "column_key": "",
      "column_name": "batch_start",
      "table_name": "ct_batch",
      "column_label": "Batch Start",
      "db": "coders_tribe",
      "column_comment": ""
    },
    {
      "column_type": "date",
      "column_key": "",
      "column_name": "batch_end",
      "table_name": "ct_batch",
      "column_label": "Batch End",
      "db": "coders_tribe",
      "column_comment": ""
    },
    {
      "column_type": "time",
      "column_key": "",
      "column_name": "session_start_time",
      "table_name": "ct_batch",
      "column_label": "Session Start Time",
      "db": "coders_tribe",
      "column_comment": ""
    },
    {
      "column_type": "time",
      "column_key": "",
      "column_name": "session_end_time",
      "table_name": "ct_batch",
      "column_label": "Session End Time",
      "db": "coders_tribe",
      "column_comment": ""
    },
    {
      "column_type": "int",
      "column_size": "2",
      "column_key": "",
      "column_name": "sort_order",
      "table_name": "ct_batch",
      "column_label": "Sort Order",
      "db": "coders_tribe",
      "column_comment": ""
    },
    {
      "column_type": "datetime",
      "column_key": "",
      "column_name": "created_on",
      "table_name": "ct_batch",
      "column_label": "Created On",
      "db": "coders_tribe",
      "column_comment": ""
    },
    {
      "column_type": "datetime",
      "column_key": "",
      "column_name": "updated_on",
      "table_name": "ct_batch",
      "column_label": "Updated On",
      "db": "coders_tribe",
      "column_comment": ""
    },
    {
      "column_type": "varchar",
      "column_size": "21",
      "column_key": "",
      "column_name": "session_days",
      "table_name": "ct_batch",
      "column_label": "Session Days",
      "db": "coders_tribe",
      "column_comment": "Comma Separated List of days in a week"
    },
    {
      "column_type": "tinyint",
      "column_size": "1",
      "column_key": "",
      "column_name": "active",
      "table_name": "ct_batch",
      "column_label": "Active",
      "db": "coders_tribe",
      "column_comment": ""
    }
  ],
  "labels": [
    {
      "column_type": "varchar",
      "column_size": "50",
      "column_key": "",
      "column_name": "batch_name",
      "table_name": "ct_batch",
      "column_label": "Batch Name",
      "db": "coders_tribe",
      "column_comment": "column_type-label_column;"
    },
    {
      "column_type": "varchar",
      "column_size": "2",
      "column_key": "",
      "column_name": "batch_fee",
      "table_name": "ct_batch",
      "column_label": "Batch Fee",
      "db": "coders_tribe",
      "column_comment": ""
    },
    {
      "column_type": "varchar",
      "column_size": "21",
      "column_key": "",
      "column_name": "session_days",
      "table_name": "ct_batch",
      "column_label": "Session Days",
      "db": "coders_tribe",
      "column_comment": "Comma Separated List of days in a week"
    }
  ],
  "relation": [
    {
      "column_type": "int",
      "column_size": "11",
      "column_key": "PRI",
      "column_name": "ct_course_id",
      "table_name": "ct_course",
      "column_label": "Ct Course Id",
      "db": "coders_tribe",
      "column_comment": "",
      "relation_type": "masters",
      "active": true
    },
    {
      "column_type": "int",
      "column_size": "11",
      "column_key": "",
      "column_name": "ct_batch_id",
      "table_name": "ct_payment",
      "column_label": "Ct Batch Id",
      "db": "coders_tribe",
      "column_comment": "",
      "relation_type": "derived",
      "active": true
    },
    {
      "column_type": "int",
      "column_size": "11",
      "column_key": "",
      "column_name": "ct_batch_id",
      "table_name": "ct_student_batch",
      "column_label": "Ct Batch Id",
      "db": "coders_tribe",
      "column_comment": "column_type-link_master",
      "relation_type": "derived",
      "active": true
    },
    {
      "column_type": "int",
      "column_size": "11",
      "column_key": "PRI",
      "column_name": "ct_student_id",
      "table_name": "ct_student",
      "column_label": "Ct Student Id",
      "db": "coders_tribe",
      "column_comment": "",
      "relation_type": "branching_masters",
      "active": true,
      "branch_on": "ct_payment"
    },
    {
      "column_type": "int",
      "column_size": "11",
      "column_key": "PRI",
      "column_name": "ct_student_id",
      "table_name": "ct_student",
      "column_label": "Ct Student Id",
      "db": "coders_tribe",
      "column_comment": "",
      "relation_type": "branching_masters",
      "active": true,
      "branch_on": "ct_student_batch"
    }
  ]
}