{"entity_type":"sql_table","folder_name":"coders_tribe/scaffold","file_name":"coders_tribe_user","extension":".json","table_type":"","app_name":"coders_tribe","db":"coders_tribe","table_name":"user","ops":[{"op_name":"","params":{}}],"table_columns":[{"column_type":"int","column_size":"11","column_key":"PRI","column_name":"user_id","table_name":"user","column_label":"User Id","db":"coders_tribe","column_comment":"table_type-acl_table;"},{"column_type":"varchar","column_size":"50","column_key":"","column_name":"user_name","table_name":"user","column_label":"User Name","db":"coders_tribe","column_comment":"column_type-label_column"},{"column_type":"varchar","column_size":"150","column_key":"","column_name":"password","table_name":"user","column_label":"Password","db":"coders_tribe","column_comment":""}],"labels":[{"column_type":"varchar","column_size":"50","column_key":"","column_name":"user_name","table_name":"user","column_label":"User Name","db":"coders_tribe","column_comment":"column_type-label_column"},{"column_type":"varchar","column_size":"150","column_key":"","column_name":"password","table_name":"user","column_label":"Password","db":"coders_tribe","column_comment":""}],"relation":[]}