{
  "entity_type": "sql_table",
  "folder_name": "coders_tribe/scaffold",
  "file_name": "coders_tribe_ct_student",
  "extension": ".json",
  "table_type": "",
  "app_name": "coders_tribe",
  "db": "coders_tribe",
  "table_name": "ct_student",
  "ops": [
    {
      "op_name": "",
      "params": {}
    }
  ],
  "table_columns": [
    {
      "column_type": "int",
      "column_size": "11",
      "column_key": "PRI",
      "column_name": "ct_student_id",
      "table_name": "ct_student",
      "column_label": "Ct Student Id",
      "db": "coders_tribe",
      "column_comment": ""
    },
    {
      "column_type": "varchar",
      "column_size": "150",
      "column_key": "",
      "column_name": "first_name",
      "table_name": "ct_student",
      "column_label": "First Name",
      "db": "coders_tribe",
      "column_comment": "column_type-label_column;"
    },
    {
      "column_type": "varchar",
      "column_size": "150",
      "column_key": "",
      "column_name": "last_name",
      "table_name": "ct_student",
      "column_label": "Last Name",
      "db": "coders_tribe",
      "column_comment": "column_type-label_column;"
    },
    {
      "column_type": "varchar",
      "column_size": "12",
      "column_key": "",
      "column_name": "student_mobile",
      "table_name": "ct_student",
      "column_label": "Student Mobile",
      "db": "coders_tribe",
      "column_comment": ""
    },
    {
      "column_type": "varchar",
      "column_size": "12",
      "column_key": "",
      "column_name": "parent_mobile",
      "table_name": "ct_student",
      "column_label": "Parent Mobile",
      "db": "coders_tribe",
      "column_comment": ""
    },
    {
      "column_type": "varchar",
      "column_size": "70",
      "column_key": "",
      "column_name": "guardian_first_name",
      "table_name": "ct_student",
      "column_label": "Guardian First Name",
      "db": "coders_tribe",
      "column_comment": ""
    },
    {
      "column_type": "varchar",
      "column_size": "70",
      "column_key": "",
      "column_name": "guardian_last_name",
      "table_name": "ct_student",
      "column_label": "Guardian Last Name",
      "db": "coders_tribe",
      "column_comment": ""
    },
    {
      "column_type": "int",
      "column_size": "11",
      "column_key": "",
      "column_name": "relation_type_id",
      "table_name": "ct_student",
      "column_label": "Relation Type Id",
      "db": "coders_tribe",
      "column_comment": ""
    },
    {
      "column_type": "varchar",
      "column_size": "150",
      "column_key": "",
      "column_name": "last_institution",
      "table_name": "ct_student",
      "column_label": "Last Institution",
      "db": "coders_tribe",
      "column_comment": ""
    },
    {
      "column_type": "varchar",
      "column_size": "30",
      "column_key": "",
      "column_name": "institution_place",
      "table_name": "ct_student",
      "column_label": "Institution Place",
      "db": "coders_tribe",
      "column_comment": ""
    },
    {
      "column_type": "varchar",
      "column_size": "100",
      "column_key": "",
      "column_name": "highest_education",
      "table_name": "ct_student",
      "column_label": "Highest Education",
      "db": "coders_tribe",
      "column_comment": ""
    },
    {
      "column_type": "int",
      "column_size": "2",
      "column_key": "",
      "column_name": "age",
      "table_name": "ct_student",
      "column_label": "Age",
      "db": "coders_tribe",
      "column_comment": ""
    },
    {
      "column_type": "varchar",
      "column_size": "1",
      "column_key": "",
      "column_name": "gender",
      "table_name": "ct_student",
      "column_label": "Gender",
      "db": "coders_tribe",
      "column_comment": ""
    },
    {
      "column_type": "varchar",
      "column_size": "150",
      "column_key": "",
      "column_name": "address_street_line_one",
      "table_name": "ct_student",
      "column_label": "Address Street Line One",
      "db": "coders_tribe",
      "column_comment": ""
    },
    {
      "column_type": "varchar",
      "column_size": "150",
      "column_key": "",
      "column_name": "address_street_line_two",
      "table_name": "ct_student",
      "column_label": "Address Street Line Two",
      "db": "coders_tribe",
      "column_comment": ""
    },
    {
      "column_type": "varchar",
      "column_size": "30",
      "column_key": "",
      "column_name": "city",
      "table_name": "ct_student",
      "column_label": "City",
      "db": "coders_tribe",
      "column_comment": ""
    },
    {
      "column_type": "varchar",
      "column_size": "15",
      "column_key": "",
      "column_name": "pin",
      "table_name": "ct_student",
      "column_label": "Pin",
      "db": "coders_tribe",
      "column_comment": ""
    }
  ],
  "labels": [
    {
      "column_type": "varchar",
      "column_size": "150",
      "column_key": "",
      "column_name": "first_name",
      "table_name": "ct_student",
      "column_label": "First Name",
      "db": "coders_tribe",
      "column_comment": "column_type-label_column;"
    },
    {
      "column_type": "varchar",
      "column_size": "150",
      "column_key": "",
      "column_name": "last_name",
      "table_name": "ct_student",
      "column_label": "Last Name",
      "db": "coders_tribe",
      "column_comment": "column_type-label_column;"
    },
    {
      "column_type": "varchar",
      "column_size": "12",
      "column_key": "",
      "column_name": "student_mobile",
      "table_name": "ct_student",
      "column_label": "Student Mobile",
      "db": "coders_tribe",
      "column_comment": ""
    },
    {
      "column_type": "varchar",
      "column_size": "12",
      "column_key": "",
      "column_name": "parent_mobile",
      "table_name": "ct_student",
      "column_label": "Parent Mobile",
      "db": "coders_tribe",
      "column_comment": ""
    },
    {
      "column_type": "varchar",
      "column_size": "70",
      "column_key": "",
      "column_name": "guardian_first_name",
      "table_name": "ct_student",
      "column_label": "Guardian First Name",
      "db": "coders_tribe",
      "column_comment": ""
    },
    {
      "column_type": "varchar",
      "column_size": "70",
      "column_key": "",
      "column_name": "guardian_last_name",
      "table_name": "ct_student",
      "column_label": "Guardian Last Name",
      "db": "coders_tribe",
      "column_comment": ""
    },
    {
      "column_type": "varchar",
      "column_size": "150",
      "column_key": "",
      "column_name": "last_institution",
      "table_name": "ct_student",
      "column_label": "Last Institution",
      "db": "coders_tribe",
      "column_comment": ""
    },
    {
      "column_type": "varchar",
      "column_size": "30",
      "column_key": "",
      "column_name": "institution_place",
      "table_name": "ct_student",
      "column_label": "Institution Place",
      "db": "coders_tribe",
      "column_comment": ""
    },
    {
      "column_type": "varchar",
      "column_size": "100",
      "column_key": "",
      "column_name": "highest_education",
      "table_name": "ct_student",
      "column_label": "Highest Education",
      "db": "coders_tribe",
      "column_comment": ""
    },
    {
      "column_type": "varchar",
      "column_size": "1",
      "column_key": "",
      "column_name": "gender",
      "table_name": "ct_student",
      "column_label": "Gender",
      "db": "coders_tribe",
      "column_comment": ""
    },
    {
      "column_type": "varchar",
      "column_size": "150",
      "column_key": "",
      "column_name": "address_street_line_one",
      "table_name": "ct_student",
      "column_label": "Address Street Line One",
      "db": "coders_tribe",
      "column_comment": ""
    },
    {
      "column_type": "varchar",
      "column_size": "150",
      "column_key": "",
      "column_name": "address_street_line_two",
      "table_name": "ct_student",
      "column_label": "Address Street Line Two",
      "db": "coders_tribe",
      "column_comment": ""
    },
    {
      "column_type": "varchar",
      "column_size": "30",
      "column_key": "",
      "column_name": "city",
      "table_name": "ct_student",
      "column_label": "City",
      "db": "coders_tribe",
      "column_comment": ""
    },
    {
      "column_type": "varchar",
      "column_size": "15",
      "column_key": "",
      "column_name": "pin",
      "table_name": "ct_student",
      "column_label": "Pin",
      "db": "coders_tribe",
      "column_comment": ""
    }
  ],
  "relation": [
    {
      "column_type": "int",
      "column_size": "11",
      "column_key": "",
      "column_name": "ct_student_id",
      "table_name": "ct_payment",
      "column_label": "Ct Student Id",
      "db": "coders_tribe",
      "column_comment": "",
      "relation_type": "derived",
      "active": true
    },
    {
      "column_type": "int",
      "column_size": "11",
      "column_key": "",
      "column_name": "ct_student_id",
      "table_name": "ct_student_batch",
      "column_label": "Ct Student Id",
      "db": "coders_tribe",
      "column_comment": "",
      "relation_type": "derived",
      "active": true
    },
    {
      "column_type": "int",
      "column_size": "11",
      "column_key": "PRI",
      "column_name": "ct_batch_id",
      "table_name": "ct_batch",
      "column_label": "Ct Batch Id",
      "db": "coders_tribe",
      "column_comment": "table_type-link_master;sub_form-ct_course",
      "relation_type": "branching_masters",
      "active": true,
      "branch_on": "ct_payment"
    },
    {
      "column_type": "int",
      "column_size": "11",
      "column_key": "PRI",
      "column_name": "ct_batch_id",
      "table_name": "ct_batch",
      "column_label": "Ct Batch Id",
      "db": "coders_tribe",
      "column_comment": "table_type-link_master;sub_form-ct_course",
      "relation_type": "branching_masters",
      "active": true,
      "branch_on": "ct_student_batch"
    }
  ]
}