{"entity_type":"sql_table","folder_name":"coders_tribe/scaffold","file_name":"coders_tribe_captcha","extension":".json","table_type":"","app_name":"coders_tribe","db":"coders_tribe","table_name":"captcha","ops":[{"op_name":"","params":{}}],"table_columns":[{"column_type":"bigint","column_size":"13","column_key":"PRI","column_name":"captcha_id","table_name":"captcha","column_label":"Captcha Id","db":"coders_tribe","column_comment":"table_type-programmer_table"},{"column_type":"int","column_size":"10","column_key":"","column_name":"captcha_time","table_name":"captcha","column_label":"Captcha Time","db":"coders_tribe","column_comment":""},{"column_type":"varchar","column_size":"45","column_key":"","column_name":"ip_address","table_name":"captcha","column_label":"Ip Address","db":"coders_tribe","column_comment":""},{"column_type":"varchar","column_size":"20","column_key":"MUL","column_name":"word","table_name":"captcha","column_label":"Word","db":"coders_tribe","column_comment":""}],"labels":[{"column_type":"varchar","column_size":"45","column_key":"","column_name":"ip_address","table_name":"captcha","column_label":"Ip Address","db":"coders_tribe","column_comment":""},{"column_type":"varchar","column_size":"20","column_key":"MUL","column_name":"word","table_name":"captcha","column_label":"Word","db":"coders_tribe","column_comment":""}],"relation":[]}